kept_index,removed_index,similarity,kept_title,removed_title,kept_text,removed_text
5,1003,1.0,1 killed at Chiefs parade shooting; Russia is developing a space-based nuclear device,Kansas City Chiefs parade shooting; Russian nuclear device : NPR - USA TOPNews.MEDIA,"Good morning. You're reading the Up First newsletter. Subscribe here to get it delivered to your inbox, and listen to the Up First podcast for all the news you need to start your day. Today's top stories A woman was killed, and at least 21 others, ...","Good morning. You’re reading the Up First newsletter. Subscribe here to get it delivered to your inbox, and listen to the Up First podcast for all the news you need to start your day. Today’s top stories A woman was killed, and at least 21 others, ..."
7,848,0.9531,Investigators search for what motivated a shooting that left 1 dead and more than 20 wounded at Chiefs Super Bowl celebration,Investigators search for what motivated a shooting that left 1 dead and more than 20 injured at Chiefs Super Bowl celebration,"Police are investigating a shooting that left one person dead and more than 20 wounded at the end of the Kansas City Chiefs’ Super Bowl victory rally Wednesday, sending fans running for cover as law enforcement swarmed the area, confetti still blowin...","(CNN) — Police are investigating a shooting that left one person dead and more than 20 wounded at the end of the Kansas City Chiefs’ Super Bowl victory rally Wednesday, sending fans running for cover as law enforcement swarmed the area, confetti stil..."
10,1039,0.9524,"An ecstatic Super Bowl rally, upended by the terror of a mass shooting. How is Kansas City faring?","An ecstatic Super Bowl rally, upended by the terror of a mass shooting. How is Kansas City faring?","KANSAS CITY, Mo. (AP) — “Are you feeling good today, Chiefs Kingdom?” Kansas City Mayor Quinton Lucas shouted to a sea of football fans fresh from their town’s third Super Bowl victory in five years. Less than an hour later — with music still blarin...","KANSAS CITY, Mo. — (AP) — “Are you feeling good today, Chiefs Kingdom?” Kansas City Mayor Quinton Lucas shouted to a sea of football fans fresh from their town’s third Super Bowl victory in five years. Less than an hour later — with music still blar..."
10,2559,0.9642,"An ecstatic Super Bowl rally, upended by the terror of a mass shooting. How is Kansas City faring?","An ecstatic Super Bowl rally, upended by the terror of a mass shooting","KANSAS CITY, Mo. (AP) — “Are you feeling good today, Chiefs Kingdom?” Kansas City Mayor Quinton Lucas shouted to a sea of football fans fresh from their town’s third Super Bowl victory in five years. Less than an hour later — with music still blarin...","KANSAS CITY, Missouri — “Are you feeling good today, Chiefs Kingdom?” Kansas City Mayor Quinton Lucas shouted to a sea of football fans fresh from their town’s third Super Bowl victory in five years. Less than an hour later — with music still blarin..."
13,1845,1.0,Kansas City shooting and Israel raids south Gaza's main hospital: Morning Rundown,Kansas City shooting and Israel raids south Gaza's main hospital: Morning Rundown,A radio host was killed in a shooting during the Kansas City Chiefs’ Super Bowl parade. Russia is developing a space-based nuclear weapon. And L.A.’s graffiti-covered high-rises have become a tourist attraction. Here’s what to know today. Popular r...,A radio host was killed in a shooting during the Kansas City Chiefs' Super Bowl parade. Russia is developing a space-based nuclear weapon. And L.A.'s graffiti-covered high-rises have become a tourist attraction. Here’s what to know today. Popular r...
18,3148,1.0,"Taylor Swift donates $100,000 to family of woman killed in Kansas City Chiefs' Super Bowl celebrations","Taylor Swift donates $100,000 to family of woman killed in Kansas City Chiefs’ Super Bowl celebrations","Taylor Swift has donated $100,000 to the family of a woman killed during Kansas City Chiefs' Super Bowl celebrations. Lisa Lopez-Galvan, a local radio DJ, was killed in the shooting, which left more than 20 injured. Three suspects, including two ch...","Taylor Swift has donated $100,000 to the family of a woman killed during Kansas City Chiefs’ Super Bowl celebrations. Lisa Lopez-Galvan, a local radio DJ, was killed in the shooting, which left more than 20 injured. Three suspects, including two ch..."
22,336,1.0,Investigators search for what motivated a shooting that left 1 dead and more than 20 injured at Chiefs Super Bowl celebration,"Kansas City shooting believed spurred by personal dispute, law enforcement officials say; 2 juveniles among 3 detained","(CNN) — Two juveniles are among those detained in connection with Wednesday’s shooting following the Kansas City Chiefs’ Super Bowl celebration rally, which left one dead and more than 20 wounded, according to Kansas City Police Chief Stacey Graves. ...","cnn— Two juveniles are among those detained in connection with Wednesday’s shooting following the Kansas City Chiefs’ Super Bowl celebration rally, which left one dead and more than 20 wounded, according to Kansas City Police Chief Stacey Graves. A..."
22,3749,0.9594,Investigators search for what motivated a shooting that left 1 dead and more than 20 injured at Chiefs Super Bowl celebration,"Kansas City shooting may have stemmed from personal dispute, police say; 2 juveniles among 3 detained","(CNN) — Two juveniles are among those detained in connection with Wednesday’s shooting following the Kansas City Chiefs’ Super Bowl celebration rally, which left one dead and more than 20 wounded, according to Kansas City Police Chief Stacey Graves. ...","Two juveniles are among those detained in connection with Wednesday’s shooting following the Kansas City Chiefs’ Super Bowl celebration rally, which left one dead and more than 20 wounded, according to Kansas City Police Chief Stacey Graves. At leas..."
23,4780,1.0,Two Men Charged With Murder Over Kansas City Chiefs Parade Shooting,Two Men Charged With Murder Over Kansas City Chiefs Parade Shooting,"February 21, (THEWILL) – Prosecutors, on Tuesday, filed charges against two men in connection with a Shooting at a Super Bowl victory rally for the Kansas City Chiefs NFL team. The shooting left one dead and 22 injured. Dominic Miller of Kansas City ...","February 21, (THEWILL) – Prosecutors, on Tuesday, filed charges against two men in connection with a shooting at a Super Bowl victory rally for the Kansas City Chiefs NFL team. The shooting left one dead and 22 injured. Dominic Miller of Kansas City..."
26,3878,1.0,Taylor Swift donates $100K to Chiefs parade shooting victim’s family – PIX11,Taylor Swift donates 100K to Chiefs parade shooting victim’s family – WWTI – InformNNY.com,"Taylor Swift donates $100K to Chiefs parade shooting victim's family Taylor Swift made two donations to the GoFundMe for Lisa Lopez-Galvan, the victim who died in the shooting at the end of the Chiefs parade and rally,.","Taylor Swift donates 100K to Chiefs parade shooting victim's family Taylor Swift made two donations to the GoFundMe for Lisa Lopez-Galvan, the victim who died in the shooting at the end of the Chiefs parade and rally,."
28,8474,0.9698,Man wrongly accused as Kansas City rally shooter aims to clear name,'Let's let the truth go viral': Olathe man wants to clear name after being wrongly identified as rally shooter,"An Olathe man wants to clear his name after he was wrongly identified on social media as a suspect in Wednesday's mass shooting following the rally of the Chiefs' Super Bowl parade. ""I just want to clear my name that I had nothing to do with anythin...","KANSAS CITY, Mo. — An Olathe man wants to clear his name after he was wrongly identified on social media as a suspect of Wednesday's mass shooting following the rally of the Chiefs' Super Bowl parade. ""I just want to clear my name that I had nothing..."
30,4833,0.9842,"Taylor Swift Donates $100,000 to Family of Kansas City Chiefs Parade Shooting Victim","Taylor Swift, Travis Kelce Each Donate $100,000 to Kansas City Shooting Victims","Taylor Swift has donated $100,000 to the family of the woman who was fatally shot at the Kansas City Chiefs’ Super Bowl parade on Wednesday, a representative for the pop singer told Variety. Friday morning, two $50,000 donations in the singer’s name...","Taylor Swift donated $100,000 to the family of the woman who was fatally shot at the Kansas City Chiefs’ Super Bowl parade on Wednesday, a representative for the pop singer told Variety. Friday morning, two $50,000 donations in the singer’s name app..."
30,6970,0.9891,"Taylor Swift Donates $100,000 to Family of Kansas City Chiefs Parade Shooting Victim","Taylor Swift, Travis Kelce Donate to Kansas Shooting Victims","Taylor Swift has donated $100,000 to the family of the woman who was fatally shot at the Kansas City Chiefs’ Super Bowl parade on Wednesday, a representative for the pop singer told Variety. Friday morning, two $50,000 donations in the singer’s name...","T aylor Swift donated $100,000 to the family of the woman who was fatally shot at the Kansas City Chiefs’ Super Bowl parade on Wednesday, a representative for the pop singer told Variety. Friday morning, two $50,000 donations in the singer’s name ap..."
31,8396,1.0,Dad who went to Kansas City Chiefs parade with daughters recounts tackling man with gun: ‘I took him down',Dad who tackled man with gun at Kansas City Chiefs parade speaks out,A father who attended the Kansas City Chiefs' Super Bowl victory parade with his three daughters in downtown Kansas City is recounting the moment he helped contain a man armed with a gun at the event where thousands of Chiefs fans were celebrating. ...,A father who attended the Kansas City Chiefs’ Super Bowl victory parade with his three daughters in downtown Kansas City is recounting the moment he helped contain a man armed with a gun at the event where thousands of Chiefs fans were celebrating. ...
32,3378,0.9922,"Taylor Swift Donates $100,000 to Super Bowl Parade Shooting Victim’s Family: ‘My Deepest Sympathies’","Taylor Swift Donates $100,000 to Super Bowl Parade Shooting Victim’s Family: ‘My Deepest Sympathies’","Lisa Lopez-Galvan was one of the dozens of victims from the Kansas City Super Bowl parade shooting, and she died from fatal injuries. A GoFundMe page was created to assist her family with “financial support,” according to its description, and Taylor ...","Lisa Lopez-Galvan was one of the dozens of victims from the Kansas City Super Bowl parade shooting, and she died from fatal injuries. A GoFundMe page was created to assist her family with “financial support,” according to its description, and donated..."
36,7799,1.0,Newzspy Page 1785,How the world's top sustainable companies continue to outperform their fossil fuel peers,"Chiefs parade: Who was Lisa Lopez-Galvan, radio DJ killed during shooting? – WOKV","Chiefs parade: Who was Lisa Lopez-Galvan, radio DJ killed during shooting?"
42,139,1.0,Things to know about the shooting at the Kansas City Chiefs' Super Bowl celebration,Things to know about the shooting at the Kansas City Chiefs' Super Bowl celebration,Shots rang out at the end of the outside the city’s historic Union Station. Fans had lined the parade route and some even climbed trees and street poles or stood on rooftops to watch as players passed by on double-decker buses. The team said all play...,Shots rang out at the end of the outside the city's historic Union Station. Fans had lined the parade route and some even climbed trees and street poles or stood on rooftops to watch as players passed by on double-decker buses. The team said all play...
42,2835,0.9576,Things to know about the shooting at the Kansas City Chiefs' Super Bowl celebration,Things to know about the shooting at the Kansas City Chiefs' Super Bowl celebration,Shots rang out at the end of the outside the city’s historic Union Station. Fans had lined the parade route and some even climbed trees and street poles or stood on rooftops to watch as players passed by on double-decker buses. The team said all play...,Shots rang out at the end of the outside the city’s historic Union Station. Fans had lined the parade route and some even climbed trees and street poles or stood on rooftops to watch as players passed by on double-decker buses. The team said all pla...
44,1426,1.0,2 men are charged with murder in the deadly shooting at Kansas City’s Super Bowl celebration,Murder charges filed in Chiefs rally gunfire,"KANSAS CITY, Mo. — Two men charged with murder in last week’s shooting after the Kansas City Chiefs’ Super Bowl parade were strangers who pulled out guns and began firing within seconds of starting an argument, according to court documents released T...","KANSAS CITY, Mo. -- Two men charged with murder in last week's shooting after the Kansas City Chiefs' Super Bowl parade were strangers who pulled out guns and began firing within seconds of starting an argument, according to court documents released ..."
44,4872,0.9731,2 men are charged with murder in the deadly shooting at Kansas City’s Super Bowl celebration,Two men charged with murder in deadly shooting at Kansas City’s Super Bowl celebration,"KANSAS CITY, Mo. — Two men charged with murder in last week’s shooting after the Kansas City Chiefs’ Super Bowl parade were strangers who pulled out guns and began firing within seconds of starting an argument, according to court documents released T...","KANSAS CITY, Mo.: Two men charged with murder in last week’s shooting after the Kansas City Chiefs’ Super Bowl parade were strangers who pulled out guns and began firing within seconds of starting an argument, according to court documents released Tu..."
44,5557,1.0,2 men are charged with murder in the deadly shooting at Kansas City’s Super Bowl celebration,Kansas City shooting: 2 men charged with murder,"KANSAS CITY, Mo. — Two men charged with murder in last week’s shooting after the Kansas City Chiefs’ Super Bowl parade were strangers who pulled out guns and began firing within seconds of starting an argument, according to court documents released T...","KANSAS CITY, Mo. – Two men charged with murder in last week’s shooting after the Kansas City Chiefs’ Super Bowl parade were strangers who pulled out guns and began firing within seconds of starting an argument, according to court documents released ..."
44,6373,1.0,2 men are charged with murder in the deadly shooting at Kansas City’s Super Bowl celebration,2 men are charged with murder in the deadly shooting at Kansas City's Super Bowl celebration,"KANSAS CITY, Mo. — Two men charged with murder in last week’s shooting after the Kansas City Chiefs’ Super Bowl parade were strangers who pulled out guns and began firing within seconds of starting an argument, according to court documents released T...","KANSAS CITY, Mo. — Two men charged with murder in last week's shooting after the Kansas City Chiefs' Super Bowl parade were strangers who pulled out guns and began firing within seconds of starting an argument, according to court documents released T..."
44,6588,1.0,2 men are charged with murder in the deadly shooting at Kansas City’s Super Bowl celebration,Two men are charged with murder in the deadly shooting at Kansas City's Super Bowl celebration,"KANSAS CITY, Mo. — Two men charged with murder in last week’s shooting after the Kansas City Chiefs’ Super Bowl parade were strangers who pulled out guns and began firing within seconds of starting an argument, according to court documents released T...","KANSAS CITY, Mo. — Two men charged with murder in last week's shooting after the Kansas City Chiefs’ Super Bowl parade were strangers who pulled out guns and began firing within seconds of starting an argument, according to court documents released ..."
44,6676,1.0,2 men are charged with murder in the deadly shooting at Kansas City’s Super Bowl celebration,Kansas City shooting: 2 men charged with murder,"KANSAS CITY, Mo. — Two men charged with murder in last week’s shooting after the Kansas City Chiefs’ Super Bowl parade were strangers who pulled out guns and began firing within seconds of starting an argument, according to court documents released T...","KANSAS CITY, Mo. - Two men charged with murder in last week's shooting after the Kansas City Chiefs' Super Bowl parade were strangers who pulled out guns and began firing within seconds of starting an argument, according to court documents released ..."
44,7005,1.0,2 men are charged with murder in the deadly shooting at Kansas City’s Super Bowl celebration,2 charged with murder in Super Bowl parade shooting,"KANSAS CITY, Mo. — Two men charged with murder in last week’s shooting after the Kansas City Chiefs’ Super Bowl parade were strangers who pulled out guns and began firing within seconds of starting an argument, according to court documents released T...","Kansas City, Mo. — Two men charged with murder in last week’s shooting after the Kansas City Chiefs’ Super Bowl parade were strangers who pulled out guns and began firing within seconds of starting an argument, according to court documents released T..."
48,7873,0.9507,"Taylor Swift Donates $100,000 After Super Bowl Parade Shooting: 'My Deepest Sympathies'","Taylor Swift Donates $100,000 After Super Bowl Parade Shooting: 'My Deepest Sympathies'","Taylor Swift donated $100,000 this week to the family of Lisa Lopez-Galvan, who died Wednesday in the shooting at a parade celebrating the Kansas City Chiefs’ Super Bowl win. The shooting left at least 22 others injured from gunshot wounds. “Sending...","Taylor Swift donated $100,000 this week to the family of Lisa Lopez-Galvan, who died Wednesday in the shooting at a parade celebrating the Kansas City Chiefs’ Super Bowl win. The shooting left at least 22 others injured from gunshot wounds."
49,3983,1.0,2 adults are charged with murder in the deadly shooting at Kansas City’s Super Bowl celebration | WCVQ-FM,2 adults are charged with murder in the deadly shooting at Kansas City's Super Bowl celebration,"FILE - Law enforcement personnel clear the area around Union Station following a shooting at the Kansas City Chiefs NFL football Super Bowl celebration in Kansas City, Mo., Wednesday, Feb. 14, 2024. Missouri prosecutors said Tuesday, Feb. 20, that tw...","FILE – Law enforcement personnel clear the area around Union Station following a shooting at the Kansas City Chiefs NFL football Super Bowl celebration in Kansas City, Mo., Wednesday, Feb. 14, 2024. Missouri prosecutors said Tuesday, Feb. 20, that tw..."
51,2087,1.0,2 juveniles charged in mass shooting at the Kansas City Chiefs Super Bowl parade,2 juveniles charged in mass shooting at the Kansas City Chiefs Super Bowl parade,"KANSAS CITY, Mo. (AP) — Two juveniles were charged with crimes connected to the mass shooting at the Kansas City Chiefs’ Super Bowl rally, authorities said Friday, as the city tries to recover in the aftermath of the violence. A news release from th...","KANSAS CITY, Mo. (AP) — Two juveniles were charged with crimes connected to the mass shooting at the Kansas City Chiefs' Super Bowl rally, authorities said Friday, as the city tries to recover in the aftermath of the violence. A news release from th..."
51,8354,1.0,2 juveniles charged in mass shooting at the Kansas City Chiefs Super Bowl parade,2 juveniles charged in mass shooting at the Kansas City Chiefs Super Bowl parade,"KANSAS CITY, Mo. (AP) — Two juveniles were charged with crimes connected to the mass shooting at the Kansas City Chiefs’ Super Bowl rally, authorities said Friday, as the city tries to recover in the aftermath of the violence. A news release from th...","KANSAS CITY, Mo. (AP) - Two juveniles were charged with crimes connected to the mass shooting at the Kansas City Chiefs' Super Bowl rally, authorities said Friday, as the city tries to recover in the aftermath of the violence. A news release from th..."
59,1783,0.9784,What’s the latest in the investigation of the shooting at the Kansas City Chiefs’ Super Bowl parade? - WSVN 7News,What's the latest in the investigation of the shooting at the Kansas City Chiefs' Super Bowl parade?,"KANSAS CITY, Mo. (AP) — Authorities have charged two men with murder in a shooting during a Kansas City Chiefs Super Bowl victory celebration that left one person dead and roughly two dozen others injured. The arrests came after police announced Fri...","KANSAS CITY, Mo. (AP) — Authorities have charged two men with murder in a shooting during a Kansas City Chiefs Super Bowl victory celebration that left one person dead and roughly two dozen others injured. The arrests came after police announced F..."
59,4962,0.9505,What’s the latest in the investigation of the shooting at the Kansas City Chiefs’ Super Bowl parade? - WSVN 7News,What's the latest in the investigation of the shooting at the Kansas City Chiefs' Super Bowl parade?,"KANSAS CITY, Mo. (AP) — Authorities have charged two men with murder in a shooting during a Kansas City Chiefs Super Bowl victory celebration that left one person dead and roughly two dozen others injured. The arrests came after police announced Fri...","KANSAS CITY, Mo. (AP) — Authorities have charged two men with murder in a shooting during a Kansas City Chiefs Super Bowl victory celebration that left one person dead and roughly two dozen others injured. The arrests came after police announced Frid..."
71,219,0.9915,Chiefs’ Harrison Butker provides jersey to family of Super Bowl parade shooting victim,Kansas City Chiefs parade suspects charged in deadly Super Bowl victory parade shooting,"Join Fox News for access to this content Plus get unlimited access to thousands of articles, videos and more with your free account! Please enter a valid email address. By entering your email, you are agreeing to Fox News Terms of Service and Priv...","Join Fox News for access to this content Plus get unlimited access to thousands of articles, videos and more with your free account! Please enter a valid email address. By entering your email, you are agreeing to Fox News Terms of Service and Pr..."
74,6443,1.0,Travis Kelce makes 100k donation to young sisters shot at Super Bowl victory parade,"Travis Kelce makes $100,000 donation to young sisters shot at Super Bowl victory parade","Travis Kelce has donated $100,000 to two children who were shot at the Kansas City Chiefs' Super Bowl victory parade. The 34-year-old tight end has handed over two separate $50,000 donations to the Reyes family to help their daughters, aged eight an...","Travis Kelce has donated $100,000 to two children who were shot at the Kansas City Chiefs’ Super Bowl victory parade. The 34-year-old tight end has handed over two separate $50,000 donations to the Reyes family to help their daughters, aged eight an..."
76,837,0.9613,"Taylor Swift Donates $100,000 to Family of Woman Killed in Shooting at Chiefs Parade","Taylor Swift Donates $100,000 to Family of Woman Killed in Shooting at Chiefs Parade","Pop star Taylor Swift donated $100,000 to the family of Lisa Lopez-Galvan, who was shot and killed on Wednesday at the Kansas City Chiefs’ Super Bowl victory parade. “Sending my deepest sympathies and condolences in the wake of your devastating loss...","Pop star Taylor Swift donated $100,000 to the family of Lisa Lopez-Galvan, who was shot and killed on Wednesday at the Kansas City Chiefs’ Super Bowl victory parade. “Sending my deepest sympathies and condolences in the wake of your devastating los..."
77,362,1.0,Chiefs kicker Butker provides jersey for parade shooting victim’s funeral,Chiefs kicker Butker provides jersey for parade shooting victim’s funeral,"KANSAS CITY, Mo. -- Another Kansas City Chiefs player is giving back to the family of Lisa Lopez-Galvan, the woman killed in a shooting after the Super Bowl parade. Lopez-Galvan was wearing Harrison Butker jersey the day she was shot and killed, and...","KANSAS CITY, Mo. — Another Kansas City Chiefs player is giving back to the family of Lisa Lopez-Galvan, the woman killed in a shooting after the Super Bowl parade. Lopez-Galvan was wearing Harrison Butker jersey the day she was shot and killed, and ..."
78,1201,1.0,"Taylor Swift donates $100,000","Taylor Swift donates $100,000","Taylor Swift donated $100,000 to the family of Lisa Lopez-Galvan at the Kansas City Chiefs' Super Bowl victory parade. The donations were confirmed by Swift's representative to Variety and verified by The Associated Press. The GoFundMe has raised ove...","Taylor Swift donated $100,000 to the family of Lisa Lopez-Galvan at the Kansas City Chiefs’ Super Bowl victory parade. The donations were confirmed by Swift’s representative to Variety and verified by The Associated Press. The GoFundMe has raised ove..."
79,3492,0.9883,Acusaron de asesinato a dos hombres por un tiroteo en celebración del Super Bowl en Kansas,Acusaron de asesinato a dos hombres por un tiroteo en celebración del Super Bowl en Kansas,"Dos hombres fueron acusados de asesinato el martes en relación con un tiroteo en Kansas City (Misuri) en el que murió una mujer y 22 personas resultaron heridas cerca de una concentración para celebrar la victoria de los Chiefs en el Super Bowl, in...","Dos hombres fueron acusados de asesinato el martes en relación con un tiroteo en Kansas City (Misuri) en el que murió una mujer y 22 personas resultaron heridas cerca de una concentración para celebrar la victoria de los Chiefs en el Super Bowl, info..."
79,5500,1.0,Acusaron de asesinato a dos hombres por un tiroteo en celebración del Super Bowl en Kansas,Acusaron de asesinato a dos hombres por un tiroteo en celebración del Super Bowl en Kansas,"Dos hombres fueron acusados de asesinato el martes en relación con un tiroteo en Kansas City (Misuri) en el que murió una mujer y 22 personas resultaron heridas cerca de una concentración para celebrar la victoria de los Chiefs en el Super Bowl, in...","Dos hombres fueron acusados de asesinato el martes en relación con un tiroteo en Kansas City (Misuri) en el que murió una mujer y 22 personas resultaron heridas cerca de una concentración para celebrar la victoria de los Chiefs en el Super Bowl, inf..."
83,3211,1.0,Alexei Navalny has died in prison; Israeli troops raid Gaza's Nassar Hospital,Alexei Navalny has died; Israel raids Gaza's Nassar Hospital : NPR - Meta Jaun News,"Good morning. You're reading the Up First newsletter. Subscribe here to get it delivered to your inbox, and listen to the Up First podcast for all the news you need to start your day. Today's top stories Russian opposition leader Alexei Navalny has...","Good morning. You’re reading the Up First newsletter. Subscribe here to get it delivered to your inbox, and listen to the Up First podcast for all the news you need to start your day. Today’s top stories Russian opposition leader Alexei Navalny has..."
83,8024,1.0,Alexei Navalny has died in prison; Israeli troops raid Gaza's Nassar Hospital,Alexei Navalny has died in prison; Israeli troops raid Gaza's Nasser Hospital,"Good morning. You're reading the Up First newsletter. Subscribe here to get it delivered to your inbox, and listen to the Up First podcast for all the news you need to start your day. Today's top stories Russian opposition leader Alexei Navalny has...","Good morning. You’re reading the Up First newsletter. Subscribe here to get it delivered to your inbox, and listen to the Up First podcast for all the news you need to start your day.Today’s top stories Russian opposition leader Alexei Navalny has ..."
84,5592,0.9817,Taylor Swift dona 100 mil dólares a familia de víctima en tiroteo del desfile de los Chiefs,Swift dona 100.000 dólares a familia de la víctima del tiroteo,"Taylor Swift donó 100.000 dólares la familia de Lisa Lopez-Galvan, la mujer que falleció en el tiroteo al final del desfile por la celebración del triunfo de los Chiefs de Kansas City en el Super Bowl. Dos donativos de 50,000 dólares aparecieron en...","Taylor Swift donó 100.000 dólares a la familia de Lisa Lopez-Galvan, la mujer que falleció en el tiroteo al final del desfile por la celebración del triunfo de los Chiefs de Kansas City en el Super Bowl. Dos donativos de 50.000 dólares aparecieron e..."
84,6262,1.0,Taylor Swift dona 100 mil dólares a familia de víctima en tiroteo del desfile de los Chiefs,¡REGISTRO DE GOFUNDME! Taylor Swift dona 100 mil dólares a familia de la víctima mortal del tiroteo,"Taylor Swift donó 100.000 dólares la familia de Lisa Lopez-Galvan, la mujer que falleció en el tiroteo al final del desfile por la celebración del triunfo de los Chiefs de Kansas City en el Super Bowl. Dos donativos de 50,000 dólares aparecieron en...","Taylor Swift donó 100.000 dólares la familia de Lisa Lopez-Galvan, la mujer que falleció en el tiroteo al final del desfile por la celebración del triunfo de los Chiefs de Kansas City en el Super Bowl. Dos donativos de 50.000 dólares aparecieron en ..."
85,3008,0.9782,"Biden Called for an 'Assault Weapons' Ban After the Kansas City Shooting; However, the Court Documents from the Shooting Will Make Him Eat His Words","Biden, Harris call for gun control in separate comments after deadly shooting at Kansas City Chiefs’ parade – Scoop Rocket","President Biden and Vice President Harris called on Congress to pass stronger gun control measures in separate comments Wednesday night hours after a deadly shooting following the Super Bowl victory parade in Kansas City, Missouri. Biden issued a st...","President Biden and Vice President Harris called on Congress to pass stronger gun control measures in separate comments Wednesday night hours after a deadly shooting following the Super Bowl victory parade in Kansas City, Missouri.Biden issued a stat..."
86,1146,1.0,2 adults are charged with murder in the deadly shooting at Kansas City’s Super Bowl celebration,2 adults are charged with murder in the deadly shooting at Kansas City's Super Bowl celebration,"KANSAS CITY, Mo. (AP) — Missouri prosecutors said Tuesday that two men have been charged with murder in last week’s shooting that killed one person and injured 22 others after the Kansas City Chiefs’ Super Bowl parade. Both adults are charged with s...","KANSAS CITY, Mo. — (AP) — Missouri prosecutors said Tuesday that two men have been charged with murder in last week’s shooting that killed one person and injured 22 others after the Kansas City Chiefs’ Super Bowl parade. Both adults are charged with..."
86,1751,1.0,2 adults are charged with murder in the deadly shooting at Kansas City’s Super Bowl celebration,2 adults are charged with murder in the deadly shooting at Kansas City's Super Bowl celebration,"KANSAS CITY, Mo. (AP) — Missouri prosecutors said Tuesday that two men have been charged with murder in last week’s shooting that killed one person and injured 22 others after the Kansas City Chiefs’ Super Bowl parade. Both adults are charged with s...","KANSAS CITY, Mo. (AP) — Missouri prosecutors said Tuesday that two men have been charged with murder in last week's shooting that killed one person and injured 22 others after the Kansas City Chiefs' Super Bowl parade. Both adults are charged with s..."
86,5103,1.0,2 adults are charged with murder in the deadly shooting at Kansas City’s Super Bowl celebration,2 Adults are Charged with Murder in the Deadly Shooting at Kansas City’s Super Bowl Celebration,"KANSAS CITY, Mo. (AP) — Missouri prosecutors said Tuesday that two men have been charged with murder in last week’s shooting that killed one person and injured 22 others after the Kansas City Chiefs’ Super Bowl parade. Both adults are charged with s...","KANSAS CITY, Mo. (AP) – Missouri prosecutors said Tuesday that two men have been charged with murder in last week’s shooting that killed one person and injured 22 others after the Kansas City Chiefs’ Super Bowl parade. Both adults are charged with s..."
89,983,1.0,"In the chaos of the Kansas City parade shooting, he's hit and doesn't know where his kids are","In the chaos of the Kansas City parade shooting, he's hit and doesn't know where his kids are","KANSAS CITY, Mo. (AP) — Jacob Gooch was having what was sure to be the best day of his year, hanging out with his wife and children and friends in the massive, happy, high-fiving crowd of fellow Kansas City Chiefs fans at the parade celebrating their...","KANSAS CITY, Mo. — (AP) — Jacob Gooch was having what was sure to be the best day of his year, hanging out with his wife and children and friends in the massive, happy, high-fiving crowd of fellow Kansas City Chiefs fans at the parade celebrating the..."
90,407,1.0,Kansas City Chiefs parade mass shooting: 2 adults arrested for murder,Kansas City Chiefs parade mass shooting: 2 adults arrested for murder,"Two adults have been arrested in connection with the mass shooting that erupted following a dispute at the Chiefs’ Super Bowl parade last week, prosecutors announced Tuesday. Dominic Miller and Lyndell Mays each face charges of second-degree murder,...","Two adults have been arrested in connection with the mass shooting that erupted following a dispute at the Chiefs' Super Bowl parade last week, prosecutors announced Tuesday. Dominic Miller and Lyndell Mays each face charges of second-degree murder,..."
91,5942,0.9615,Chiefs' Harrison Butker helps Lopez-Galvan family with burial wish,"Lisa Lopez-Galvan's family hoped to lay her to rest in Harrison Butker jersey, Chiefs kicker delivered","The family of Lisa Lopez-Galvan hoped to lay her to rest in a Harrison Butker jersey, and the Kansas City Chiefs kicker delivered. On the day Lopez-Galvan was tragically killed as the Chiefs Super Bowl rally was ending, her family says she was weari...","KANSAS CITY, Mo. — The family of Lisa Lopez-Galvan hoped to lay her to rest in a Harrison Butker jersey, and the Kansas City Chiefs kicker delivered. On the day Lopez-Galvan was tragically killed as the Chiefs Super Bowl rally was ending, her family..."
94,766,1.0,At Least 8 Children Among 22 Hit by Gunfire at End of Chiefs’ Super Bowl Parade; 1 Person Killed,"Kansas City Chiefs Super Bowl victory parade: 1 dead, 22 injured in ...","KANSAS CITY, Mo. (AP) — Eight children were among 22 people hit by gunfire in a shooting at the end of Wednesday’s parade to celebrate the Kansas City Chiefs’ Super Bowl win, authorities said, as terrified fans ran for cover and yet another high-prof...","KANSAS CITY, Mo. (AP) - Eight children were among 22 people hit by gunfire in a shooting at the end of Wednesday's parade to celebrate the Kansas City Chiefs' Super Bowl win, authorities said, as terrified fans ran for cover and yet another high-prof..."
94,1666,1.0,At Least 8 Children Among 22 Hit by Gunfire at End of Chiefs’ Super Bowl Parade; 1 Person Killed,At least 8 children among 22 hit by gunfire at end of Chiefs' Super Bowl parade; 1 person killed,"KANSAS CITY, Mo. (AP) — Eight children were among 22 people hit by gunfire in a shooting at the end of Wednesday’s parade to celebrate the Kansas City Chiefs’ Super Bowl win, authorities said, as terrified fans ran for cover and yet another high-prof...","KANSAS CITY, Mo. (AP) — Eight children were among 22 people hit by gunfire in a shooting at the end of Wednesday's parade to celebrate the Kansas City Chiefs' Super Bowl win, authorities said, as terrified fans ran for cover and yet another high-prof..."
95,551,0.984,Kansas City Chiefs Parade Shooting Leaves 1 Dead And 20 Injured,Kansas City Chiefs Parade Shooting Leaves 1 Dead And 20 Injured,"Source: Jamie Squire / Getty The Kansas City Chief’s Super Bowl-winning parade ended with tragedy instead of a triumphant celebration. On Wednesday afternoon, as the parade was ending gunfire broke out, leaving one person, Lisa Lopez-Galvan, a loca...","Source: Jamie Squire / Getty The Kansas City Chief’s Super Bowl-winning parade ended with tragedy instead of a triumphant celebration. On Wednesday afternoon, as the parade was ending gunfire broke out, leaving one person, Lisa Lopez-Galvan, a local ..."
95,1598,0.9713,Kansas City Chiefs Parade Shooting Leaves 1 Dead And 20 Injured,Kansas City Chiefs Parade Shooting Leaves One Dead and 20 Injured,"Source: Jamie Squire / Getty The Kansas City Chief’s Super Bowl-winning parade ended with tragedy instead of a triumphant celebration. On Wednesday afternoon, as the parade was ending gunfire broke out, leaving one person, Lisa Lopez-Galvan, a loca...","Source: Jamie Squire / Getty The Kansas City Chief’s Super Bowl-winning parade ended with tragedy instead of a triumphant celebration. On Wednesday afternoon, as the parade was ending, gunfire broke out, leaving one person, Lisa Lopez-Galvan, a lo..."
95,7305,0.984,Kansas City Chiefs Parade Shooting Leaves 1 Dead And 20 Injured,Kansas City Chiefs Parade Shooting Leaves One Dead and 20 Injured,"Source: Jamie Squire / Getty The Kansas City Chief’s Super Bowl-winning parade ended with tragedy instead of a triumphant celebration. On Wednesday afternoon, as the parade was ending gunfire broke out, leaving one person, Lisa Lopez-Galvan, a loca...","Source: Jamie Squire / Getty The Kansas City Chief’s Super Bowl-winning parade ended with tragedy instead of a triumphant celebration. On Wednesday afternoon, as the parade was ending, gunfire broke out, leaving one person, Lisa Lopez-Galvan, a local..."
101,4216,0.9566,Η Τέιλορ Σουίφτ δωρίζει 100.000 δολάρια στην οικογένεια του θύματος των πυροβολισμών στο Super Bowl,Η Τέιλορ Σουίφτ δωρίζει 100.000 δολάρια στην οικογένεια του θύματος των πυροβολισμών στο Super Bowl,"LIFESTYLE Η Τέιλορ Σουίφτ δωρίζει 100.000 δολάρια στην οικογένεια του θύματος των πυροβολισμών στο Super Bowl Η Τέιλορ Σουίφτ δώρισε 100.000 δολάρια (79.000 λίρες) στην οικογένεια της Lisa Lopez-Galvan, η οποία σκοτώθηκε σε μαζικούς πυροβολισμούς κ...","Η Τέιλορ Σουίφτ δωρίζει 100.000 δολάρια στην οικογένεια του θύματος των πυροβολισμών στο Super Bowl Η Τέιλορ Σουίφτ δώρισε 100.000 δολάρια (79.000 λίρες) στην οικογένεια της Lisa Lopez-Galvan, η οποία σκοτώθηκε σε μαζικούς πυροβολισμούς κατά τη διάρ..."
103,4334,1.0,Taylor Swift donates $100K to family of woman killed at Chiefs parade shooting,Taylor Swift donates $100K to family of woman killed at Chiefs parade shooting,"KANSAS CITY, Mo. ( WDAF) – A GoFundMe page set up for the family of Lisa Lopez-Galvan, the woman killed in the mass shooting at the Kansas City Chiefs Super Bowl parade this week, has caught the attention of Taylor Swift. Swift made donations on the...","KANSAS CITY, Mo. ( WDAF) — A GoFundMe page set up for the family of Lisa Lopez-Galvan, the woman killed in the mass shooting at the Kansas City Chiefs Super Bowl parade this week, has caught the attention of Taylor Swift. Swift made donations on the..."
103,7710,1.0,Taylor Swift donates $100K to family of woman killed at Chiefs parade shooting,Taylor Swift donates to family of woman killed at Chiefs parade,"KANSAS CITY, Mo. ( WDAF) – A GoFundMe page set up for the family of Lisa Lopez-Galvan, the woman killed in the mass shooting at the Kansas City Chiefs Super Bowl parade this week, has caught the attention of Taylor Swift. Swift made donations on the...","KANSAS CITY, Mo. (WDAF) – A GoFundMe page set up for the family of Lisa Lopez-Galvan, the woman killed in the mass shooting at the Kansas City Chiefs Super Bowl parade this week, has caught the attention of Taylor Swift. Swift made donations on the E..."
103,8226,1.0,Taylor Swift donates $100K to family of woman killed at Chiefs parade shooting,Taylor Swift donates $100K to family of woman killed at Chiefs parade shooting,"KANSAS CITY, Mo. ( WDAF) – A GoFundMe page set up for the family of Lisa Lopez-Galvan, the woman killed in the mass shooting at the Kansas City Chiefs Super Bowl parade this week, has caught the attention of Taylor Swift. Swift made donations on the...","KANSAS CITY, Mo. ( WDAF) – A GoFundMe page set up for the family of Lisa Lopez-Galvan, the woman killed in the mass shooting at the Kansas City Chiefs Super Bowl parade this week, has caught the attention of Taylor Swift. Swift made donations on the ..."
106,2064,1.0,"Suspected Kansas City Chiefs parade shooter picked a target at random during dispute, then started shooting: Court docs","Suspected Kansas City Chiefs parade shooter picked a target at random during dispute, then started shooting: Court docs USSA News","One of the suspected Kansas City Super Bowl parade shooters told police he was ""just being stupid"" when he allegedly started shooting indiscriminately into a crowd full of kids, according to court documents. Lyndell Mays, 23, and Dominic Miller, 18 ...","One of the suspected Kansas City Super Bowl parade shooters told police he was “just being stupid” when he allegedly started shooting indiscriminately into a crowd full of kids, according to court documents. Lyndell Mays, 23, and Dominic Miller, 18 ..."
107,355,1.0,"Taylor Swift gives $100,000 to the family of the woman killed in the Chiefs parade shooting","Taylor Swift gives $100,000 to the family of the woman killed in the Chiefs parade shooting","KANSAS CITY, Mo. (AP) — Taylor Swift donated $100,000 to the family of Lisa Lopez-Galvan, the woman killed in the shooting at the Kansas City Chiefs’ Super Bowl victory parade. Two $50,000 donations were posted Friday under the singer’s name on a Go...","KANSAS CITY, Mo. (AP) — Taylor Swift donated $100,000 to the family of Lisa Lopez-Galvan, the woman killed in the shooting at the Kansas City Chiefs' Super Bowl victory parade. Two $50,000 donations were posted Friday under the singer's name on a..."
107,1089,1.0,"Taylor Swift gives $100,000 to the family of the woman killed in the Chiefs parade shooting","Taylor Swift gives $100,000 to the family of the woman killed in the Chiefs parade shooting","KANSAS CITY, Mo. (AP) — Taylor Swift donated $100,000 to the family of Lisa Lopez-Galvan, the woman killed in the shooting at the Kansas City Chiefs’ Super Bowl victory parade. Two $50,000 donations were posted Friday under the singer’s name on a Go...","KANSAS CITY, Mo. (AP) — Taylor Swift donated $100,000 to the family of Lisa Lopez-Galvan, the woman killed in the shooting at the Kansas City Chiefs' Super Bowl victory parade. Two $50,000 donations were posted Friday under the singer's name on a Go..."
107,1248,1.0,"Taylor Swift gives $100,000 to the family of the woman killed in the Chiefs parade shooting","Taylor Swift gives $100,000 to the family of the woman killed in the Chiefs parade shooting","KANSAS CITY, Mo. (AP) — Taylor Swift donated $100,000 to the family of Lisa Lopez-Galvan, the woman killed in the shooting at the Kansas City Chiefs’ Super Bowl victory parade. Two $50,000 donations were posted Friday under the singer’s name on a Go...","KANSAS CITY, Mo. (AP) — Taylor Swift has donated $100,000 to the family of Lisa Lopez-Galvan, the woman killed in the shooting at the Kansas City Chiefs’ Super Bowl victory parade. Two $50,000 donations were posted Friday under the singer’s name on a..."
107,1459,0.9633,"Taylor Swift gives $100,000 to the family of the woman killed in the Chiefs parade shooting","Taylor Swift gives $100,000 to the family of the woman killed in the Chiefs parade shooting","KANSAS CITY, Mo. (AP) — Taylor Swift donated $100,000 to the family of Lisa Lopez-Galvan, the woman killed in the shooting at the Kansas City Chiefs’ Super Bowl victory parade. Two $50,000 donations were posted Friday under the singer’s name on a Go...","KANSAS CITY, Mo. (AP)Taylor Swift donated $100,000 to the family of Lisa Lopez-Galvan, the woman killed in the shooting at the Kansas City Chiefs’ Super Bowl victory parade. Two $50,000 donations were posted Friday under the singer’s name on a GoFun..."
107,5416,1.0,"Taylor Swift gives $100,000 to the family of the woman killed in the Chiefs parade shooting","Taylor Swift gives $100,000 to the family of the woman killed in the Chiefs parade shooting","KANSAS CITY, Mo. (AP) — Taylor Swift donated $100,000 to the family of Lisa Lopez-Galvan, the woman killed in the shooting at the Kansas City Chiefs’ Super Bowl victory parade. Two $50,000 donations were posted Friday under the singer’s name on a Go...","KANSAS CITY, Mo. (AP) — Taylor Swift has donated $100,000 to the family of Lisa Lopez-Galvan, the woman killed in the shooting at the Kansas City Chiefs’ Super Bowl victory parade. Two $50,000 donations were posted Friday under the singer’s name on ..."
107,6383,1.0,"Taylor Swift gives $100,000 to the family of the woman killed in the Chiefs parade shooting","Taylor Swift gives $100,000 to the family of the woman killed in the Chiefs parade shooting","KANSAS CITY, Mo. (AP) — Taylor Swift donated $100,000 to the family of Lisa Lopez-Galvan, the woman killed in the shooting at the Kansas City Chiefs’ Super Bowl victory parade. Two $50,000 donations were posted Friday under the singer’s name on a Go...","KANSAS CITY, Mo. (AP) - Taylor Swift donated $100,000 to the family of Lisa Lopez-Galvan, the woman killed in the shooting at the Kansas City Chiefs’ Super Bowl victory parade. Two $50,000 donations were posted Friday under the singer’s name on a Go..."
107,6393,1.0,"Taylor Swift gives $100,000 to the family of the woman killed in the Chiefs parade shooting","Taylor Swift gives $100,000 to the family of the woman killed in the Chiefs parade shooting","KANSAS CITY, Mo. (AP) — Taylor Swift donated $100,000 to the family of Lisa Lopez-Galvan, the woman killed in the shooting at the Kansas City Chiefs’ Super Bowl victory parade. Two $50,000 donations were posted Friday under the singer’s name on a Go...","KANSAS CITY, Mo. (AP) — Taylor Swift donated $ 100,000 to the family of Lisa Lopez-Galvan, the woman killed in the shooting at the Kansas City Chiefs‘ Super Bowl victory parade. Two $50,000 donations were posted Friday under the singer’s name on a G..."
107,7921,1.0,"Taylor Swift gives $100,000 to the family of the woman killed in the Chiefs parade shooting","Taylor Swift gives $100,000 to the family of the woman killed in the Chiefs parade shooting","KANSAS CITY, Mo. (AP) — Taylor Swift donated $100,000 to the family of Lisa Lopez-Galvan, the woman killed in the shooting at the Kansas City Chiefs’ Super Bowl victory parade. Two $50,000 donations were posted Friday under the singer’s name on a Go...","KANSAS CITY, Mo. (AP) -- Taylor Swift donated $100,000 to the family of Lisa Lopez-Galvan, the woman killed in the shooting at the Kansas City Chiefs' Super Bowl victory parade. Two $50,000 donations were posted Friday under the singer's name on a G..."
109,1015,1.0,Police try to decipher who was behind mass shooting at Chiefs' Super Bowl celebration,Police try to decipher who was behind mass shooting at Chiefs' Super Bowl celebration,"KANSAS CITY, Mo. (AP) — Authorities in Kansas City are trying to decipher who was behind the mass shooting that unfolded Wednesday amid throngs of people at the Chiefs’ Super Bowl celebration, where 21 people were wounded — including at least eight c...","KANSAS CITY, Mo. (AP) — Authorities in Kansas City are trying to decipher who was behind the mass shooting that unfolded Wednesday amid throngs of people at the Chiefs’ Super Bowl celebration, where 21 people were wounded — including at least eight ..."
109,1931,1.0,Police try to decipher who was behind mass shooting at Chiefs' Super Bowl celebration,Police try to decipher who was behind mass shooting at Chiefs' Super Bowl celebration,"KANSAS CITY, Mo. (AP) — Authorities in Kansas City are trying to decipher who was behind the mass shooting that unfolded Wednesday amid throngs of people at the Chiefs’ Super Bowl celebration, where 21 people were wounded — including at least eight c...","KANSAS CITY, Mo. — (AP) — Authorities in Kansas City are trying to decipher who was behind the mass shooting that unfolded Wednesday amid throngs of people at the Chiefs' Super Bowl celebration, where 21 people were wounded — including at least eight..."
111,4601,0.973,Tiroteo durante desfile de Chiefs deja a dos hombres acusados por asesinato,Dos hombres acusados de asesinato por tiroteo en desfile del Super Bowl,"Dos hombres han sido acusados de asesinato por un tiroteo durante el desfile por la victoria en el Super Bowl de los Kansas City Chiefs que se saldó con un muerto y 22 heridos, informaron este martes las autoridades. Dominic Miller y Lyndell Mays han...","Dos hombres han sido acusados de asesinato por un tiroteo durante el desfile por la victoria en el Super Bowl de los Kansas City Chiefs, que se saldó con un muerto y 22 heridos, informaron este martes las autoridades. Dominic Miller y Lyndell Mays h..."
113,497,1.0,"Brother of Kansas City radio DJ, 44, shot dead at Super Bowl parade reveals harrowing new details of her death and how son, 20, and grade school cousins were among 22 injured","Brother of Kansas City radio DJ, 44, shot dead at Super Bowl parade reveals harrowing new details of her death and how son, 20, and grade school cousins were among 22 injured",The family of the female DJ Lisa Lopez-Galvan killed during Wednesday’s mass shooting in Kansas City has claimed she died at the scene rather than a hospital as previously reported. Two suspects are currently in custody as cops in Missouri continue ...,"The family of the female DJ Lisa Lopez-Galvan killed during Wednesday’s mass shooting in Kansas City has claimed she died at the scene rather than a hospital as previously reported. Two suspects are currently in custody, as cops in Missouri continue..."
120,1914,1.0,Kansas City Chiefs Super Bowl parade: Two charged with murder after shooting killed one person,Two charged with murder after shooting at Super Bowl parade,"Two men have been charged with murder after last week's shooting at the Kansas City Chiefs' Super Bowl parade left one person dead and injured 22 others, Missouri prosecutors have confirmed. Dominic Miller and Lyndell Mays are charged with second-de...","Two men have been charged with murder after last week’s shooting at the Kansas City Chiefs’ Super Bowl parade left one person dead and injured 22 others, Missouri prosecutors have confirmed. Dominic Miller and Lyndell Mays are charged with second-de..."
122,1675,1.0,"Kansas City parade shooting tragedy: Suspect released from hospital, admits regret","Kansas City parade shooting tragedy: Suspect released from hospital, admits regret",KANSAS CITY. Mo (TND) — One of the men charged with murder following a shooting at a celebratory parade was released from the hospital. It's been a week since shots were fired in downtown Kansas City at the Chiefs' Super Bowl celebration. Since the...,KANSAS CITY. Mo (TND) — One of the men charged with murder following a shooting at a celebratory parade was released from the hospital. It's been a week since shots were fired in downtown Kansas City at the Chiefs Super Bowl celebration. Since then...
126,2499,1.0,2 men charged in Kansas City Chiefs parade shooting,Kansas City shooting: 2 adults charged with murder,"KANSAS CITY, Mo. -- Missouri prosecutors said Tuesday that two adults have been charged with murder in last week's shooting that killed one person and injured 22 others after the Kansas City Chiefs' Super Bowl parade. The new charges come after two ...","KANSAS CITY, Mo. – Missouri prosecutors said Tuesday that two adults have been charged with murder in last week’s shooting that killed one person and injured 22 others after the Kansas City Chiefs’ Super Bowl parade. The new charges come after two ..."
126,2811,1.0,2 men charged in Kansas City Chiefs parade shooting,News - Two adults are charged with murder in the deadly shooting at Kansas City's Super Bowl celebration,"KANSAS CITY, Mo. -- Missouri prosecutors said Tuesday that two adults have been charged with murder in last week's shooting that killed one person and injured 22 others after the Kansas City Chiefs' Super Bowl parade. The new charges come after two ...","KANSAS CITY, Mo. - Missouri prosecutors said Tuesday that two adults have been charged with murder in last week’s shooting that killed one person and injured 22 others after the Kansas City Chiefs’ Super Bowl parade. The new charges come after two ..."
126,4056,1.0,2 men charged in Kansas City Chiefs parade shooting,2 adults charged with murder in parade shooting,"KANSAS CITY, Mo. -- Missouri prosecutors said Tuesday that two adults have been charged with murder in last week's shooting that killed one person and injured 22 others after the Kansas City Chiefs' Super Bowl parade. The new charges come after two ...","KANSAS CITY, Mo. -- Missouri prosecutors said Tuesday that two adults have been charged with murder in last week's shooting that killed one person and injured 22 others after the Kansas City Chiefs' Super Bowl parade. The new charges come after two j..."
126,4219,1.0,2 men charged in Kansas City Chiefs parade shooting,2 adults are charged with murder in the deadly shooting at Kansas City's Super Bowl celebr,"KANSAS CITY, Mo. -- Missouri prosecutors said Tuesday that two adults have been charged with murder in last week's shooting that killed one person and injured 22 others after the Kansas City Chiefs' Super Bowl parade. The new charges come after two ...","KANSAS CITY, Mo. — Missouri prosecutors said Tuesday that two adults have been charged with murder in last week's shooting that killed one person and injured 22 others after the Kansas City Chiefs' Super Bowl parade. The new charges come after two j..."
126,5837,1.0,2 men charged in Kansas City Chiefs parade shooting,2 adults charged with murder in deadly shooting at Kansas City’s Super Bowl celebration,"KANSAS CITY, Mo. -- Missouri prosecutors said Tuesday that two adults have been charged with murder in last week's shooting that killed one person and injured 22 others after the Kansas City Chiefs' Super Bowl parade. The new charges come after two ...","KANSAS CITY, Mo. — Missouri prosecutors said Tuesday that two adults have been charged with murder in last week’s shooting that killed one person and injured 22 others after the Kansas City Chiefs’ Super Bowl parade. The new charges come after two j..."
126,8303,1.0,2 men charged in Kansas City Chiefs parade shooting,Two adults charged with murder in deadly shooting at Kansas City Chiefs Super Bowl rally,"KANSAS CITY, Mo. -- Missouri prosecutors said Tuesday that two adults have been charged with murder in last week's shooting that killed one person and injured 22 others after the Kansas City Chiefs' Super Bowl parade. The new charges come after two ...","KANSAS CITY, Mo. -- Missouri prosecutors said Tuesday that two adults have been charged with murder in last week's shooting that killed one person and injured 22 others after the Kansas City Chiefs' Super Bowl parade. The new charges come after two..."
126,8503,1.0,2 men charged in Kansas City Chiefs parade shooting,Two adults charged with murder in Chiefs parade shooting,"KANSAS CITY, Mo. -- Missouri prosecutors said Tuesday that two adults have been charged with murder in last week's shooting that killed one person and injured 22 others after the Kansas City Chiefs' Super Bowl parade. The new charges come after two ...","KANSAS CITY, Mo. — Missouri prosecutors said Tuesday that two adults have been charged with murder in last week’s shooting that killed one person and injured 22 others after the Kansas City Chiefs‘ Super Bowl parade. The new charges come after two j..."
127,2794,0.9846,Μακελειό στο Super Bowl: Μητέρα η νεκρή από τους πυροβολισμούς – Πάνω από 20 οι τραυματίες. — World News in Greek на ru24.net,Κάνσας Σίτι: Μητέρα η νεκρή από τους πυροβολισμούς-Πάνω από 20 οι τραυματίες |,"Καρέ καρέ η στιγμή που οπαδοί των Κάνσας Σίτι ακινητοποίησαν έναν από τους υπόπτους – Άγνωστο το κίνητρο της επίθεσης Συναγερμός σήμανε στο Κάνσας, όταν την στιγμή που οι Kansas City Chiefs γιόρταζαν την κατάκτηση του φετινού Super Bowl, τρεις άνδρες...","Καρέ καρέ η στιγμή που οπαδοί των Κάνσας Σίτι ακινητοποίησαν έναν από τους υπόπτους – Άγνωστο το κίνητρο της επίθεσης. Συναγερμός σήμανε στο Κάνσας, όταν την στιγμή που οι Kansas City Chiefs γιόρταζαν την κατάκτηση του φετινού Super Bowl, τρεις άνδρ..."
128,419,1.0,"Kansas City, spari a parata Super Bowl: 3 arresti. Vittima era Dj","Kansas City, spari a parata Super Bowl: 3 arresti. Vittima era Dj","(Adnkronos) – Era una conduttrice di una radio locale, la KKFI 90, Lisa Lopez-Galvan la donna rimasta uccisa quando è stato aperto il fuoco sull’immensa folla, si parla di un milione di persone, che si erano riunite per la parata dei Kansas City Chie...","(Adnkronos) – Era una conduttrice di una radio locale, la KKFI 90, Lisa Lopez-Galvan la donna rimasta uccisa quando è stato aperto il fuoco sull'immensa folla, si parla di un milione di persone, che si erano riunite per la parata dei Kansas City Chie..."
128,1692,1.0,"Kansas City, spari a parata Super Bowl: 3 arresti. Vittima era Dj","Kansas City, spari a parata Super Bowl: 3 arresti. Vittima era Dj","(Adnkronos) – Era una conduttrice di una radio locale, la KKFI 90, Lisa Lopez-Galvan la donna rimasta uccisa quando è stato aperto il fuoco sull’immensa folla, si parla di un milione di persone, che si erano riunite per la parata dei Kansas City Chie...","(Adnkronos) - Era una conduttrice di una radio locale, la KKFI 90, Lisa Lopez-Galvan la donna rimasta uccisa quando è stato aperto il fuoco sull'immensa folla, si parla di un milione di persone, che si erano riunite per la parata dei Kansas City Chie..."
128,2878,0.9664,"Kansas City, spari a parata Super Bowl: 3 arresti. Vittima era Dj","Kansas City, spari a parata Super Bowl: 3 arresti. Vittima era Dj","(Adnkronos) – Era una conduttrice di una radio locale, la KKFI 90, Lisa Lopez-Galvan la donna rimasta uccisa quando è stato aperto il fuoco sull’immensa folla, si parla di un milione di persone, che si erano riunite per la parata dei Kansas City Chie...","Era una conduttrice di una radio locale, la KKFI 90, Lisa Lopez-Galvan la donna rimasta uccisa quando è stato aperto il fuoco sull’immensa folla, si parla di un milione di persone, che si erano riunite per la parata dei Kansas City Chiefs, vincitor..."
129,2210,0.9823,"Travis Kelce, Taylor Swift autographed jersey auctioned for charity","Travis Kelce, Taylor Swift autographed jersey auctioned for charity",How much would you pay for an item autographed by both pop star Taylor Swift and three-time Super Bowl champion Travis Kelce? The two have teamed up to sign Kelce's No. 87 Chiefs jersey to benefit the Guelph Wish Fund for Children. The auction close...,View How much would you pay for an item autographed by both pop star Taylor Swift and three-time Super Bowl champion Travis Kelce? The two have teamed up to sign Kelce's No. 87 Chiefs jersey to benefit the Guelph Wish Fund for Children. The auction...
130,1017,1.0,Taylor Swift dona 100.000 dólares a familia de la víctima del tiroteo,"Taylor Swift dona 100,000 dólares a familia de hispana que perdió la vida en tiroteo","KANSAS CITY, Misuri, EE.UU. (AP) — Taylor Swift donó 100.000 dólares la familia de Lisa Lopez-Galvan, la mujer que falleció en el tiroteo al final del desfile por la celebración del triunfo de los Chiefs de Kansas City en el Super Bowl. Dos donativo...","KANSAS CITY, Misuri, EE.UU. (AP) — Taylor Swift donó 100,000 dólares la familia de Lisa Lopez-Galvan, la mujer que falleció en el tiroteo al final del desfile por la celebración del triunfo de los Chiefs de Kansas City en el Super Bowl. Dos donativo..."
136,7542,1.0,Two men charged with murder in Kansas City Chiefs Super Bowl parade shooting,2 men charged with murder in Kansas City Chiefs Super Bowl parade shooting,Two men have been charged with murder in the Kansas City Chiefs Super Bowl parade shooting that killed one woman and injured more than 20 people last week. The defendants were named by prosecutors as Dominic M. Miller of Kansas City and Lyndell Mays...,Two men have been charged with murder in the Kansas City Chiefs Super Bowl parade shooting that killed one woman and injured more than 20 people last week. The defendants were named by prosecutors as Dominic M. Miller of Kansas City and Lyndell Mays ...
138,6832,0.971,Kansas City Radio DJ Identified as Victim of Chiefs Victory Parade Shooting,,"Lisa Lopez-Galvan, a 44-year-old radio DJ was identified by colleagues and family as the individual killed by gunfire in Wednesday’s mass shooting in Kansas City, Missouri. Another 21 people were shot and wounded when gunfire started as fans were le...","Lisa Lopez-Galvan, a 44-year-old radio DJ was identified by colleagues and family as the individual killed by gunfire in Wednesday’s mass shooting in Kansas City, Missouri. Another 21 people were shot and wounded when gunfire started as fans were lea..."
143,3936,1.0,Lisa Lopez-Galvan Dies In Chiefs Parade Shooting; Was Kansas City Radio DJ,"Kansas City Radio DJ Lisa Lopez-Galvan, Chiefs Super Bowl Parade Shooting Victim, Remembered As “Amazing Woman”","Lisa Lopez-Galvan, a DJ at Kansas City’s KKFI radio station, died Wednesday after a shooting at the end of the Kansas City Chiefs’ Super Bowl victory parade. A total of 21 others were wounded, including three Lopez-Galvan family members. The mother o...","Lisa Lopez-Galvan, a DJ at Kansas City’s KKFI radio station, died Wednesday after a shooting at the end of the Kansas City Chiefs’ Super Bowl victory parade. A total of 21 others were wounded, including three Lopez-Galvan family members. The mother ..."
144,3889,1.0,2 men charged with murder in Kansas City Chiefs rally shooting,2 men charged with murder in Kansas City Chiefs rally shooting,"Two men were charged with murder and other felony charges for their roles in the mass shooting after a Kansas City Chiefs championship rally last week, Jackson County Prosecutor Jean Peters Baker said Tuesday. Lyndell Mays, of Raytown, and Dominic M...","Two men were charged with murder and other felony charges for their roles in the mass shooting after a Kansas City Chiefs championship rally last week, Jackson County Prosecutor Jean Peters Baker said Tuesday. Lyndell Mays, of Raytown, and Dominic M...."
144,8452,1.0,2 men charged with murder in Kansas City Chiefs rally shooting,2 men charged with murder in Kansas City Chiefs rally shooting,"Two men were charged with murder and other felony charges for their roles in the mass shooting after a Kansas City Chiefs championship rally last week, Jackson County Prosecutor Jean Peters Baker said Tuesday. Lyndell Mays, of Raytown, and Dominic M...","Two men were charged with murder and other felony charges for their roles in the mass shooting after a Kansas City Chiefs championship rally last week, Jackson County Prosecutor Jean Peters Baker said Tuesday.Lyndell Mays, of Raytown, and Dominic M. ..."
144,8548,1.0,2 men charged with murder in Kansas City Chiefs rally shooting,2 men charged with murder in Kansas City Chiefs rally shooting,"Two men were charged with murder and other felony charges for their roles in the mass shooting after a Kansas City Chiefs championship rally last week, Jackson County Prosecutor Jean Peters Baker said Tuesday. Lyndell Mays, of Raytown, and Dominic M...","Two men were charged with murder and other felony charges for their roles in the mass shooting after a Kansas City Chiefs championship rally last week, Jackson County Prosecutor Jean Peters Baker said Tuesday. Lyndell Mays, of Raytown, and Dominic ..."
145,1450,1.0,"In the chaos of the Kansas City parade shooting, he’s hit and doesn’t know where his kids are","In the chaos of the Kansas City parade shooting, he's hit and doesn't know where his kids are","Jacob Gooch talks about being shot in the leg during Wednesday’s Super Bowl victory rally for the Kansas City Chiefs while recovering in Leavenworth, Kan., Thursday, Feb. 15, 2024. Gooch, along with his wife and his son, were among the more than 20 p...","Jacob Gooch talks about being shot in the leg during Wednesday's Super Bowl victory rally for the Kansas City Chiefs while recovering in Leavenworth, Kan., Thursday, Feb. 15, 2024. Gooch, along with his wife and his son, were among the more than 20 p..."
149,447,0.9579,Taylor Swift donó 100 mil dólares a la familia de la mujer asesinada durante el desfile de victoria de los Chiefs,Taylor Swift dona 100 mil dólares a familia de DJ mexicana asesinada en tiroteo de Kansas City.,"EU-.La cantante estadounidense Taylor Swift sorprendió a la familia de Lisa López-Galván, una DJ de radio de origen mexicano que murió en el tiroteo masivo ocurrido en el desfile de celebración del equipo de fútbol americano Kansas City Chiefs, al do...","La cantante estadounidense Taylor Swift sorprendió a la familia de Lisa López-Galván, una DJ de radio de origen mexicano que murió en el tiroteo masivo ocurrido en el desfile de celebración del equipo de fútbol americano Kansas City Chiefs, al donar ..."
152,1125,1.0,"Super Bowl parade victim was Kansas City radio DJ, her son was also shot","Super Bowl parade victim was Kansas City radio DJ, her son was also shot","By Kanishka Singh WASHINGTON (Reuters) – Lisa Lopez-Galvan, the woman killed in Wednesday’s mass shooting at a rally to celebrate the Kansas City Chiefs Super Bowl victory, was a popular radio disc jockey who also played music she loved at weddings,...","By Kanishka Singh WASHINGTON (Reuters) - Lisa Lopez-Galvan, the woman killed in Wednesday's mass shooting at a rally to celebrate the Kansas City Chiefs Super Bowl victory, was a popular radio disc jockey who also played music she loved at weddings,..."
153,2848,0.9778,Family mourns loss of Kansas City DJ killed at Chiefs rally shooting,Family mourns loss of Kansas City DJ killed at Chiefs rally shooting,"Beto Lopez said it took him almost a day to realize his sister had been murdered. ""It's just a horrible feeling,"" he said. Gomez, his two siblings — and the rest of their tight-knit family are dealing with the horrific death of Lisa Lopez-Galvan. ...","Beto Lopez said it took him almost a day to realize his sister had been murdered. ""It's just a horrible feeling,"" he said. Gomez, his two siblings and the rest of their tight-knit family are dealing with the horrific death of Lisa Lopez-Galvan. Lo..."
160,319,1.0,Kansas City tries to recover after mass shooting at Super Bowl celebration,Kansas City tries to recover after mass shooting at Super Bowl celebration,"KANSAS CITY, Mo. (AP) — As Kansas City tries to recover after the mass shooting that turned a Super Bowl celebration into chaos, police are working with juvenile prosecutors to determine what happens next with the two young people in custody. A mo...","KANSAS CITY, Mo. — (AP) — As Kansas City tries to recover after the mass shooting that turned a Super Bowl celebration into chaos, police are working with juvenile prosecutors to determine what happens next with the two young people in custody. A mo..."
161,583,0.956,Investigators search for what motivated a shooting that left 1 dead and more than 20 wounded at Chiefs Super Bowl celebration,Investigators search for what motivated a shooting that left 1 dead and more than 20 injured at Chiefs Super Bowl celebration,"(CNN) — Police are working to figure out who opened fire and why after one person was killed and 20 more wounded at the end of the Kansas City Chiefs’ Super Bowl victory rally, sending fans in red jerseys running for cover or tending to those on the ...","Police are working to figure out who opened fire and why after one person was killed and 20 more wounded at the end of the Kansas City Chiefs’ Super Bowl victory rally, sending fans in red jerseys running for cover or tending to those on the ground a..."
162,1825,1.0,Kansas City mom and prominent Hispanic DJ dies in a mass shooting after Chiefs' victory parade,"Victim of shooting at Kansas City Chiefs parade was mum, DJ","Lisa Lopez-Galvan was a music lover and DJ in the Kansas City area who played at weddings, quinceañeras and an American Legion bar and grill. She mixed Tejano, Mexican and Spanish music with R&B and hip-hop, and volunteered as a host on a radio progr...","Lisa Lopez-Galvan was a music lover and DJ in the Kansas City area who played at weddings, quinceañeras and an American Legion bar and grill. She mixed Tejano, Mexican and Spanish music with R&B and hip-hop and volunteered as a host on a radio progra..."
163,2081,0.9717,Taylor Swift donates $100K to family of woman killed at Kansas City Chiefs parade shooting,Kansas City shooting: Taylor Swift donates to victim's family,"Taylor Swift made two $50,000 donations to a GoFundMe for the family of Lisa Lopez-Galvan, the woman killed in the mass shooting at a Super Bowl victory parade of the Kanas City Chiefs on Wednesday. Lopez-Galvan, a beloved DJ in Kansas City, was cel...","Taylor Swift made two US$50,000 donations to a GoFundMe for the family of Lisa Lopez-Galvan, the woman killed in the mass shooting at a Super Bowl victory parade of the Kanas City Chiefs on Wednesday. Lopez-Galvan, a beloved DJ in Kansas City, was c..."
165,5173,1.0,Kansas City Prosecutors File Murder Charges Against Two New Adults,Kansas City Prosecutors File Murder Charges Against Two New Adults,Kansas City Prosecutors File Murder Charges Against Two New Adults Two adults who've been linked to the Kansas City mass shooting are now facing murder charges and other serious counts ... something just announced by KC prosecutors. Lyndell Mays and...,Kansas City Prosecutors File Murder Charges Against Two New Adults Two adults who’ve been linked to the Kansas City mass shooting are now facing murder charges and other serious counts ... something just announced by KC prosecutors. Lyndell Mays and D...
166,557,1.0,2 men are charged with murder in the deadly shooting at Kansas City's Super Bowl celebration,2 men are charged with murder in the deadly shooting at Kansas City's Super Bowl celebration,"KANSAS CITY, Mo. (AP) — Two men charged with murder in last week's shooting after the Kansas City Chiefs’ Super Bowl parade were strangers who pulled out guns and began firing within seconds of starting an argument, according to court documents relea...","KANSAS CITY, Mo. (AP) — Two men charged with murder in last week’s shooting after the Kansas City Chiefs’ Super Bowl parade were strangers who pulled out guns and began firing within seconds of starting an argument, according to court documents relea..."
167,3126,1.0,Dois homens são acusados de assassinato por tiroteio no desfile do Super Bowl,Dois homens são acusados de assassinato por tiroteio no desfile do Super Bowl,"Dois homens foram acusados de assassinato por disparos realizados durante o desfile da vitória do Kansas City Chiefs no Super Bowl, que deixaram uma morta e 22 feridos, anunciaram as autoridades nesta terça-feira (20). Dominic Miller e Lyndell Mays...","Dois homens foram acusados de assassinato por disparos realizados durante o desfile da vitória do Kansas City Chiefs no Super Bowl, que deixaram uma morta e 22 feridos, anunciaram as autoridades nesta terça-feira (20). Dominic Miller e Lyndell Mays ..."
168,489,0.9855,Imputan a dos adolescentes por tiroteo en Kansas City,Imputan a dos adolescentes por tiroteo en Kansas City,"Dos menores fueron acusados del tiroteo que el miércoles causó la muerte de una persona y 22 heridos por disparos, entre ellos nueve niños, durante la concentración para celebrar la victoria de los Kansas City Chiefs en el Super Bowl, dijeron las aut...","Dos menores fueron acusados del tiroteo que el miércoles causó la muerte de una persona y 22 heridos por disparos, entre ellos nueve niños, durante la concentración para celebrar la victoria de los Kansas City Chiefs en el Super Bowl, dijeron las ..."
168,989,0.9637,Imputan a dos adolescentes por tiroteo en Kansas City,Imputan a dos adolescentes por tiroteo en Kansas City,"Dos menores fueron acusados del tiroteo que el miércoles causó la muerte de una persona y 22 heridos por disparos, entre ellos nueve niños, durante la concentración para celebrar la victoria de los Kansas City Chiefs en el Super Bowl, dijeron las aut...","Dos menores fueron acusados del tiroteo que el miércoles causó la muerte de una persona y 22 heridos por disparos, entre ellos nueve niños, durante la concentración para celebrar la victoria de los Kansas City Chiefs en el Super Bowl, dijeron las au..."
173,3011,1.0,"Dispute may have led to the mass shooting after the Chiefs Super Bowl parade, police say","Dispute may have led to the mass shooting after the Chiefs' Super Bowl parade, police say","KANSAS CITY, Mo. — (AP) — The mass shooting that unfolded amid throngs of people at the Kansas City Chiefs' Super Bowl celebration, killing one person and wounding almost two dozen others, appeared to stem from a dispute between several people, autho...","KANSAS CITY, Mo. (AP) — The mass shooting that unfolded amid throngs of people at the Kansas City Chiefs’ Super Bowl celebration, killing one person and wounding almost two dozen others, appeared to stem from a dispute between several people, autho..."
175,1794,1.0,"Taylor Swift gives $100,000 to the family of the woman killed in the Chiefs parade shooting","Taylor Swift gives $100,000 to the family of the woman killed in the Chiefs parade shooting","KANSAS CITY, Mo. — Taylor Swift donated $100,000 to the family of Lisa Lopez-Galvan, the woman killed in the shooting at the Kansas City Chiefs’ Super Bowl victory parade. Two $50,000 donations were posted Friday under the singer’s name on a GoFundM...","KANSAS CITY, Mo. — Taylor Swift donated $100,000 to the family of Lisa Lopez-Galvan, the woman killed in the shooting at the Kansas City Chiefs' Super Bowl victory parade. Two $50,000 donations were posted Friday under the singer's name on a GoFundM..."
175,4198,1.0,"Taylor Swift gives $100,000 to the family of the woman killed in the Chiefs parade shooting",T. Swift gives $100K to shooting victim's family,"KANSAS CITY, Mo. — Taylor Swift donated $100,000 to the family of Lisa Lopez-Galvan, the woman killed in the shooting at the Kansas City Chiefs’ Super Bowl victory parade. Two $50,000 donations were posted Friday under the singer’s name on a GoFundM...","KANSAS CITY, Mo. -- Taylor Swift donated $100,000 to the family of Lisa Lopez-Galvan, the woman killed in the shooting at the Kansas City Chiefs' Super Bowl victory parade. Two $50,000 donations were posted Friday under the singer's name on a GoFundM..."
175,4275,1.0,"Taylor Swift gives $100,000 to the family of the woman killed in the Chiefs parade shooting","Taylor Swift gives $100,000 to the family of the woman killed in the Chiefs parade shooting","KANSAS CITY, Mo. — Taylor Swift donated $100,000 to the family of Lisa Lopez-Galvan, the woman killed in the shooting at the Kansas City Chiefs’ Super Bowl victory parade. Two $50,000 donations were posted Friday under the singer’s name on a GoFundM...","KANSAS CITY, Mo. – Taylor Swift donated $100,000 to the family of Lisa Lopez-Galvan, the woman killed in the shooting at the Kansas City Chiefs’ Super Bowl victory parade. Two $50,000 donations were posted Friday under the singer’s name on a GoFundM..."
182,3810,1.0,Vigil prompted by deadly Chiefs rally shooting highlights KC’s ongoing gun violence,Vigil prompted by deadly Chiefs rally shooting highlights KC’s ongoing gun violence,"They stood in a circle in the parking lot of an East Side community center on a chilly Monday afternoon, five days after Kansas City’s Super Bowl parade and rally ended with the death of Lisa Lopez-Galvan and nearly two dozen wounded. A circle of 60...","They stood in a circle in the parking lot of an East Side community center on a chilly Monday afternoon, five days after Kansas City’s Super Bowl parade and rally ended with the death of Lisa Lopez-Galvan and nearly two dozen wounded. A circle of 60,..."
182,7176,0.9627,Vigil prompted by deadly Chiefs rally shooting highlights KC’s ongoing gun violence,Vigil prompted by deadly Chiefs rally shooting highlights KC’s ongoing gun violence,"They stood in a circle in the parking lot of an East Side community center on a chilly Monday afternoon, five days after Kansas City’s Super Bowl parade and rally ended with the death of Lisa Lopez-Galvan and nearly two dozen wounded. A circle of 60...","They stood in a circle in the parking lot of an East Side community center on a chilly Monday afternoon, five days after Kansas City’s Super Bowl parade and rally ended with the death of Lisa Lopez-Galvan and nearly two dozen wounded. A circle of 6..."
184,8078,1.0,Two adults charged in Kansas City Chiefs Super Bowl parade shooting,Two adults charged in Kansas City Chiefs Super Bowl parade shooting,"KANSAS CITY, Mo. ( WDAF) — Two more suspects have been charged Tuesday in the shooting that followed the Kansas City Chiefs Super Bowl parade and rally on Feb. 14. Prosecutor Jean Peters Baker announced Tuesday that Dominic M. Miller, of Kansas City...","KANSAS CITY, Mo. (WDAF) — Two more suspects have been charged Tuesday in the shooting that followed the Kansas City Chiefs Super Bowl parade and rally on Feb. 14. Prosecutor Jean Peters Baker announced Tuesday that Dominic M. Miller, of Kansas City,..."
186,1047,0.9534,Prosecutor considering charging parents of Kansas City Chiefs parade shooting suspects,Prosecutor considering charging parents of Kansas City Chiefs parade shooting suspects,"Prosecutor considering charging parents of Kansas City Chiefs parade shooting suspects Updated: 1:59 PM CST Feb 20, 2024 THEY SAY WORK BEGINS. WE ARE STILL WORKING TO GET ANSWERS. IN WEDNESDAY’S PARADE SHOOTING. TWO TEENS ARE CHARGED RIGHT NOW, BUT...","Prosecutor considering charging parents of Kansas City Chiefs parade shooting suspects Updated: 2:59 PM EST Feb 20, 2024 THEY SAY WORK BEGINS. WE ARE STILL WORKING TO GET ANSWERS. IN WEDNESDAY’S PARADE SHOOTING. TWO TEENS ARE CHARGED RIGHT NOW, BUT..."
189,4323,0.9815,The stories of 8 victims of the Kansas City Chiefs rally shooting. 1 did not survive,The stories of 8 victims of the Kansas City Chiefs rally shooting. 1 did not survive,A Johnson County mother of two lost her life. Twenty-two more fellow Kansas City Chiefs fans — half of them children — came to celebrate a Super Bowl victory and left Union Station bloodied by bullets. Here are some of the stories of the victims fro...,A Johnson County mother of two lost her life. Twenty-two more fellow Kansas City Chiefs fans — half of them children — came to celebrate a Super Bowl victory and left Union Station bloodied by bullets. Here are some of the stories of the victims from...
190,6636,0.9779,Dua Orang Dewasa Didakwa Membunuh dalam Kematian Kansas City Super Bowl Memperingati Tembakan,Dua Orang Dewasa Didakwa Membunuh dalam Kematian Kansas City Super Bowl Memperingati Tembakan,Pejabat pendakwaan Missouri berkata pada Selasa bahawa dua lelaki dituduh membunuh dalam insiden tembakan yang membunuh seorang dan mencederakan 22 orang lagi selepas sambutan Super Bowl Kansas City. Kedua-dua orang dewasa dituduh pembunuhan darjah ...,(SeaPRwire) – Pejabat pendakwaan Missouri berkata pada Selasa bahawa dua lelaki dituduh membunuh dalam insiden tembakan yang membunuh seorang dan mencederakan 22 orang lagi selepas sambutan Super Bowl Kansas City. Kedua-dua orang dewasa dituduh pemb...
191,1768,1.0,"Travis Kelce donates $100,000 to 2 kids shot during Chiefs Super Bowl parade","Travis Kelce donates $100,000 to 2 kids shot during Chiefs Super Bowl parade",Travis Kelce is helping the surviving victims of the shooting at the Kansas City Chiefs Super Bowl victory parade. The Feb. 14 shooting left one woman dead and 22 injured — including two young girls in the Reyes family. The NFL star’s rep confirmed...,Travis Kelce is helping the surviving victims of the shooting at the Kansas City Chiefs Super Bowl victory parade. The Feb. 14 shooting left one woman dead and 22 injured — including two young girls in the Reyes family. The NFL star's rep confirmed...
192,1657,1.0,Kansas City Chiefs parade mass shooting: Two adults arrested for murder,Kansas City Chiefs parade mass shooting: Two adults arrested for murder,"(KANSAS CITY, Mo.) -- Two adults have been arrested in connection with the mass shooting at the Chiefs' Super Bowl parade last week, prosecutors announced Tuesday. Dominic Miller and Lyndell Mays each face charges of second-degree murder, two counts...","(KANSAS CITY, Mo.) — Two adults have been arrested in connection with the mass shooting at the Chiefs’ Super Bowl parade last week, prosecutors announced Tuesday. Dominic Miller and Lyndell Mays each face charges of second-degree murder, two counts ..."
192,3812,1.0,Kansas City Chiefs parade mass shooting: Two adults arrested for murder,Kansas City Chiefs parade mass shooting: Two adults arrested for murder,"(KANSAS CITY, Mo.) -- Two adults have been arrested in connection with the mass shooting at the Chiefs' Super Bowl parade last week, prosecutors announced Tuesday. Dominic Miller and Lyndell Mays each face charges of second-degree murder, two counts...","KANSAS CITY, Mo. — Two adults have been arrested in connection with the mass shooting at the Chiefs' Super Bowl parade last week, prosecutors announced Tuesday. Dominic Miller and Lyndell Mays each face charges of second-degree murder, two counts of..."
194,6036,1.0,Detroit Police Chief Addresses Safety Concerns About 2024 NFL Draft,Detroit Police Chief Addresses Safety Concerns About 2024 NFL Draft,The city of Detroit issued a statement regarding safety measures for the 2024 NFL Draft following the shooting at Wednesday’s Kansas City Chiefs parade. Kansas City’s celebration ended in tragedy when a mass shooting resulted in numerous injuries an...,The city of Detroit issued a statement regarding safety measures for the 2024 NFL Draft following the shooting at Wednesday's Kansas City Chiefs parade. Kansas City's celebration ended in tragedy when a mass shooting resulted in numerous injuries an...
195,8424,0.9907,Confirman muerte de mexicana Lisa López-Galván en tiroteo en Kansas,Tiroteo en Kansas City: Confirman muerte de mexicana Lisa López-Galván,"Con relación al tiroteo en Kansas City, la secretaria de Relaciones Exteriores del Gobierno de México, Alicia Bárcena, confirmó la muerte de la mexicana Lisa López-Galván durante los hechos. Ayer 14 de febrero, durante un desfile por la celebración d...","En relación al tiroteo en Kansas City, la secretaria de Relaciones Exteriores del Gobierno de México, Alicia Bárcena, confirmó la muerte de la mexicana Lisa López-Galván durante los hechos. Ayer 14 de febrero, durante un desfile por la celebración d..."
197,5367,1.0,2 youths charged in Kansas City Super Bowl parade shooting,Pair of juveniles charged in mass shooting at Kansas City Super Bowl parade,"Two juveniles have been charged with crimes connected to the shooting at the Kansas City Chiefs’ Super Bowl rally, authorities said Friday. A news release from the Jackson County Family Court said the juveniles are being detained in the county’s Juv...","Two juveniles have been charged with crimes connected to the shooting at the Kansas City Chiefs' Super Bowl rally, authorities said Friday. A news release from the Jackson County Family Court said the juveniles are being detained in the county's Juv..."
210,7867,0.9916,Taylor Swift dona 100 mil dólares a familia de mujer mexicana fallecida en tiroteo de Kansas City,Taylor Swift dona 100 mil dólares a familia de mexicana asesinada en tiroteo de Kansas City,"Taylor Swift donó 100 mil dólares a la familia de la mexicana Lisa López-Galván, quien falleció en el tiroteo masivo en un desfile del equipo de fútbol Kansas City Chiefs, ganador del Super Bowl . La cantante, cuya pareja es el jugador del equipo Ka...","Taylor Swift donó 100 mil dólares a la familia de la mexicana Lisa López-Galván, quien falleció en el tiroteo masivo en un desfile del equipo de fútbol Kansas City Chiefs, ganador del Super Bowl . La cantante, cuya pareja es el jugador del equipo K..."
211,5689,1.0,Taylor Swift donates 100k to family of woman killed at Kansas City Chiefs' victory parade,Taylor Swift donates 100k to family of woman killed at Kansas City Chiefs’ victory parade,"Taylor Swift has donated $100,000 to the family of a woman who was shot dead at the Kansas City Chiefs Super Bowl parade. The 'Anti-Hero' hitmaker - who is dating the team's tight end Travis Kelce - made two $50,000 donations and expressed her ""deep...","Taylor Swift has donated $100,000 to the family of a woman who was shot dead at the Kansas City Chiefs Super Bowl parade. The ‘Anti-Hero’ hitmaker – who is dating the team’s tight end Travis Kelce – made two $50,000 donations and expressed her “deep..."
211,5927,1.0,Taylor Swift donates 100k to family of woman killed at Kansas City Chiefs' victory parade,Taylor Swift donates $100k to shooting victim's family at Chief’s parade,"Taylor Swift has donated $100,000 to the family of a woman who was shot dead at the Kansas City Chiefs Super Bowl parade. The 'Anti-Hero' hitmaker - who is dating the team's tight end Travis Kelce - made two $50,000 donations and expressed her ""deep...","Taylor Swift has donated $100,000 to the family of a woman who was shot dead at the Kansas City Chiefs Super Bowl parade. The “Anti-Hero” hitmaker – who is dating the team’s tight end Travis Kelce – made two $50,000 donations and expressed her “deep..."
213,4117,1.0,Chiefs’ Super Bowl parade shooting: What we know,Things to know about the shooting at the Kansas City Chiefs' Super Bowl celebration,"KANSAS CITY, Mo. (AP) — Gunfire erupted at the Kansas City Chiefs’ Super Bowl celebration Wednesday, leaving one woman dead and more than 20 people injured, including children. Shots rang out at the end of the celebration outside the city’s historic...","KANSAS CITY, Mo. (AP) — Gunfire erupted at the Kansas City Chiefs' Super Bowl celebration Wednesday, leaving one woman dead and more than 20 people injured, including children. Shots rang out at the end of the celebration outside the city's historic..."
213,6715,1.0,Chiefs’ Super Bowl parade shooting: What we know,Kansas City parade shooting: What we know so far,"KANSAS CITY, Mo. (AP) — Gunfire erupted at the Kansas City Chiefs’ Super Bowl celebration Wednesday, leaving one woman dead and more than 20 people injured, including children. Shots rang out at the end of the celebration outside the city’s historic...","KANSAS CITY, Mo. (AP) — Gunfire erupted at the Kansas City Chiefs’ Super Bowl celebration Wednesday, leaving one woman dead and more than 20 people injured, including children. Shots rang out at the end of the celebration outside the city's historic..."
223,1343,1.0,"Kansas City police link Super Bowl rally shooting to dispute, not extremism","Kansas City police link Super Bowl rally shooting to dispute, not extremism | Law-Order","A quarrel among several people sparked the shooting spree in Kansas City, Missouri, that killed a woman and wounded 22 people after a celebration of the city’s NFL Super Bowl victory, police said on Thursday, ruling out any apparent link to extremism...","A quarrel among several people sparked the shooting spree in Kansas City, Missouri, that killed a woman and wounded 22 people after a celebration of the city's NFL Super Bowl victory, police said on Thursday, ruling out any apparent link to extremism..."
223,2887,0.962,"Kansas City police link Super Bowl rally shooting to dispute, not extremism","Kansas City police link Super Bowl rally shooting to dispute, not extremism","A quarrel among several people sparked the shooting spree in Kansas City, Missouri, that killed a woman and wounded 22 people after a celebration of the city’s NFL Super Bowl victory, police said on Thursday, ruling out any apparent link to extremism...","Kansas: A quarrel among several people sparked the shooting spree in Kansas City, Missouri, that killed a woman and wounded 22 people after a celebration of the city's NFL Super Bowl victory, police said on Thursday, ruling out any apparent link to e..."
224,2307,0.966,2 adults are charged with murder in the deadly shooting at Kansas City’s Super Bowl celebration,2 adults are charged with murder in the deadly shooting at Kansas City’s Super Bowl celebration,"NICK INGRAM, Associated Press Feb 20, 2024 / 03:13 PM EST Feb 20, 2024 / 03:15 PM EST KANSAS CITY, Mo. (AP) — Missouri prosecutors said Tuesday that two adults have been charged with murder in last week’s shooting that killed one person and injure...","NICK INGRAM, Associated Press Feb 20, 2024 / 03:13 PM EST Feb 20, 2024 / 03:16 PM EST KANSAS CITY, Mo. (AP) — Missouri prosecutors said Tuesday that two adults have been charged with murder in last week’s shooting that killed one person and injure..."
225,733,1.0,Two adults charged with murder in Super Bowl parade shooting,Two adults charged with murder in Super Bowl parade shooting,"Two men have been charged with felony murder on Tuesday in the mass shooting at the Kansas City Chiefs' Super Bowl celebration last week. Lyndell Mays of Raytown (Mo.) and Dominic M. Miller of Kansas City each face one count of second-degree murder,...","Two men have been charged with felony murder on Tuesday in the mass shooting at the Kansas City Chiefs' Super Bowl celebration last week. Lyndell Mays of Raytown (Mo.) and Dominic M. Miller of Kansas City each face one count of second-degree murder, ..."
225,6925,1.0,Two adults charged with murder in Super Bowl parade shooting,Two adults charged with murder in Super Bowl parade shooting,"Two men have been charged with felony murder on Tuesday in the mass shooting at the Kansas City Chiefs' Super Bowl celebration last week. Lyndell Mays of Raytown (Mo.) and Dominic M. Miller of Kansas City each face one count of second-degree murder,...","Two men have been charged with felony murder on Tuesday in the mass shooting at the Kansas City Chiefs’ Super Bowl celebration last week. Lyndell Mays of Raytown (Mo.) and Dominic M. Miller of Kansas City each face one count of second-degree murder,..."
229,1492,0.9915,Kansas City authorities investigating motives behind what led up to Super Bowl parade mass shooting,Kansas City authorities investigating motives behind what led up to Super Bowl parade mass shooting,"(KANSAS CITY, Mo.) -- Authorities are continuing to investigate the motive behind the mass shooting at the Kansas City Chiefs’ Super Bowl parade that left one person dead and 22 others injured earlier this week. As of Friday morning, two juvenile su...","KANSAS CITY, Mo. — Authorities are continuing to investigate the motive behind the mass shooting at the Kansas City Chiefs’ Super Bowl parade that left one person dead and 22 others injured earlier this week. As of Friday morning, two juvenile suspe..."
230,718,1.0,Woman killed during a celebration of Chiefs’ Super Bowl win to be remembered at funeral,Woman killed during a celebration of Chiefs’ Super Bowl win to be remembered at funeral,"FILE - This photo provided by KKFI 90.1FM shows Lisa Lopez-Galvan. Known as Lisa G on KKFI-FM, host of ""Taste of Tejano"" Lopez-Galvan was fatally shot on Wednesday, Feb. 14, 2024 while celebrating the Kansas City Chiefs Super Bowl victory in Kansas C...","FILE - This photo provided by KKFI 90.1FM shows Lisa Lopez-Galvan. Known as Lisa G on KKFI-FM, host of “Taste of Tejano” Lopez-Galvan was fatally shot on Wednesday, Feb. 14, 2024 while celebrating the Kansas City Chiefs Super Bowl victory in Kansas C..."
230,7443,0.9708,Woman killed during a celebration of Chiefs’ Super Bowl win to be remembered at funeral,Chiefs Parade Shooting,"FILE - This photo provided by KKFI 90.1FM shows Lisa Lopez-Galvan. Known as Lisa G on KKFI-FM, host of ""Taste of Tejano"" Lopez-Galvan was fatally shot on Wednesday, Feb. 14, 2024 while celebrating the Kansas City Chiefs Super Bowl victory in Kansas C...","Chiefs Parade Shooting FILE - This photo provided by KKFI 90.1FM shows Lisa Lopez-Galvan. Known as Lisa G on KKFI-FM, host of ""Taste of Tejano"" Lopez-Galvan was fatally shot on Wednesday, Feb. 14, 2024 while celebrating the Kansas City Chiefs Super ..."
236,466,0.973,"Taylor Swift donates $100,000 to family of woman killed at Chiefs rally","Taylor Swift donates $100,000 to family of woman killed at Chiefs rally","Taylor Swift donates $100,000 to family of woman killed at Chiefs rally “Sending my deepest sympathies and condolences in the wake of your devastating loss. With love, Taylor Swift,” she wrote with each of the donations. Chris McCrory 6:38 AM PST ...","Taylor Swift donates $100,000 to family of woman killed at Chiefs rally “Sending my deepest sympathies and condolences in the wake of your devastating loss. With love, Taylor Swift,” she wrote with each of the donations. Chris McCrory 7:38 AM MST ..."
236,553,0.9791,"Taylor Swift donates $100,000 to family of woman killed at Chiefs rally","Taylor Swift donates $100,000 to family of woman killed at Chiefs rally","Taylor Swift donates $100,000 to family of woman killed at Chiefs rally “Sending my deepest sympathies and condolences in the wake of your devastating loss. With love, Taylor Swift,” she wrote with each of the donations. Chris McCrory 6:38 AM PST ...","Taylor Swift donates $100,000 to family of woman killed at Chiefs rally “Sending my deepest sympathies and condolences in the wake of your devastating loss. With love, Taylor Swift,” she wrote with each of the donations. Chris McCrory 9:38 AM EST ..."
236,1270,0.9787,"Taylor Swift donates $100,000 to family of woman killed at Chiefs rally","Taylor Swift donates $100,000 to family of woman killed at Chiefs rally","Taylor Swift donates $100,000 to family of woman killed at Chiefs rally “Sending my deepest sympathies and condolences in the wake of your devastating loss. With love, Taylor Swift,” she wrote with each of the donations. Chris McCrory 6:38 AM PST ...","Taylor Swift donates $100,000 to family of woman killed at Chiefs rally “Sending my deepest sympathies and condolences in the wake of your devastating loss. With love, Taylor Swift,” she wrote with each of the donations. Chris McCrory 8:38 AM CST ..."
237,3963,1.0,Two men charged with murder over shooting at Kansas City Chiefs’ Super Bowl celebrations | US News,Two men charged with murder over shooting at Kansas City Chiefs' Super Bowl celebrations - Seaside FM,"Two men have been charged with murder in connection with a fatal shooting following the Kansas City Chiefs' Super Bowl victory parade.A woman was killed and 22 other people were injured in the 14 February shooting, in Kansas City, Missouri. Dominic M...","Two men have been charged with murder in connection with a fatal shooting following the Kansas City Chiefs' Super Bowl victory parade. A woman was killed and 22 other people were injured in the 14 February shooting, in Kansas City, Missouri.Dominic M..."
242,5023,0.9639,Kansas City mom and prominent Hispanic DJ dies in a mass shooting after Chiefs’ victory parade,Kansas City mom and prominent Hispanic DJ dies in a mass shooting after Chiefs' victory parade,"John Hanna | Associated Press Lisa Lopez-Galvan was a music lover and DJ in the Kansas City area who played at weddings, quinceañeras and an American Legion bar and grill. She mixed Tejano, Mexican and Spanish music with R&B and hip-hop, and volunte...","By JOHN HANNA - Associated Press Lisa Lopez-Galvan was a music lover and DJ in the Kansas City area who played at weddings, quinceañeras and an American Legion bar and grill. She mixed Tejano, Mexican and Spanish music with R&B and hip-hop, and volu..."
242,7672,1.0,Kansas City mom and prominent Hispanic DJ dies in a mass shooting after Chiefs’ victory parade,Kansas City mom and prominent Hispanic DJ dies in a mass shooting after Chiefs’ victory parade,"John Hanna | Associated Press Lisa Lopez-Galvan was a music lover and DJ in the Kansas City area who played at weddings, quinceañeras and an American Legion bar and grill. She mixed Tejano, Mexican and Spanish music with R&B and hip-hop, and volunte...","By JOHN HANNA Associated Press Lisa Lopez-Galvan was a music lover and DJ in the Kansas City area who played at weddings, quinceañeras and an American Legion bar and grill. She mixed Tejano, Mexican and Spanish music with R&B and hip-hop, and volun..."
242,8333,0.9639,Kansas City mom and prominent Hispanic DJ dies in a mass shooting after Chiefs’ victory parade,Kansas City mom and prominent Hispanic DJ dies in a mass shooting after Chiefs’ victory parade,"John Hanna | Associated Press Lisa Lopez-Galvan was a music lover and DJ in the Kansas City area who played at weddings, quinceañeras and an American Legion bar and grill. She mixed Tejano, Mexican and Spanish music with R&B and hip-hop, and volunte...","By JOHN HANNA (Associated Press) Lisa Lopez-Galvan was a music lover and DJ in the Kansas City area who played at weddings, quinceañeras and an American Legion bar and grill. She mixed Tejano, Mexican and Spanish music with R&B and hip-hop, and volu..."
252,7153,0.969,【海外発！Breaking News】「そんなことしないで！」個人的な口論が発端 スーパーボウル優勝パレード銃乱射（米）＜動画あり＞,「そんなことしないで！」個人的な口論が発端 スーパーボウル優勝パレード銃乱射（米）＜動画あり＞ (2024年2月16日) - エキサイトニュース,米ミズーリ州で現地時間2月14日に発生した、カンザスシティ・チーフスのスーパーボウルの優勝祝賀パレード銃乱射事件。カンザスシティの市と警察は、証拠を整理するなど現在も捜査を進めているが、一夜明けて事件の詳細が見えてきた。拘束された容疑者は3人、そのうち2人は少年だった。米ニュースメディア『New York Post』や地元ニュースメディア『KMBC-TV』などが報じた。 事件翌日の15日、米ミズーリ州カンザスシティ警察のステイシー・グレイブス署長(Stacey Graves)は記者会見を行い、...,米ミズーリ州で現地時間2月14日に発生した、カンザスシティ・チーフスのスーパーボウルの優勝祝賀パレード銃乱射事件。カンザスシティの市と警察は、証拠を整理するなど現在も捜査を進めているが、一夜明けて事件の詳細が見えてきた。 拘束された容疑者は3人、そのうち2人は少年だった。米ニュースメディア『New York Post』や地元ニュースメディア『KMBC-TV』などが報じた。 事件翌日の15日、米ミズーリ州カンザスシティ警察のステイシー・グレイブス署長(Stacey Graves)は記者会見を行...
258,7809,0.9893,Taylor Swift realiza donación de 100 mil dólares a la familia de mexicana fallecida en tiroteo en Kansas City,Taylor Swift realiza donación de 100 mil dólares a la familia de mexicana fallecida en tiroteo en Kansas City,"EU.- Taylor Swift ha realizado una significativa donación de 100 mil dólares a la familia de Lisa López-Galván, una mexicana que perdió la vida en el tiroteo masivo que tuvo lugar durante un desfile del equipo de fútbol Kansas City Chiefs, campeón de...","Agencias EU. - Taylor Swift ha realizado una significativa donación de 100 mil dólares a la familia de Lisa López-Galván, una mexicana que perdió la vida en el tiroteo masivo que tuvo lugar durante un desfile del equipo de fútbol Kansas City Chiefs, ..."
261,288,1.0,Things to know about the shooting at the Kansas City Chiefs' Super Bowl celebration,Things to know about the shooting at the Kansas City Chiefs’ Super Bowl celebration,"Shots rang out at the end of the celebration outside the . Fans had lined the parade route and some even climbed trees and street poles or stood on rooftops to watch as players passed by on double-decker buses. The team said all players, coaches and...","Shots rang out at the end of the celebration outside the . Fans had lined the parade route and some even climbed trees and street poles or stood on rooftops to watch as players passed by on double-decker buses. The team said all players, coaches and ..."
261,4831,0.9971,Things to know about the shooting at the Kansas City Chiefs' Super Bowl celebration,Things to know about the shooting at the Kansas City Chiefs' Super Bowl celebration,"Shots rang out at the end of the celebration outside the . Fans had lined the parade route and some even climbed trees and street poles or stood on rooftops to watch as players passed by on double-decker buses. The team said all players, coaches and...","AP Shots rang out at the end of the celebration outside the . Fans had lined the parade route and some even climbed trees and street poles or stood on rooftops to watch as players passed by on double-decker buses. The team said all players, coaches..."
267,1889,1.0,2 men face murder charges in Kansas Super Bowl parade shooting,2 men charged with murder in Kansas City Super Bowl parade shooting,"Two men have been charged with murder in last week’s shooting that killed one person and injured 22 others after the Kansas City Chiefs’ Super Bowl parade, Missouri prosecutors said Tuesday. Dominic Miller and Lyndell Mays are charged with second-de...","Two men have been charged with murder in last week’s shooting that killed one person and injured 22 others after the Kansas City Chiefs’ Super Bowl parade, Missouri prosecutors said on Tuesday. Dominic Miller and Lyndell Mays are charged with second..."
273,5284,1.0,Taylor Swift dona 100.000 dólares a familia de mujer asesinada en desfile de los Chiefs,Taylor Swift dona 100.000 dólares a familia de mujer asesinada en desfile de los Chiefs,"ARCHIVO – Taylor Swift lleva un abrigo con el número del tight end de Kansas CityTravis Kelce diseñada por Kristin Juszczyk, antes de llegar a un partido de postemporada de la NFL entre los Chiefs y los Dolphins de Miami el 13 de enero de 2024, en Ka...","ARCHIVO - Taylor Swift lleva un abrigo con el número del tight end de Kansas CityTravis Kelce diseñada por Kristin Juszczyk, antes de llegar a un partido de postemporada de la NFL entre los Chiefs y los Dolphins de Miami el 13 de enero de 2024, en Ka..."
278,6284,0.9831,"¿Quién era Lisa López-Galván, la DJ con raíces mexicanas que murió en el tiroteo en Kansas City?","¿Quién era Lisa López-Galván, la DJ que murió en el tiroteo en Kansas?","Testigo del tiroteo en Kansas City describe los momentos de pánico 4:26 (CNN) — Lisa López-Galván, DJ de radio del área de Kansas City, murió luego de recibir un disparo en la celebración por la victoria de los Chiefs en el Super Bowl, según una p...","Testigo del tiroteo en Kansas City describe los momentos de pánico 4:26 (CNN) — Lisa López-Galván, DJ de radio del área de Kansas City, murió luego de recibir un disparo en la celebración por la victoria de los Chiefs en el Super Bowl, según una pu..."
281,6857,1.0,Two charged with murder in shooting at Super Bowl rally in Kansas City,Two charged with murder in shooting at Super Bowl rally in Kansas City,"(Reuters) -Two men were charged with murder on Tuesday in connection with a shooting in Kansas City, Missouri, that killed one person and wounded 22 near a Super Bowl victory rally for city’s NFL Champion Chiefs, prosecutors said on Tuesday. The two...","(Reuters) -Two men were charged with murder on Tuesday in connection with a shooting in Kansas City, Missouri, that killed one person and wounded 22 near a Super Bowl victory rally for city's NFL Champion Chiefs, prosecutors said on Tuesday. The two..."
282,623,1.0,"Gunfire at Chiefs’ Super Bowl celebration kills 1 and wounds 21, including children","Gunfire at Chiefs' Super Bowl celebration kills 1 and wounds nearly two-dozen, including children","KANSAS CITY, Mo. (AP) — A historic railway station on the edge of downtown Kansas City became the latest backdrop for a mass shooting as gunfire near the end of the Kansas City Chiefs’ Super Bowl celebration sent terrified fans scrambling for cover a...","KANSAS CITY, Mo. (AP) — A historic railway station on the edge of downtown Kansas City became the latest backdrop for a mass shooting as gunfire near the end of the Kansas City Chiefs' Super Bowl celebration sent terrified fans scrambling for cover ..."
282,1083,1.0,"Gunfire at Chiefs’ Super Bowl celebration kills 1 and wounds 21, including children","Gunfire at Chiefs' Super Bowl celebration kills 1 and wounds 21, including children","KANSAS CITY, Mo. (AP) — A historic railway station on the edge of downtown Kansas City became the latest backdrop for a mass shooting as gunfire near the end of the Kansas City Chiefs’ Super Bowl celebration sent terrified fans scrambling for cover a...","KANSAS CITY, Mo. — (AP) — A historic railway station on the edge of downtown Kansas City became the latest backdrop for a mass shooting as gunfire near the end of the Kansas City Chiefs' Super Bowl celebration sent terrified fans scrambling for cover..."
282,1117,1.0,"Gunfire at Chiefs’ Super Bowl celebration kills 1 and wounds 21, including children","Gunfire at Chiefs' Super Bowl celebration kills 1 and wounds nearly two-dozen, including children","KANSAS CITY, Mo. (AP) — A historic railway station on the edge of downtown Kansas City became the latest backdrop for a mass shooting as gunfire near the end of the Kansas City Chiefs’ Super Bowl celebration sent terrified fans scrambling for cover a...","KANSAS CITY, Mo. (AP) — A historic railway station on the edge of downtown Kansas City became the latest backdrop for a mass shooting as gunfire near the end of the Kansas City Chiefs' Super Bowl celebration sent terrified fans scrambling for cover a..."
284,1846,0.9581,2 men are charged with murder in the deadly shooting at Kansas City’s Super Bowl celebration,2 men are charged with murder in the deadly shooting at Kansas City’s Super Bowl celebration,"Associated Press | ap@dfmdev.com February 20, 2024 at 3:09 p.m. February 20, 2024 at 6:46 p.m. By NICK INGRAM and MARGERY A. BECK (Associated Press) KANSAS CITY, Mo. (AP) — Two men charged with murder in last week’s shooting after the Kansas City ...","Associated Press | ap@dfmdev.com February 20, 2024 at 12:09 p.m. February 20, 2024 at 3:46 p.m. By NICK INGRAM and MARGERY A. BECK (Associated Press) KANSAS CITY, Mo. (AP) — Two men charged with murder in last week’s shooting after the Kansas City..."
293,5107,1.0,Travis Kelce’s foundation makes big donation to girls who were shot at,Travis Kelce’s foundation makes big donation to girls who were shot at Chiefs rally,"It’s little wonder that America — and much of the world — is enamored with the Travis Kelce-Taylor Swift love affair. Friday began with news that Swift had donated $100,000 to the GoFundMe, established for the family of Lisa Lopez-Galvan, a Shawnee ...","It’s little wonder that America — and much of the world — is enamored with the Travis Kelce-Taylor Swift love affair. Friday began with news that Swift had donated $100,000 to the GoFundMe, established for the family of Lisa Lopez-Galvan, a Shawnee m..."
294,5583,1.0,Kansas City hospital discharges all Chiefs parade shooting patients,Kansas City hospital discharges all Chiefs parade shooting patients,Kansas City’s Children’s Mercy Hospital discharged all of its patients Saturday who were admitted after the fatal shooting at the Super Bowl parade for the Kansas City Chiefs. The hospital confirmed with Fox News Digital all patients had been discha...,Kansas City's Children's Mercy Hospital discharged all of its patients Saturday who were admitted after the fatal shooting at the Super Bowl parade for the Kansas City Chiefs. The hospital confirmed with Fox News Digital all patients had been discha...
295,1207,1.0,"La conmoción y la tristeza reemplazan la euforia del Super Bowl en Kansas City, una semana después del gran partido","La conmoción y la tristeza reemplazan la euforia del Super Bowl en Kansas City, una semana después del gran partido","Sobreviviente de Kansas City recrea cómo se protegió del ataque 2:44 Fuera del exterior de piedra caliza de la centenaria Union Station en el extremo sur del centro de la ciudad, una ligera nevada lavó la sangre seca del pavimento. La euforia que ...","Sobreviviente de Kansas City recrea cómo se protegió del ataque 2:44 Fuera del exterior de piedra caliza de la centenaria Union Station en el extremo sur del centro de la ciudad, una ligera nevada lavó la sangre seca del pavimento. La euforia que i..."
295,8049,0.9518,"La conmoción y la tristeza reemplazan la euforia del Super Bowl en Kansas City, una semana después del gran partido","La conmoción y la tristeza reemplazan la euforia del Super Bowl en Kansas City, una semana después del gran partido","Sobreviviente de Kansas City recrea cómo se protegió del ataque 2:44 Fuera del exterior de piedra caliza de la centenaria Union Station en el extremo sur del centro de la ciudad, una ligera nevada lavó la sangre seca del pavimento. La euforia que ...","Sobreviviente de Kansas City recrea cómo se protegió del ataque 2:44 (CNN) — Fuera del exterior de piedra caliza de la centenaria Union Station en el extremo sur del centro de la ciudad, una ligera nevada lavó la sangre seca del pavimento. La euf..."
297,3918,1.0,What we know about Kansas City shooting that killed one and left several with ‘life-threatening’ injuries,What we know about Kansas City shooting that killed one and left several with ‘life-threatening’ injuries,"Wednesday's Super Bowl championship parade was disrupted after shots were fired near Union Station in Kansas City, Missouri, where the Chiefs were addressing fans. Here's what we know about the shooting. What happened on Wednesday? Chiefs fans wer...","Wednesday’s Super Bowl championship parade was disrupted after shots were fired near Union Station in Kansas City, Missouri, where the Chiefs were addressing fans. Here’s what we know about the shooting. What happened on Wednesday? Chiefs fans wer..."
298,477,1.0,Kansas City tries to recover after mass shooting at Super Bowl celebration,Kansas City tries to recover after mass shooting at Super Bowl celebration,"KANSAS CITY, Mo. (AP) — As Kansas City tries to recover after the that turned a into chaos, police are working with juvenile prosecutors to determine what happens next with the two young people in custody. A mother of two was killed and 22 people we...","KANSAS CITY, Mo. — (AP) — As Kansas City tries to recover after the that turned a into chaos, police are working with juvenile prosecutors to determine what happens next with the two young people in custody. A mother of two was killed and 22 people ..."
298,4558,0.9573,Kansas City tries to recover after mass shooting at Super Bowl celebration,Kansas City tries to recover after mass shooting at Super Bowl celebration,"KANSAS CITY, Mo. (AP) — As Kansas City tries to recover after the that turned a into chaos, police are working with juvenile prosecutors to determine what happens next with the two young people in custody. A mother of two was killed and 22 people we...","KANSAS CITY, Mo. — As Kansas City tries to recover after the that turned a into chaos, police are working with juvenile prosecutors to determine what happens next with the two young people in custody. A mother of two was killed and 22 people were in..."
303,1501,1.0,"Patrick, Brittany Mahomes visit hospitalized children who were shot at Chiefs victory parade","Patrick, Brittany Mahomes visit hospitalized children who were shot at Chiefs victory parade","Kansas City Chiefs quarterback Patrick Mahomes and his wife, Brittany, visited Children's Mercy Hospital after the team's Super Bowl victory parade was marred by a mass shooting that began near the Union Station parking garage on Wednesday. 23 total...","Kansas City Chiefs quarterback Patrick Mahomes and his wife, Brittany, visited Children’s Mercy Hospital after the team's Super Bowl victory parade was marred by a mass shooting that began near the Union Station parking garage on Wednesday. 23 total..."
304,737,1.0,Detienen a presunto atacante del metro de Nueva York donde murió un mexicano,Detienen a presunto asesino de mexicano en tiroteo en metro de Nueva York,"El presunto tirador que asesinó al mexicano Obed Beltrán durante un tiroteo en el Metro de Nueva York, fue detenido este jueves. La Policía de la Ciudad de NY dio a conocer sobre la detención del presunto responsable del homicidio del joven, origina...","El presunto tirador que asesinó al mexicano Obed Beltrán durante un tiroteo en el Metro de Nueva York, fue detenido este jueves. La Policía de la Ciudad de NY dio a conocer sobre la detención del presunto responsable del homicidio del joven, ori..."
313,1505,1.0,Gun-related charges laid against two juveniles in Kansas City mass shooting,2 juveniles charged in mass shooting at the Kansas City Chiefs Super Bowl parade,"Two juveniles were charged with crimes connected to the mass shooting at the Kansas City Chiefs’ Super Bowl rally, authorities said Friday, as the city tries to recover in the aftermath of the violence. A news release from the Jackson County Family ...","Two juveniles were charged with crimes connected to the mass shooting at the Kansas City Chiefs’ Super Bowl rally, authorities said Friday, as the city tries to recover in the aftermath of the violence. A news release from the Jackson County Family C..."
320,7660,0.9591,"Taylor Swift gives $100,000 to the family of the woman killed in the Chiefs parade shooting","Taylor Swift gives $100,000 to the family of the woman killed in the Chiefs parade shooting","Feb 16, 2024 / 07:49 AM PST Feb 16, 2024 / 07:49 AM PST KANSAS CITY, Mo. (AP) — Taylor Swift donated $100,000 to the family of Lisa Lopez-Galvan, the woman killed in the shooting at the Kansas City Chiefs’ Super Bowl victory parade. Two $50,000 do...","AP Feb 16, 2024 / 07:49 AM PST Feb 16, 2024 / 07:49 AM PST KANSAS CITY, Mo. (AP) — Taylor Swift donated $100,000 to the family of Lisa Lopez-Galvan, the woman killed in the shooting at the Kansas City Chiefs’ Super Bowl victory parade. Two $50,00..."
325,1667,1.0,Kansas City mass shooting timeline: How the Chiefs' Super Bowl parade ended in tragedy,Kansas City mass shooting timeline: How the Chiefs' Super Bowl parade ended in tragedy,"(NEW YORK) — As Kansas City, Missouri, continues to reel in the aftermath of the tragic mass shooting that rang out at the end of the Chiefs’ Super Bowl parade, authorities are piecing together a timeline of events that left one person dead and 21 in...","(NEW YORK) -- As Kansas City, Missouri, continues to reel in the aftermath of the tragic mass shooting that rang out at the end of the Chiefs' Super Bowl parade, authorities are piecing together a timeline of events that left one person dead and 21 i..."
325,3714,0.9785,Kansas City mass shooting timeline: How the Chiefs' Super Bowl parade ended in tragedy,Kansas City mass shooting timeline: How the Chiefs' Super Bowl parade ended in tragedy,"(NEW YORK) — As Kansas City, Missouri, continues to reel in the aftermath of the tragic mass shooting that rang out at the end of the Chiefs’ Super Bowl parade, authorities are piecing together a timeline of events that left one person dead and 21 in...","NEW YORK — As Kansas City, Missouri, continues to reel in the aftermath of the tragic mass shooting that rang out at the end of the Chiefs' Super Bowl parade, authorities are piecing together a timeline of events that left one person dead and 21 inju..."
326,1463,1.0,Investigators search for answers in deadly mass shooting at Kansas City Chiefs’ Super Bowl celebration,"Kansas City Chiefs parade mass shooting stemmed from dispute, two juveniles detained","Kansas City police are seen at Union Station, where a shooting broke out during the Chiefs' Super Bowl victory rally on Wednesday, Feb. 14, 2024, in Kansas City, Missouri. (Glenn E. Rice/The Kansas City Star/Tribune News Service via Getty Images) (KA...","Kansas City police are seen at Union Station, where a shooting broke out during the Chiefs’ Super Bowl victory rally on Wednesday, Feb. 14, 2024, in Kansas City, Missouri. (Glenn E. Rice/The Kansas City Star/Tribune News Service via Getty Images) (KA..."
329,1895,1.0,Two men charged with murder over shooting at Kansas City Chiefs’ Super Bowl celebrations | US News,Two men charged with murder over shooting at Kansas City Chiefs' Super Bowl celebrations,Two men have been charged with murder in connection with a fatal shooting following the Kansas City Chiefs’ Super Bowl victory parade. A woman was killed and 22 other people were injured in the 14 February shooting. Dominic Miller and Lyndell Mays ...,Two men have been charged with murder in connection with a fatal shooting following the Kansas City Chiefs' Super Bowl victory parade. A woman was killed and 22 other people were injured in the 14 February shooting. Dominic Miller and Lyndell Mays ...
332,3976,1.0,Super Bowl: Η Τέιλορ Σουίφτ δώρησε 100.000 δολάρια στην οικογένεια θύματος της αιματηρής επίθεσης,Super Bowl: Η Τέιλορ Σουίφτ δώρησε 100.000 δολάρια στην οικογένεια θύματος της αιματηρής επίθεσης,"Η Τέιλορ Σουίφτ συνεισέφερε 100.000 δολάρια σε μια σελίδα μέσω της πλατφόρμας GoFundMe που δημιουργήθηκε για την οικογένεια της Λίζα Λόπεζ-Γκαλβάν που σκοτώθηκε από πυροβολισμούς στην παρέλαση των Kansas City Chiefs στο Super Bowl, νωρίτερα αυτή την...","Η Τέιλορ Σουίφτ συνεισέφερε 100.000 δολάρια σε μια σελίδα μέσω της πλατφόρμας GoFundMe που δημιουργήθηκε για την οικογένεια της Λίζα Λόπεζ-Γκαλβάν που σκοτώθηκε από πυροβολισμούς στην παρέλαση των Kansas City Chiefs στο Super Bowl, νωρίτερα αυτή την ..."
337,6103,0.9675,"Lisa Lopez-Galvan's family hoped to lay her to rest in Harrison Butker jersey, Chiefs kicker delivered","Lisa Lopez-Galvan's family hoped to lay her to rest in Harrison Butker jersey, Chiefs kicker delivered","Man, the Kingdom rises above all in great ways, Harrison in his own way, is taking care of that as Lopez-Galvan as they lay Lisa to rest. In the moments of darkness the light shines through.","Man, the Kingdom rises above all in great ways, Harrison in his own way, is taking care of that as Lopez-Galvan lay Lisa to rest. In the moments of darkness the light shines through. Lisa will be at peace, draped in her Chiefs colors."
339,562,1.0,Kansas City tries to recover after mass shooting at Super Bowl celebration,Kansas City tries to recover after mass shooting at Super Bowl celebration,"People attend a candlelight vigil for victims of a shooting at a Kansas City Chiefs Super Bowl victory rally Thursday, Feb. 15, 2024 in Kansas City, Mo. More than 20 people were injured and one woman killed in the shooting near the end of Wednesday’s...","People attend a candlelight vigil for victims of a shooting at a Kansas City Chiefs Super Bowl victory rally Thursday, Feb. 15, 2024 in Kansas City, Mo. More than 20 people were injured and one woman killed in the shooting near the end of Wednesday's..."
343,1279,1.0,Two charged with murder for Super Bowl parade shooting,Kansas City Chiefs: Two charged with murder for Super Bowl parade shooting,"Two men have been charged with murder for last week’s deadly shooting at the Super Bowl victory parade in Kansas City. A woman died and 22 others were injured during the shooting, which police said stemmed from the two men arguing. The charged men ...","Two men have been charged with murder for last week's deadly shooting at the Super Bowl victory parade in Kansas City. A woman died and 22 others were injured during the shooting, which police said stemmed from the two men arguing. The charged men ..."
343,1405,0.9718,Two charged with murder for Super Bowl parade shooting,Two Men Charged with Murder at Super Bowl Parade Shooting,"Two men have been charged with murder for last week’s deadly shooting at the Super Bowl victory parade in Kansas City. A woman died and 22 others were injured during the shooting, which police said stemmed from the two men arguing. The charged men ...","Two men were charged with murder for last week’s deadly shooting at the Super Bowl victory parade in Kansas City. A woman died and 22 others were injured during the shooting, which police said stemmed from the two men arguing. The charged men – ide..."
343,2012,1.0,Two charged with murder for Super Bowl parade shooting,Two Charged With Murder For Super Bowl Parade Shooting,"Two men have been charged with murder for last week’s deadly shooting at the Super Bowl victory parade in Kansas City. A woman died and 22 others were injured during the shooting, which police said stemmed from the two men arguing. The charged men ...","Two men have been charged with murder for last week’s deadly shooting at the Super Bowl victory parade in Kansas City. A woman died and 22 others were injured during the shooting, which police said stemmed from the two men arguing. The charged men –..."
347,397,0.9647,Travis Kelce Matches Taylor Swift's $100k Charity Donation To Kc Shooting Victims,Travis Kelce Matches Taylor Swift’s $100K Charity Donation To KC Shooting Victims,"[ The Kansas City Chiefs are stepping up to help their community in the wake of the victory parade shooting. The Chiefs and the United Way have created the #KCStrong Fund to support shooting victims and their families, and invest in violence preven...","The Kansas City Chiefs are stepping up to help their community in the wake of the victory parade shooting. The Chiefs and the United Way have created the #KCStrong Fund to support shooting victims and their families, and invest in violence prevention..."
347,1544,1.0,Travis Kelce Matches Taylor Swift's $100k Charity Donation To Kc Shooting Victims,Travis Kelce Matches Taylor Swift’s $100K Charity Donation To KC Shooting Victims,"[ The Kansas City Chiefs are stepping up to help their community in the wake of the victory parade shooting. The Chiefs and the United Way have created the #KCStrong Fund to support shooting victims and their families, and invest in violence preven...","The Kansas City Chiefs are stepping up to help their community in the wake of the victory parade shooting. The Chiefs and the United Way have created the #KCStrong Fund to support shooting victims and their families, and invest in violence preventio..."
360,424,0.9757,Two charged with murder over Super Bowl parade shooting,Two men charged with murder in shooting near Kansas City's Super Bowl rally,"Two men have been charged with murder for a gunfight on the fringe of a Super Bowl victory rally in Kansas City, Missouri, that killed one person and wounded more than 20 others, including the suspects, in a quarrel over eye contact, prosecutors said...","Two men are charged with murder for a gunfight on the fringe of a Super Bowl victory rally in Kansas City, Missouri, that killed one person and wounded more than 20 others, including the suspects, in a quarrel over eye contact, prosecutors said on Tu..."
364,4067,0.9557,Public vigil scheduled in support of Chiefs Super Bowl parade and rally shooting victims,Public vigil scheduled in support of Chiefs Super Bowl parade and rally shooting victims,"Public vigil scheduled in support of Chiefs Super Bowl parade and rally shooting victims Updated: 5:46 PM EST Feb 15, 2024 CHRIS AND BRYA. ALL RIGHT. MATT, THANKS. AND AS YOU KNOW, CHILDREN WERE AMONG THOSE WHO WERE SHOT OR OTHERWISE INJURED IN TOD...","Public vigil scheduled in support of Chiefs Super Bowl parade and rally shooting victims Updated: 4:46 PM CST Feb 15, 2024 CHRIS AND BRYA. ALL RIGHT. MATT, THANKS. AND AS YOU KNOW, CHILDREN WERE AMONG THOSE WHO WERE SHOT OR OTHERWISE INJURED IN TOD..."
372,2616,0.9534,美“超级碗”游行枪案致超20人伤亡 两名男子被控谋杀,美“超级碗”游行枪案致超20人伤亡 两名男子被控谋杀_中国网,"2月21日电 据美联社报道,当地时间20日,一份公开的法庭文件显示,美国堪萨斯城“超级碗”游行发生的枪击事件中,两名男子被控谋杀,报道称“两人在争吵后不久掏出了枪并开枪射击”。 图片来源:美联社报道截图 据报道,美国密苏里州检察官表示,在这起枪击事件中,来自该州的林德尔·梅斯(Lyndell Mays)和多米尼克·米勒(Dominic Miller)被指控犯有二级谋杀罪等多项罪名。 警方称,梅斯及米勒两组人群因认为“对方盯着自己而变得焦躁不安”,争执由此开始。监控录像显示,梅斯与其同伙正在...","中新网2月21日电 据美联社报道,当地时间20日,一份公开的法庭文件显示,美国堪萨斯城“超级碗”游行发生的枪击事件中,两名男子被控谋杀,报道称“两人在争吵后不久掏出了枪并开枪射击”。 图片来源:美联社报道截图 据报道,美国密苏里州检察官表示,在这起枪击事件中,来自该州的林德尔·梅斯(Lyndell Mays)和多米尼克·米勒(Dominic Miller)被指控犯有二级谋杀罪等多项罪名。 警方称,梅斯及米勒两组人群因认为“对方盯着自己而变得焦躁不安”,争执由此开始。监控录像显示,梅斯与其同..."
373,7270,1.0,Two adults charged for murder in connection to Kansas City parade shooting,Two adults charged for murder in connection to Kansas City parade shooting,"Two adults were charged with second-degree felony murder in connection to the Kansas City parade shooting that left one person dead and 22 injured following the Kansas City Chiefs’ Super Bowl victory celebration. Lyndell Mays, of Raytown, Mo., and D...","Two adults were charged with second-degree felony murder in connection to the Kansas City parade shooting that left one person dead and 22 injured following the Kansas City Chiefs’ Super Bowl victory celebration. Lyndell Mays, of Raytown, Mo., and Do..."
387,5421,1.0,Kansas City Chiefs Victory Parade Shooting: Two Men Charged With Murder,Kansas City Chiefs Victory Parade Shooting: 2 Men Charged With Murder,"On Tuesday, it was announced that two Kansas City men are facing murder and other felony charges in connection with the homicide and non-fatal shootings outside Union Station last Wednesday, following the Kansas City Chiefs Victory Parade and Rally...","On Tuesday, it was announced that two Kansas City men are facing murder and other felony charges in connection with the homicide and non-fatal shootings outside Union Station last Wednesday , following the Kansas City Chiefs Victory Parade and Rally..."
387,6871,1.0,Kansas City Chiefs Victory Parade Shooting: Two Men Charged With Murder,Kansas City Chiefs Victory Parade Shooting: Two Men Charged With Murder,"On Tuesday, it was announced that two Kansas City men are facing murder and other felony charges in connection with the homicide and non-fatal shootings outside Union Station last Wednesday, following the Kansas City Chiefs Victory Parade and Rally...","On Tuesday, it was announced that two Kansas City men are facing murder and other felony charges in connection with the homicide and non-fatal shootings outside Union Station last Wednesday, following the Kansas City Chiefs Victory Parade and Rally. ..."
388,4225,0.9846,Taylor Swift dona 100 mil dólares a la familia de la mujer asesinada durante el desfile de victoria de los Chiefs,Taylor Swift dona 100 mil dólares a la familia de la mujer asesinada durante el desfile de victoria de los Chiefs,"La celebración del Super Bowl 58 se convirtió no sólo en un evento deportivo sin precedentes, ya que su transmisión habría sido vista por una gran cantidad espectadores a nivel mundial, no obstante, la alegría se convertiría en tragedia tras un tirot...","La celebración del Super Bowl 58 se convirtió no sólo en un evento deportivo sin precedentes, ya que su transmisión habría sido vista por una gran cantidad espectadores a nivel mundial, no obstante, la alegría se convertiría en tragedia tras un tiro..."
395,2195,1.0,Taylor Swift doa US$ 100 mil para família de mulher morta durante ataque a tiros,Taylor Swift doa US$ 100 mil para família de mulher morta durante ataque a tiros,"SÃO PAULO, SP (FOLHAPRESS) - A cantora Taylor Swift doou US$ 100 mil (cerca de R$ 497 mil) para uma campanha criada pela família de Lisa Lopez-Galvan, morta em um ataque a tiros no desfile da vitória do Kansas City Chiefs. Travis Kelce, namorado da c...","SÃO PAULO, SP (FOLHAPRESS) – A cantora Taylor Swift doou US$ 100 mil (cerca de R$ 497 mil) para uma campanha criada pela família de Lisa Lopez-Galvan, morta em um ataque a tiros no desfile da vitória do Kansas City Chiefs. Travis Kelce, namorado da ..."
395,2595,1.0,Taylor Swift doa US$ 100 mil para família de mulher morta durante ataque a tiros,Taylor Swift doa US$ 100 mil para família de mulher morta durante ataque a tiros,"SÃO PAULO, SP (FOLHAPRESS) - A cantora Taylor Swift doou US$ 100 mil (cerca de R$ 497 mil) para uma campanha criada pela família de Lisa Lopez-Galvan, morta em um ataque a tiros no desfile da vitória do Kansas City Chiefs. Travis Kelce, namorado da c...","SÃO PAULO, SP (FOLHAPRESS) – A cantora Taylor Swift doou US$ 100 mil (cerca de R$ 497 mil) para uma campanha criada pela família de Lisa Lopez-Galvan, morta em um ataque a tiros no desfile da vitória do Kansas City Chiefs. Travis Kelce, namorado da c..."
396,1861,0.9852,Patrick Mahomes visits sisters injured in Super Bowl parade shooting | Patrick Mahomes,Patrick Mahomes visits sisters injured in Super Bowl parade shooting,"Kansas City Chiefs quarterback Patrick Mahomes and his wife, Brittany, visited two young sisters who were both shot in the legs during Wednesday’s parade for the reigning Super Bowl champions. The Mahomeses on Thursday paid a call to 10-year-old Mad...","Kansas City Chiefs quarterback Patrick Mahomes and his wife, Brittany, visited two young sisters who were both shot in the legs during Wednesday’s parade for the reigning Super Bowl champions. The Mahomeses on Thursday paid a call to 10-year-old M..."
398,1043,0.9914,Exit 55: More of the Same,More of the Same – Robcasting Media,"(Photo: Andrew Caballero-Reynolds/AFP/Getty Images) It's Valentine's Day and we're feeling the love! It's your average day, of course. Clean the apartment, do laundry, prep for basketball, see a mass shooting online, call games, come home, make din...","(Photo: Andrew Caballero-Reynolds/AFP/Getty Images) It’s Valentine’s Day and we’re feeling the love! It’s your average day, of course. Clean the apartment, do laundry, prep for basketball, see a mass shooting online, call games, come home, make ..."
410,1996,1.0,Family members mourn woman killed at Chiefs' Super Bowl celebration,"Family members mourn woman killed at Chiefs' Super Bowl celebration: ""We did not expect the day to end like this""","Family and friends described Lisa Lopez-Galvan, a local radio personality, as the ""life of the party."" Those close to Lopez-Galvan are mourning after she was killed on Wednesday during a shooting at a parade celebrating the Kansas City Chiefs' Super...","Family and friends described Lisa Lopez-Galvan, a local radio personality, as the “life of the party.” Those close to Lopez-Galvan are mourning after she was killed on Wednesday during a shooting at a parade celebrating the Kansas City Chiefs’ Super..."
411,1989,0.9896,Chiefs parade survivor heard fight break out before getting shot: 'I collapsed',Chiefs parade survivor heard fight break out before getting shot: 'I collapsed',"(NEW YORK) — Jacob Gooch and his family were among the 1 million fans enjoying the Chiefs’ Super Bowl celebration in Kansas City, Missouri, on Wednesday when they heard a fight break out. “We hear a lady saying, something like, ‘Not now, this isn’t ...","NEW YORK — Jacob Gooch and his family were among the 1 million fans enjoying the Chiefs' Super Bowl celebration in Kansas City, Missouri, on Wednesday when they heard a fight break out. ""We hear a lady saying, something like, 'Not now, this isn't th..."
411,3585,1.0,Chiefs parade survivor heard fight break out before getting shot: 'I collapsed',Chiefs parade survivor heard fight break out before getting shot: 'I collapsed',"(NEW YORK) — Jacob Gooch and his family were among the 1 million fans enjoying the Chiefs’ Super Bowl celebration in Kansas City, Missouri, on Wednesday when they heard a fight break out. “We hear a lady saying, something like, ‘Not now, this isn’t ...","(NEW YORK) -- Jacob Gooch and his family were among the 1 million fans enjoying the Chiefs' Super Bowl celebration in Kansas City, Missouri, on Wednesday when they heard a fight break out. ""We hear a lady saying, something like, 'Not now, this isn't..."
413,2179,1.0,Two more charged over shooting at Super Bowl parade,Two more charged over shooting at Super Bowl parade,"One person was killed and 22 others were injured during the 14 February shooting in Kansas City. Two adult men have been charged with murder for last week’s deadly shooting at a Super Bowl victory parade in Kansas City, prosecutors said. A woman di...","One person was killed and 22 others were injured during the 14 February shooting in Kansas City. Two adult men have been charged with murder for last week's deadly shooting at a Super Bowl victory parade in Kansas City, prosecutors said. A woman di..."
421,3915,1.0,"Taylor Swift donates $100,000 to family of woman killed at Kansas City Chiefs parade shooting",Taylor Swift donates $100K to family of woman killed at Kansas City Chiefs parade shooting,"By Marianne Garvey | CNN Taylor Swift made two $50,000 donations to a GoFundMe for the family of Lisa Lopez-Galvan, the woman killed in the mass shooting at a Super Bowl victory parade of the Kanas City Chiefs on Wednesday. Lopez-Galvan, a beloved ...","By Marianne Garvey, CNN Taylor Swift made two $50,000 donations to a GoFundMe for the family of Lisa Lopez-Galvan, the woman killed in the mass shooting at a Super Bowl victory parade of the Kanas City Chiefs on Wednesday. Lopez-Galvan, a beloved D..."
429,2750,1.0,Kansas City radio station confirms death of DJ Lisa Lopez-Galvan at Chiefs' Super Bowl parade,Kansas City radio station confirms death of Lisa Lopez-Galvan at Chiefs' parade,"Kansas City radio station KKFI confirmed Wednesday night that DJ Lisa Lopez-Galvan, host of “Taste of Tejano,” was killed in the shooting at the Chiefs’ Super Bowl parade. Authorities said earlier that one person died and 21 others were hit by gunfi...","Kansas City radio station KKFI confirmed Wednesday night that DJ Lisa Lopez-Galvan, host of “Taste of Tejano,” was killed in the shooting at the Chiefs’ Super Bowl parade. Authorities said earlier that one person died and 21 others were hit by g..."
429,8540,0.9807,Kansas City radio station confirms death of DJ Lisa Lopez-Galvan at Chiefs' Super Bowl parade,Media Confidential: KC Radio: KKFI DJ Killed During Shooting,"Kansas City radio station KKFI confirmed Wednesday night that DJ Lisa Lopez-Galvan, host of “Taste of Tejano,” was killed in the shooting at the Chiefs’ Super Bowl parade. Authorities said earlier that one person died and 21 others were hit by gunfi...","Kansas City radio station KKFI confirmed Wednesday night that DJ Lisa Lopez-Galvan, host of “Taste of Tejano,” was killed in the shooting at the Chiefs’ Super Bowl parade.Authorities said earlier that one person died and 21 others were hit by gunfire..."
429,8675,1.0,Kansas City radio station confirms death of DJ Lisa Lopez-Galvan at Chiefs' Super Bowl parade,Kansas City radio station confirms death of Lisa Lopez-Galvan at Chiefs' parade,"Kansas City radio station KKFI confirmed Wednesday night that DJ Lisa Lopez-Galvan, host of “Taste of Tejano,” was killed in the shooting at the Chiefs’ Super Bowl parade. Authorities said earlier that one person died and 21 others were hit by gunfi...","Kansas City radio station KKFI confirmed Wednesday night that DJ Lisa Lopez-Galvan, host of “Taste of Tejano,” was killed in the shooting at the Chiefs’ Super Bowl parade. Authorities said earlier that one person died and 21 others were hit by gunfir..."
430,4834,0.9787,Επίθεση στην παρέλαση για το Super Bowl: Μητέρα 2 παιδιών και φανατική οπαδός των Chiefs η νεκρή από τους πυροβολισμούς,Επίθεση στην παρέλαση για το Super Bowl: Μητέρα 2 παιδιών και φανατική οπαδός των Chiefs η νεκρή από τους πυροβολισμούς,super bowl Μια μητέρα δύο παιδιών και φανατικός οπαδός των Kansas City Chiefs σκοτώθηκε κατά τη διάρκεια πυροβολισμών το απόγευμα της Τετάρτης κοντά στην παρέλαση για τους νικητές του Super Bowl στην πόλη της ομάδας. Η Lisa Lopez-Galvan πέθανε κατά...,Μια μητέρα δύο παιδιών και φανατικός οπαδός των Kansas City Chiefs σκοτώθηκε κατά τη διάρκεια πυροβολισμών το απόγευμα της Τετάρτης κοντά στην παρέλαση για τους νικητές του Super Bowl στην πόλη της ομάδας. Η Lisa Lopez-Galvan πέθανε κατά τη διάρκεια...
432,4352,0.9592,Juvenile Kansas City Parade Shooting Suspects To Face Adult Charges,Juvenile Kansas City Parade Shooting Suspects To Face Adult Charges,"The Office of the Juvenile Officer in Jackson County has filed charges against two juveniles following a shooting incident at the Kansas City Chiefs’ Super Bowl rally near Union Station on Wednesday, as by FOX-4 KC. The juveniles, currently held at ...","The Office of the Juvenile Officer in Jackson County has filed charges against two juveniles following a shooting incident at the Kansas City Chiefs’ Super Bowl rally near Union Station on Wednesday, as reported by FOX-4 KC. The juveniles, currently..."
434,3474,0.994,Super Bowl: Μία νεκρή και 14 τραυματίες ο απολογισμός των πυροβολισμών,BINTEO: Η στιγμή που οπαδοί αφοπλίζουν ένοπλο που άνοιξε πυρ στην παρέλαση των νικητών του NFL,"Τραγωδία σημειώθηκε κατά τη διάρκεια της παρέλασης για τη νίκη των Kansas City Chiefs στον τελικό του Super Bowl με αποτέλεσμα να σκοτωθεί μια γυναίκα και να τραυματιστούν άλλοι 14, εκ των οποίων τρεις νοσηλεύονται σε κρίσιμη κατάσταση. Τραγωδία σημ...","Τραγωδία σημειώθηκε κατά τη διάρκεια της παρέλασης για τη νίκη των Kansas City Chiefs στον τελικό του Super Bowl με αποτέλεσμα να σκοτωθεί μια γυναίκα και να τραυματιστούν άλλοι 14, εκ των οποίων τρεις νοσηλεύονται σε κρίσιμη κατάσταση. Εξ αυτών, η ..."
438,1663,0.9557,"Taylor Swift gives $100,000 to the family of the woman killed in the Chiefs parade shooting","Taylor Swift gives $100,000 to the family of the woman killed in the Chiefs parade shooting","AP Feb 16, 2024 / 09:49 AM CST Feb 16, 2024 / 09:49 AM CST KANSAS CITY, Mo. (AP) — Taylor Swift donated $100,000 to the family of Lisa Lopez-Galvan, the woman killed in the shooting at the Kansas City Chiefs’ Super Bowl victory parade. Two $50,00...","Feb 16, 2024 / 09:49 AM CST Feb 16, 2024 / 09:49 AM CST KANSAS CITY, Mo. (AP) — Taylor Swift donated $100,000 to the family of Lisa Lopez-Galvan, the woman killed in the shooting at the Kansas City Chiefs’ Super Bowl victory parade. Two $50,000 do..."
441,892,1.0,Local Radio DJ Lisa Lopez-Galvan Killed During Chiefs Super Bowl Parade Shooting,Local Radio DJ Lisa Lopez-Galvan Killed During Chiefs Super Bowl Parade Shooting,"A woman who succumbed to her injuries during the Kansas City Chiefs parade shooting has been identified as a popular radio DJ in the area, Lisa Lopez-Galvan. The Kansas City Star first confirmed her identity, reporting that she died during surgery o...","A woman who succumbed to her injuries during the Kansas City Chiefs parade shooting has been identified as a popular radio DJ in the area, Lisa Lopez-Galvan. The Kansas City Star first confirmed her identity, reporting that she died during surgery..."
446,2467,0.9695,"Taylor Swift Donates $100,000 to Family of Woman Killed During Parade","Taylor Swift Donates $100,000 to Family of Woman Killed During Parade","Taylor Swift is showing her support for a grieving community. The ""Blank Space"" singer has made a $100,00 donation to the loved ones of Lisa Lopez-Galvan, a 43-year-old DJ who was killed during a mass shooting at the Kansas City Chiefs' Super Bowl Da...","Taylor Swift is showing her support for a grieving community. The “Blank Space” singer has made a $100,00 donation to the loved ones of Lisa Lopez-Galvan, a 43-year-old DJ who was killed during a mass shooting at the Kansas City Chiefs’ Super Bowl ..."
449,565,0.9785,"Dispute may have led to the mass shooting after the Chiefs Super Bowl parade, police say","Dispute may have led to the mass shooting after the Chiefs Super Bowl parade, police say","By HEATHER HOLLINGSWORTH, SCOTT McFETRIDGE and JOSH FUNK - Associated Press KANSAS CITY, Mo. (AP) — The mass shooting that unfolded amid throngs of people at the Kansas City Chiefs’ Super Bowl celebration, killing one person and wounding almost tw...","By HEATHER HOLLINGSWORTH, SCOTT McFETRIDGE and JOSH FUNK (Associated Press) KANSAS CITY, Mo. (AP) — The mass shooting that unfolded amid throngs of people at the Kansas City Chiefs’ Super Bowl celebration, killing one person and wounding almost two ..."
455,2959,1.0,Travis Kelce’s foundation makes big donation to girls who were shot at Chiefs rally,Travis Kelce’s foundation makes big donation to girls who were shot at Chiefs rally,"KANSAS CITY, Mo. — It’s little wonder that America — and much of the world — is enamored with the Travis Kelce-Taylor Swift love affair. Friday began with news that Swift had donated $100,000 to the GoFundMe established for the family of Lisa Lopez-...","KANSAS CITY, Mo. — It’s little wonder that America — and much of the world — is enamored with the Travis Kelce-Taylor Swift love affair. Friday began with news that Swift had donated $100,000 to the GoFundMe established for the family of Lisa Lopez-G..."
456,979,0.9785,"Víctima de tiroteo en Kansas City tenía raíces mexicanas, revela AMLO",Choque entre autobús y tráiler provoca cierre de circulación en Carretera Federal 83.,"El presidente Andrés Manuel López Obrador reveló este jueves en su conferencia matutina que la víctima del tiroteo en Kansas CIty, Lisa López-Galván, tenía raíces mexicanas. “Aprovecho también para enviar mi pésame a los padres de quien perdió la vi...","El presidente Andrés Manuel López Obrador reveló este jueves en su conferencia matutina que la víctima del tiroteo en Kansas CIty, Lisa López-Galván, tenía raíces mexicanas. “Aprovecho también para enviar mi pésame a los padres de quien perdió la vid..."
461,1700,1.0,How Travis Kelce Plans to Give Back After Kansas City Shooting,How Travis Kelce Plans to Give Back After Kansas City Shooting,"Travis Kelce continues to grapple with the tragic shooting that left one dead and 22 others injured after this week's Kansas City Chiefs Super Bowl Parade. As the city and fanbase recover from the tragedy, quarterback Patrick Mahomes and wife Britta...","Travis Kelce continues to grapple with the tragic shooting that left one dead and 22 others injured after this week’s Kansas City Chiefs Super Bowl Parade. As the city and fanbase recover from the tragedy, quarterback Patrick Mahomes and wife Britta..."
465,7366,1.0,"Lisa López-Galván, de raíces mexicanas, la víctima mortal en tiroteo de Kansas City (20:00 h)","Lisa López-Galván, de raíces mexicanas, la víctima mortal en tiroteo de Kansas City (20:00 h)","Kansas City, 15 de febrero. Lisa López-Galván, DJ de radio del área de Kansas City, murió luego de recibir un disparo en la celebración por la victoria de los Chiefs en el Super Bowl, confirmó su familia este jueves en una declaración. “En nombre d...","Kansas City, 15 de febrero. Lisa López-Galván, DJ de radio del área de Kansas City, murió luego de recibir un disparo en la celebración por la victoria de los Chiefs en el Super Bowl, confirmó su familia este jueves en una declaración. “En nombre de..."
468,630,1.0,"Shooting after Chiefs Super Bowl parade seemed to stem from dispute among several people, police say","‘There’s a gun!’: Chiefs Super Bowl parade shooting appeared to stem from dispute, police say","KANSAS CITY, Mo. — The mass shooting that unfolded amid throngs of people at the Kansas City Chiefs’ Super Bowl celebration appeared to stem from a dispute between several people, authorities said Thursday. Police Chief Stacey Graves said that the 2...","KANSAS CITY, Mo. — The mass shooting that unfolded amid throngs of people at the Kansas City Chiefs’ Super Bowl celebration appeared to stem from a dispute between several people, authorities said Thursday. Police Chief Stacey Graves said that the ..."
468,2766,0.9728,"Shooting after Chiefs Super Bowl parade seemed to stem from dispute among several people, police say",Page A3,"KANSAS CITY, Mo. — The mass shooting that unfolded amid throngs of people at the Kansas City Chiefs’ Super Bowl celebration appeared to stem from a dispute between several people, authorities said Thursday. Police Chief Stacey Graves said that the 2...","KANSAS CITY, Mo. — The mass shooting that unfolded amid throngs of people at the Kansas City Chiefs' Super Bowl celebration appeared to stem from a dispute among several people, authorities said Thursday. Police Chief Stacey Graves said that the 22 ..."
468,3835,1.0,"Shooting after Chiefs Super Bowl parade seemed to stem from dispute among several people, police say","Shooting after Chiefs Super Bowl parade seemed to stem from dispute among several people, police say","KANSAS CITY, Mo. — The mass shooting that unfolded amid throngs of people at the Kansas City Chiefs’ Super Bowl celebration appeared to stem from a dispute between several people, authorities said Thursday. Police Chief Stacey Graves said that the 2...","KANSAS CITY, Mo. — The mass shooting that unfolded amid throngs of people at the Kansas City Chiefs' Super Bowl celebration appeared to stem from a dispute between several people, authorities said Thursday. Police Chief Stacey Graves said that the 2..."
468,5185,0.9728,"Shooting after Chiefs Super Bowl parade seemed to stem from dispute among several people, police say","Shooting After Chiefs Super Bowl Parade Seemed To Stem From Dispute Among Several People, Police Say","KANSAS CITY, Mo. — The mass shooting that unfolded amid throngs of people at the Kansas City Chiefs’ Super Bowl celebration appeared to stem from a dispute between several people, authorities said Thursday. Police Chief Stacey Graves said that the 2...","KANSAS CITY, Mo.: The mass shooting that unfolded amid throngs of people at the Kansas City Chiefs’ Super Bowl celebration appeared to stem from a dispute between several people, authorities said Thursday. Police Chief Stacey Graves said that the 22..."
483,4057,0.9716,Taylor Swift donates $100k to family of woman killed at Chiefs victory parade,Taylor Swift donates $100k to family of woman killed at Chiefs victory parade,"NME Taylor Swift has donated $100,000 (£79,585) to the family of a woman killed in a mass shooting at the Kansas City Chiefs’ victory parade on Wednesday (February 14). As The Guardian reports, the fatal shooting occurred at the Union Station in Ka...","Taylor Swift has donated $100,000 ( £79,585) to the family of a woman killed in a mass shooting at the Kansas City Chiefs victory parade on Wednesday (February 14). As The Guardian reports, the fatal shooting occurred at the Union Station in Kansas ..."
483,6213,0.9716,Taylor Swift donates $100k to family of woman killed at Chiefs victory parade,Taylor Swift donates $100k to family of woman killed at Chiefs victory parade,"NME Taylor Swift has donated $100,000 (£79,585) to the family of a woman killed in a mass shooting at the Kansas City Chiefs’ victory parade on Wednesday (February 14). As The Guardian reports, the fatal shooting occurred at the Union Station in Ka...","Taylor Swift has donated $100,000 (£79,585) to the family of a woman killed in a mass shooting at the Kansas City Chiefs’ victory parade on Wednesday (February 14). As The Guardian reports, the fatal shooting occurred at the Union Station in Kansas ..."
492,1481,1.0,2 juveniles charged in mass shooting at the Kansas City Chiefs Super Bowl parade,2 juveniles charged in shooting at Chiefs’ parade,"KANSAS CITY, Mo. — Two juveniles were charged with crimes connected to the mass shooting at the Kansas City Chiefs' Super Bowl rally, authorities said Friday, as the city tries to recover in the aftermath of the violence. A news release from the Jac...","KANSAS CITY, Mo. — Two juveniles were charged with crimes connected to the mass shooting at the Kansas City Chiefs’ Super Bowl rally, authorities said Friday, as the city tries to recover in the aftermath of the violence. A news release from the Jac..."
492,3616,1.0,2 juveniles charged in mass shooting at the Kansas City Chiefs Super Bowl parade,Two juveniles charged in mass shooting at Chiefs’ parade,"KANSAS CITY, Mo. — Two juveniles were charged with crimes connected to the mass shooting at the Kansas City Chiefs' Super Bowl rally, authorities said Friday, as the city tries to recover in the aftermath of the violence. A news release from the Jac...","KANSAS CITY, Mo. — Two juveniles were charged with crimes connected to the mass shooting at the Kansas City Chiefs‘ Super Bowl rally, authorities said Friday, as the city tries to recover in the aftermath of the violence. A news release from the Jac..."
492,4299,1.0,2 juveniles charged in mass shooting at the Kansas City Chiefs Super Bowl parade,2 juveniles charged in mass shooting at the Kansas City Chiefs Super Bowl parade,"KANSAS CITY, Mo. — Two juveniles were charged with crimes connected to the mass shooting at the Kansas City Chiefs' Super Bowl rally, authorities said Friday, as the city tries to recover in the aftermath of the violence. A news release from the Jac...","KANSAS CITY, Mo. — Two juveniles were charged with crimes connected to the mass shooting at the Kansas City Chiefs’ Super Bowl rally, authorities said Friday as the city tries to recover in the aftermath of the violence. A news release from the Jac..."
492,5436,1.0,2 juveniles charged in mass shooting at the Kansas City Chiefs Super Bowl parade,2 juveniles charged in mass shooting at the Kansas City Chiefs Super Bowl parade,"KANSAS CITY, Mo. — Two juveniles were charged with crimes connected to the mass shooting at the Kansas City Chiefs' Super Bowl rally, authorities said Friday, as the city tries to recover in the aftermath of the violence. A news release from the Jac...","Kansas City, Mo. — Two juveniles were charged with crimes connected to the mass shooting at the Kansas City Chiefs’ Super Bowl rally, authorities said Friday, as the city tries to recover in the aftermath of the violence. A news release from the Jac..."
493,4302,1.0,Cops I.D. Person Fatally Shot Near Chiefs Victory Parade: What to Know,Police Identify Person Fatally Shot Near Kansas City Chiefs Super Bowl Victory Parade: Everything to Know,Kansas City Police Chief Stacey Graves offered the most exhaustive update Thursday some 24 hours after gunfire erupted in downtown Kansas City moments after the Chiefs’ Super Bowl Victory Parade came to a close. Graves said a total of 23 people were...,Kansas City Police Chief Stacey Graves offered the most exhaustive update Thursday some 24 hours after gunfire erupted in downtown Kansas City moments after the Chiefs' Super Bowl Victory Parade came to a close. Graves said a total of 23 people were...
495,6748,0.9504,2 adults are charged with murder in the deadly shooting at Kansas City’s Super Bowl celebration,2 adults are charged with murder in the deadly shooting at Kansas City’s Super Bowl celebration,"2 adults are charged with murder in the deadly shooting at Kansas City’s Super Bowl celebration Feb 20, 2024 | 2:17 PM KANSAS CITY, Mo. (AP) — Missouri prosecutors said Tuesday that two adults have been charged with murder in last week’s shooting t...","2 adults are charged with murder in the deadly shooting at Kansas City’s Super Bowl celebration Feb 20, 2024 | 12:17 PM KANSAS CITY, Mo. (AP) — Missouri prosecutors said Tuesday that two adults have been charged with murder in last week’s shooting ..."
501,4350,0.9884,La DJ muerta en desfile de los Chiefs de Kansas era de origen mexicano,La DJ muerta en desfile de los Chiefs de Kansas era de origen mexicano,"La DJ de origen mexicano Lisa López-Galván murió este miércoles luego de recibir un balazo durante el tiroteo que ocurrió en el desfile realizado para celebrar la victoria de los Chiefs de Kansas City en el Super Bowl LVIII, detalló la revista People...","La DJ de origen mexicano Lisa López-Galván murió este miércoles luego de recibir un balazo durante el tiroteo que ocurrió en el desfile realizado para celebrar la victoria de los Chiefs de Kansas City en el Super Bowl LVIII, detalló la revista Pe..."
501,7573,0.9913,La DJ muerta en desfile de los Chiefs de Kansas era de origen mexicano,Invade carril y choca contra auto sobre la carretera Torreón-San Pedro a la altura del ejido Hormiguero,"La DJ de origen mexicano Lisa López-Galván murió este miércoles luego de recibir un balazo durante el tiroteo que ocurrió en el desfile realizado para celebrar la victoria de los Chiefs de Kansas City en el Super Bowl LVIII, detalló la revista People...","Quien La DJ de origen mexicano Lisa López-Galván murió este miércoles luego de recibir un balazo durante el tiroteo que ocurrió en el desfile realizado para celebrar la victoria de los Chiefs de Kansas City en el Super Bowl LVIII, detalló la revista..."
502,3621,0.9929,Kansas City Chiefs fan seen in cuffs was not shooter: ‘I was just enjoying myself like everybody else’,Kansas City Chiefs fan seen in cuffs was not shooter: ‘I was just enjoying myself like everybody else’,A Kansas City Chiefs fan who was detained at the team’s Super Bowl victory parade has spoken out to clear his name after social media users wrongly identified him as one of the gunmen in the deadly shooting that broke out during the festivities – say...,A Kansas City Chiefs fan who was detained at the team’s Super Bowl victory parade has spoken out to clear his name after social media users wrongly identified him as one of the gunmen in the deadly shooting that broke out during the festivities: “I w...
503,3903,1.0,"Dispute may have led to the mass shooting after the Chiefs Super Bowl parade, police say","Shooting after Chiefs Super Bowl parade seemed to stem from dispute among several people, police say","KANSAS CITY, Mo. (AP) — The mass shooting that unfolded amid throngs of people at the Kansas City Chiefs’ Super Bowl celebration, killing one person and wounding almost two dozen others, appeared to stem from a dispute between several people, authori...","KANSAS CITY, Mo. (AP) — The mass shooting that unfolded amid throngs of people at the Kansas City Chiefs' Super Bowl celebration, killing one person and wounding almost two dozen others, appeared to stem from a dispute between several people, authori..."
514,5366,0.961,2 teens charged in deadly shooting at Kansas City Chiefs’ Super Bowl parade,2 teens charged in deadly shooting at Kansas City Chiefs’ Super Bowl parade,"Two juveniles have been charged in the shooting that left a woman dead and injured nearly two dozen others at the end of the Kansas City Chiefs’ Super Bowl victory parade earlier this week. The teenagers were charged Thursday, NBC News reported, cit...","Two juveniles have been charged in the shooting that left a woman dead and injured nearly two dozen others at the end of the Kansas City Chief’s Super Bowl victory parade earlier this week. The teenagers were charged Thursday, NBC News reported, cit..."
519,3995,0.9649,2 men charged with murder in Kansas City Chiefs rally shooting,2 men charged with murder in Kansas City rally shooting,"By Eric Levenson, CNN Two men were charged with murder and other felony charges for their roles in the mass shooting after a Kansas City Chiefs championship rally last week, Jackson County Prosecutor Jean Peters Baker said Tuesday. Lyndell Mays, of...","By Eric Levenson, CNN (CNN) — Two men were charged with murder and other felony charges for their roles in the mass shooting after a Kansas City Chiefs championship rally last week, Jackson County Prosecutor Jean Peters Baker said Tuesday. Lyndell ..."
531,7407,0.9815,Lisa Lopez-Galvan honored on ‘A Taste of Tejano’ Funeral Services Announced,"Lisa Lopez-Galvan Remembered on ‘A Taste of Tejano’, Funeral Services Announced – Tejano Nation","Photos courtesy of KKFI Lisa Lopez-Galvan, a beloved figure in the Tejano music community and co-host of “A Taste of Tejano” radio show, tragically lost her life in the Kansas City Super Bowl parade shooting. Known for her vibrant personality and de...","Photos courtesy of KKFI Lisa Lopez-Galvan, a beloved figure in the Tejano music community and co-host of “A Taste of Tejano” radio show, tragically lost her life in the Kansas City Super Bowl parade shooting. Known for her vibrant personality and dee..."
533,5932,0.9793,What it could take for the two juveniles charged in Kansas City parade shooting to be charged as adults,What it could take for the two juveniles charged in Kansas City parade shooting to be charged as adults,"COLUMBIA, Mo. (KMIZ) A lot of evidence will have to be processed to determine what it could take for the two juveniles charged in the Kansas City parade shooting to be charged as adults. On Friday, police revealed two juveniles were charged with cr...","COLUMBIA, Mo. (KMIZ) A lot of evidence will have to be processed to determine what it could take for the two juveniles charged in the Kansas City parade shooting to be charged as adults. On Friday, police revealed two juveniles were charged with c..."
539,717,1.0,Kansas City shooting: Police say dispute led to Super Bowl parade shooting,Kansas City shooting: Police say dispute led to Super Bowl parade shooting,"15 February 2024, 16:02 GMT Updated 6 minutes ago To play this content, please enable JavaScript, or try a different browser Video caption, Watch: Kansas City police praise city’s bravery after shooting Police in Kansas City say an argument between s...","15 February 2024, 16:02 GMT Updated 5 minutes ago To play this content, please enable JavaScript, or try a different browser Video caption, Watch: Kansas City police praise city’s bravery after shooting Police in Kansas City say an argument between s..."
540,5361,1.0,"Après la fusillade à la parole du Super Bowl à Kansas City, deux hommes inculpés pour meurtre",Tirs lors de la parade du Super Bowl: deux adultes inculpés de meurtre,"« Deux hommes de Kansas City font face à des chefs d’accusation de meurtre et d’autres crimes et délits en lien avec l’homicide et les tirs non létaux ayant eu lieu à l’extérieur de (la gare de) Union Station mercredi dernier », a annoncé le bureau d...","""Deux hommes de Kansas City font face à des chefs d'accusation de meurtre et d'autres crimes et délits en lien avec l'homicide et les tirs non létaux ayant eu lieu à l'extérieur de (la gare de) Union Station mercredi dernier"", a annoncé le bureau de ..."
541,3783,0.9815,"Taylor Swift gives $100,000 to the family of the woman killed in the Chiefs parade shooting","Taylor Swift gives $100,000 to the family of the woman killed in the Chiefs parade shooting","KANSAS CITY, Mo. — KANSAS CITY, Mo. (AP) â Taylor Swift donated $100,000 to the family of Lisa Lopez-Galvan, the woman killed in the shooting at the Kansas City Chiefs’ Super Bowl victory parade. Two $50,000 donations were posted Friday under the si...","KANSAS CITY, Mo. — KANSAS CITY, Mo. (AP) â€” Taylor Swift donated $100,000 to the family of Lisa Lopez-Galvan, the woman killed in the shooting at the Kansas City Chiefs’ Super Bowl victory parade. Two $50,000 donations were posted Friday under the ..."
542,4898,1.0,Prosecutors charge two men with murder after shooting at Kansas City Chiefs parade,Prosecutors charge two men with murder after shooting at Kansas City Chiefs parade,"Two adult men have been charged with reckless homicide for the shooting that ended the Kansas City Chiefs' celebrations after their Super Bowl victory. The Missouri Prosecutor's Office has filed charges this Tuesday against the two suspects, who are...","Two adult men have been charged with reckless homicide for the shooting that ended the Kansas City Chiefs’ celebrations after their Super Bowl victory. The Missouri Prosecutor’s Office has filed charges this Tuesday against the two suspects, who are ..."
546,2555,1.0,2 adults charged with murder in Kansas City Super Bowl parade shooting,2 Adults Charged with Murder in Shooting Spree at Kansas City Super Bowl Celebration — Charisma News,Missouri prosecutors said Tuesday that two men have been charged with murder in last week’s shooting that killed one person and injured 22 others after the Kansas City Chiefs’ Super Bowl parade. Both adults are charged with second-degree murder and ...,Missouri prosecutors said Tuesday that two men have been charged with murder in last week's shooting that killed one person and injured 22 others after the Kansas City Chiefs' Super Bowl parade. Both adults are charged with second-degree murder and ...
555,5253,0.966,"Patrick Mahomes y su esposa, Brittany, visitan en el hospital a dos niñas heridas en el tiroteo tras el desfile de los Chiefs",Patrick Mahomes y su esposa visitan en el hospital a dos niñas heridas en el tiroteo tras el desfile de los Chiefs,"El mariscal de campo y jugador más valioso del Super Bowl LVIII, Patrick Mahomes, y su esposa, Brittany Mahomes, visitaron en el hospital a dos niñas que resultaron heridas en el tiroteo que ocurrió minutos después del desfile de los Chiefs en Kansas...","El mariscal de campo y jugador más valioso del Super Bowl LVIII, Patrick Mahomes, y su esposa, Brittanyi Mahomes, visitaron en el hospital a dos niñas que resultaron heridas en el tiroteo que ocurrió minutos después del desfile de los Chiefs en Kansa..."
566,6133,0.9649,2 adultes sont accusés de meurtre lors de la fusillade meurtrière lors de la célébration du Super Bowl à Kansas City,Deux adultes accusés de meurtre lors de la fusillade du défilé des Chiefs,Les procureurs du Missouri ont déclaré mardi que deux adultes avaient été accusés de meurtre lors de la fusillade de la semaine dernière qui a tué une personne et en a blessé 22 autres après le défilé du Super Bowl des Chiefs de Kansas City. Les nouv...,"KANSAS CITY, Missouri — Les procureurs du Missouri ont déclaré mardi que deux adultes avaient été accusés de meurtre lors de la fusillade de la semaine dernière qui a tué une personne et en a blessé 22 autres après le défilé du Super Bowl des Chiefs ..."
568,6953,0.9813,Dua Dewasa Dituntut atas Pembunuhan dalam Kecelakaan Tembak-menembak yang Mematikan saat Perayaan Super Bowl Kansas City – INDONESIA NEWSWIRE,Dua Dewasa Dituntut atas Pembunuhan dalam Kecelakaan Tembak-menembak yang Mematikan saat Perayaan Super Bowl Kansas City – SOUTHEAST ASIA TRIBUNE,(SeaPRwire) – Jaksa Missouri mengatakan pada Selasa bahwa dua pria dituduh membunuh dalam penembakan yang mematikan di Kansas City yang menewaskan satu orang dan melukai 22 orang lainnya setelah . Kedua orang dewasa dituduh pembunuhan derajat kedua ...,Jaksa Missouri mengatakan pada Selasa bahwa dua pria dituduh membunuh dalam penembakan yang mematikan di Kansas City yang menewaskan satu orang dan melukai 22 orang lainnya setelah . Kedua orang dewasa dituduh pembunuhan derajat kedua dan tuduhan la...
574,6661,1.0,Κάνσας: Από τον θρίαμβο του Super Bowl στον τρόμο - Νεκρή μία DJ σε επίθεση στην παρέλαση (βίντεο),Κάνσας: Από τον θρίαμβο στον τρόμο - Ένας νεκρός και 21 τραυματίες σε «τυφλή» ένοπλη επίθεση (βίντεο),"Μια νεαρή κοπέλα νεκρή και πολλοί τραυματίες ο απολογισμός από το περιστατικό πυροβολισμών στο Κάνσας Σίτι. Ένα άτομο σκοτώθηκε και περισσότεροι από 20 άνθρωποι πυροβολήθηκαν στο Κάνσας Σίτι του Μιζούρι, μετά την πανηγυρική παρέλαση που έγινε στην π...","Μια νεαρή κοπέλα νεκρή και πολλοί τραυματίες ο απολογισμός από το περιστατικό πυροβολισμών στο Κάνσας Σίτι. Ένα άτομο σκοτώθηκε και περισσότεροι από 20 άνθρωποι πυροβολήθηκαν στο Κάνσας Σίτι του Μιζούρι, μετά την πανηγυρική παρέλαση που έγινε στην πό..."
575,4417,0.9897,"Snoop Dogg announces brother's death, Taylor Swift donates to family of woman killed at parade, and more celeb news","Snoop Dogg announces brother's death, Taylor Swift donates to family of woman killed at parade, and more celeb news",Snoop Dogg announces the death of his brother Bing Worthington Snoop Dogg's brother Bing Worthington has died aged 44. The 52-year-old rap star has taken to social media to announce his brother's passing and to pay tribute to him. Alongside throwb...,Snoop Dogg announces the death of his brother Bing Worthington Snoop Dogg's brother Bing Worthington has died aged 44. The 52-year-old rap star has taken to social media to announce his brother's passing and to pay tribute to him. Listen now and s...
593,617,0.9538,What's next after the Super Bowl parade shooting in Kansas City,Kansas City works to recover after mass shooting at Super Bowl celebration,"KANSAS CITY, Mo. - As Kansas City tries to recover after the mass shooting that turned a Super Bowl celebration into chaos, police are working with juvenile prosecutors to determine what happens next with the two young people in custody. A mother o...","As Kansas City tries to recover after the mass shooting that turned a Super Bowl celebration into chaos, police are working with juvenile prosecutors to determine what happens next with the two young people in custody. A mother of two was killed and..."
593,1041,1.0,What's next after the Super Bowl parade shooting in Kansas City,Kansas City tries to recover after mass shooting at Super Bowl celebration,"KANSAS CITY, Mo. - As Kansas City tries to recover after the mass shooting that turned a Super Bowl celebration into chaos, police are working with juvenile prosecutors to determine what happens next with the two young people in custody. A mother o...","KANSAS CITY, Mo. — As Kansas City tries to recover after the mass shooting that turned a Super Bowl celebration into chaos, police are working with juvenile prosecutors to determine what happens next with the two young people in custody. A mother of..."
593,3005,0.9785,What's next after the Super Bowl parade shooting in Kansas City,Kansas City tries to recover after mass shooting at Super Bowl celebration,"KANSAS CITY, Mo. - As Kansas City tries to recover after the mass shooting that turned a Super Bowl celebration into chaos, police are working with juvenile prosecutors to determine what happens next with the two young people in custody. A mother o...","KANSAS CITY, Mo. — As Kansas City tries to recover from the mass shooting that turned a Super Bowl celebration into chaos, police are working with juvenile prosecutors to determine what happens next to the two young people in custody. A mother of tw..."
593,4039,1.0,What's next after the Super Bowl parade shooting in Kansas City,What's next after the Super Bowl parade shooting in Kansas City,"KANSAS CITY, Mo. - As Kansas City tries to recover after the mass shooting that turned a Super Bowl celebration into chaos, police are working with juvenile prosecutors to determine what happens next with the two young people in custody. A mother o...","KANSAS CITY, Mo. – As Kansas City tries to recover after the mass shooting that turned a Super Bowl celebration into chaos, police are working with juvenile prosecutors to determine what happens next with the two young people in custody. A mother o..."
593,4134,0.9562,What's next after the Super Bowl parade shooting in Kansas City,Kansas City tries to recover after mass shooting at Super Bowl celebration,"KANSAS CITY, Mo. - As Kansas City tries to recover after the mass shooting that turned a Super Bowl celebration into chaos, police are working with juvenile prosecutors to determine what happens next with the two young people in custody. A mother o...","KANSAS CITY, Mo. (AP)As Kansas City tries to recover after the mass shooting that turned a Super Bowl celebration into chaos, police are working with juvenile prosecutors to determine what happens next with the two young people in custody. A mother ..."
593,4550,1.0,What's next after the Super Bowl parade shooting in Kansas City,Kansas City Tries To Recover After Mass Shooting At Super Bowl Celebration,"KANSAS CITY, Mo. - As Kansas City tries to recover after the mass shooting that turned a Super Bowl celebration into chaos, police are working with juvenile prosecutors to determine what happens next with the two young people in custody. A mother o...","Kansas City, Mo.: As Kansas City tries to recover after the mass shooting that turned a Super Bowl celebration into chaos, police are working with juvenile prosecutors to determine what happens next with the two young people in custody. A mother of ..."
597,4300,1.0,Two men charged with murder over shooting at Kansas City Chiefs' Super Bowl celebrations,Two men charged with murder over shooting at Super Bowl victory celebrations,"Two men have been charged with murder in connection with a fatal shooting following the Kansas City Chiefs' Super Bowl victory parade. A woman was killed and 22 other people were injured in the 14 February shooting, in Kansas City, Missouri. Domini...","Two men have been charged with murder in connection with a fatal shooting following the Kansas City Chiefs’ Super Bowl victory parade. A woman was killed and 22 other people were injured in the 14 February shooting, in Kansas City, Missouri. Domini..."
614,4862,0.9711,"超级碗游行枪案两名嫌犯被控谋杀 称""只是犯傻""_无忧资讯","超级碗游行枪案两名嫌犯被控谋杀 称""只是犯傻"" | 美国要闻","2 men are charged with murder in the deadly shooting at Kansas City's Super Bowl celebration — Teresa Masia Perales (@masia_perales) February 21, 2024 美国中文网综合报道 在上周堪萨斯城酋长队超级碗夺冠后的庆祝游行中发生了大规模 枪击事件,造成1人死亡,20多人受伤。检方周二表示,两名男子因涉嫌枪...","超级碗游行枪案两名嫌犯被控谋杀 称""只是犯傻"" 2 men are charged with murder in the deadly shooting at Kansas City's Super Bowl celebration &mdash; Teresa Masia Perales (@masia_perales) February 21, 2024 美国中文网综合报道 在上周堪萨斯城酋长队超级碗夺冠后的庆祝游行中发生了大规模枪击事件,..."
625,1446,1.0,2 juveniles charged in mass shooting at the Kansas City Chiefs Super Bowl parade,Investigation Finds Preliminary Cause Of Shooting At Super Bowl Parade,"KANSAS CITY, MISSOURI - FEBRUARY 14: Law enforcement and medical personnel respond to a shooting at Union Station during the Kansas City Chiefs Super Bowl LVIII victory parade on February 14, 2024 in Kansas City, Missouri. Several people were shot an...","KANSAS CITY, MISSOURI – FEBRUARY 14: Law enforcement and medical personnel respond to a shooting at Union Station during the Kansas City Chiefs Super Bowl LVIII victory parade on February 14, 2024 in Kansas City, Missouri. Several people were shot an..."
629,3073,1.0,2 adults are charged with murder in the deadly shooting at Kansas City’s Super Bowl celebration,2 adults are charged with murder in the deadly shooting at Kansas City's Super Bowl celebration,"By NICK INGRAM (Associated Press) KANSAS CITY, Mo. (AP) — Missouri prosecutors said Tuesday that two adults have been charged with murder in last week’s shooting that killed one person and injured 22 others after the Kansas City Chiefs’ Super Bowl p...","By NICK INGRAM - Associated Press KANSAS CITY, Mo. (AP) — Missouri prosecutors said Tuesday that two adults have been charged with murder in last week’s shooting that killed one person and injured 22 others after the Kansas City Chiefs’ Super Bowl p..."
634,4072,0.9507,Broncos Mailbag: What Are The Chances Of A Russell Wilson-sean Payton Reunion In 2024?,2 adults are charged with murder in the deadly shooting at Kansas City’s Super Bowl celebration,"2 adults are charged with murder in the deadly shooting at Kansas City’s Super Bowl celebrationBy NICK INGRAM and MARGERY A. BECK (Associated Press) KANSAS CITY, Mo. (AP) — Two men have been charged with murder in last week’s shooting that killed one...","2 adults are charged with murder in the deadly shooting at Kansas City’s Super Bowl celebration By NICK INGRAM and MARGERY A. BECK Associated Press KANSAS CITY, Mo. (AP) — Two men have been charged with murder in last week’s shooting that killed on..."
636,1107,0.9725,"Kansas City Parade: 2 Teen Boys Arrested For Shooting During Chiefs Super Bowl Celebration, Set To B","Kansas City Parade: 2 Teen Boys Arrested For Shooting During Chiefs Super Bowl Celebration, Set To Be Tried As Juveniles",Source: Jamie Squire / Getty The Kansas City Chiefs Super Bowl Championship parade was upended yesterday by chaos and bloodshed after a total of 23 people were injured with gunshot wounds after a barrage of bullets broke the air outside of Union S...,Source: Jamie Squire / Getty The Kansas City Chiefs Super Bowl Championship parade was upended yesterday by chaos and bloodshed after a total of 23 people were injured with gunshot wounds after a barrage of bullets broke the air outside of Union Sta...
636,7938,0.9523,"Kansas City Parade: 2 Teen Boys Arrested For Shooting During Chiefs Super Bowl Celebration, Set To B","Kansas City Parade: 2 Teen Boys Arrested For Shooting During Chiefs Super Bowl Celebration, Set To B",Source: Jamie Squire / Getty The Kansas City Chiefs Super Bowl Championship parade was upended yesterday by chaos and bloodshed after a total of 23 people were injured with gunshot wounds after a barrage of bullets broke the air outside of Union S...,Source: Jamie Squire / Getty The Kansas City Chiefs Super Bowl Championship parade was upended Wednesday by chaos and bloodshed after a total of 23 people were injured with gunshot wounds after a barrage of bullets broke the air outside of Union S...
637,7523,1.0,One dead as 22 shot near end of Chiefs’ victory parade,One dead as 22 shot near end of Chiefs' victory parade,"Feb 14, 2024, 03:40 PM ET KANSAS CITY, Mo. — One person is dead, and 21 others were wounded by gunfire at the end of the Chiefs‘ Super Bowl parade Wednesday, according to authorities. Three people have been detained and are under investigation, Kan...","Feb 14, 2024, 03:40 PM ET KANSAS CITY, Mo. — One person is dead, and 21 others were wounded by gunfire at the end of the Chiefs’ Super Bowl parade Wednesday, according to authorities. Three people have been detained and are under investigation, Kan..."
639,2574,1.0,What's the latest in the investigation of the shooting at the Kansas City Chiefs' Super Bowl parade?,One man charged in Super Bowl parade shooting recently came off probation,"KANSAS CITY, Mo. (AP) — One of the men charged in a Kansas City Chiefs Super Bowl victory celebration shooting that left one person dead and around two dozen others injured had recently come off probation for pulling out a gun during a dispute over ...","KANSAS CITY, Mo. (AP) — One of the men charged in a Kansas City Chiefs Super Bowl victory celebration shooting that left one person dead and around two dozen others injured had recently come off probation for pulling out a gun during a dispute over a..."
643,2040,0.9643,At Least 1 Person Killed in Shooting at Chiefs Super Bowl Celebration,At Least 1 Person Killed in Shooting at Chiefs,"At Least 1 Person Killed in Shooting , at Chiefs Super Bowl Celebration. Up to 22 people were shot leaving a rally for the Chiefs' Super Bowl win on Feb. 14, NBC News reports. . Up to 22 people were shot leaving a rally for the Chiefs' Super Bowl win...","At Least 1 Person Killed in Shooting , at Chiefs Super Bowl Celebration. Up to 22 people were shot leaving a rally for the Chiefs' Super Bowl win on Feb. 14, NBC News reports. Up to 22 people were shot leaving a rally for the Chiefs' Super Bowl wi..."
650,3584,1.0,Two juveniles charged in Chiefs' celebration shootings,NFL News: Two juveniles charged in Chiefs' celebration shootings,"Two juveniles have been charged in connection to the shootings at the Kansas City Chiefs' Super Bowl celebration, the Jackson County Family Court announced Friday. The Court said the juveniles were charged Thursday on gun-related and resisting arres...","Two juveniles have been charged in connection to the shootings at the Kansas City Chiefs’ Super Bowl celebration, the Jackson County Family Court announced Friday. The Court said the juveniles were charged Thursday on gun-related and resisting arres..."
652,3084,1.0,Taylor Swift dona 100 mil dólares a familia de la mexicana que murió en Kansas,Dona Taylor Swift 100 mil dÃ³lares,"Taylor Swift sorprendió a la familia de Lisa López-Galván , la DJ de radio de origen mexicano que murió en el tiroteo masivo ocurrido en el desfile de celebración del equipo de fútbol americano Kansas City Chiefs. La cantante les donó 100 mil dólares...","Taylor Swift sorprendió a la familia de Lisa López-Galván, la DJ de radio de origen mexicano que murió en el tiroteo masivo ocurrido en el desfile de celebración del equipo de fútbol americano Kansas City Chiefs. La cantante les donó 100 mil dólares ..."
652,7258,1.0,Taylor Swift dona 100 mil dólares a familia de la mexicana que murió en Kansas,Taylor Swift dona 100 mil dólares a familia de la mexicana que murió en Kansas,"Taylor Swift sorprendió a la familia de Lisa López-Galván , la DJ de radio de origen mexicano que murió en el tiroteo masivo ocurrido en el desfile de celebración del equipo de fútbol americano Kansas City Chiefs. La cantante les donó 100 mil dólares...","Taylor Swift sorprendió a la familia de Lisa López-Galván, la DJ de radio de origen mexicano que murió en el tiroteo masivo ocurrido en el desfile de celebración del equipo de fútbol americano Kansas City Chiefs. La cantante les donó 100 mil dólares..."
654,1319,1.0,Two juveniles charged in Kansas City Super Bowl rally shooting,Two juveniles charged in Kansas City Super Bowl rally shooting,"By Brad Brooks and Brendan O’Brien (Reuters) -Two teenagers have been charged as juveniles in connection with the shooting that killed one person and wounded 22 others in Kansas City, Missouri, near a Super Bowl victory rally for the city’s NFL cham...","By Brad Brooks and Brendan O'Brien (Reuters) -Two teenagers have been charged as juveniles in connection with the shooting that killed one person and wounded 22 others in Kansas City, Missouri, near a Super Bowl victory rally for the city's NFL cham..."
656,3624,0.987,T. Swift gives $100K to shooting victim’s family,Taylor Swift gives $100K to family of woman killed at Chiefs' parade - ESPN,"Associated Press Feb 16, 2024, 11:26 AM ET KANSAS CITY, Mo. — Taylor Swift donated $100,000 to the family of Lisa Lopez-Galvan, the woman killed in the shooting at the Kansas City Chiefs’ Super Bowl victory parade. Two $50,000 donations were poste...","Associated Press Feb 16, 2024, 11:26 AM ET KANSAS CITY, Mo. -- Taylor Swift donated $100,000 to the family of Lisa Lopez-Galvan, the woman killed in the shooting at the Kansas City Chiefs' Super Bowl victory parade. Two $50,000 donations were post..."
658,1249,1.0,"Gunfire at Chiefs' Super Bowl celebration kills 1 and wounds nearly two dozen, including children","Gunfire at Chiefs' Super Bowl celebration kills 1 and wounds 21, including children","KANSAS CITY, Mo. (AP) — A historic railway station on the edge of downtown Kansas City became the latest backdrop for a mass shooting as gunfire near the end of the Kansas City Chiefs' sent terrified fans scrambling for cover and left 21 people wound...","KANSAS CITY, Mo. (AP) — A historic railway station on the edge of downtown Kansas City became the latest backdrop for a mass shooting as gunfire near the end of the Kansas City Chiefs’ sent terrified fans scrambling for cover and left 21 people wound..."
659,6987,0.9717,"5 things to know for Feb. 21: Presidential race, Super Bowl rally, Russian spies, Middle East, Frozen embryos – KION546","5 things to know for Feb. 21: Presidential race, Super Bowl rally, Russian spies, Middle East, Frozen embryos","By Alexandra Banner, CNN Traffic is one of the biggest sources of carbon pollution in the US, as big cities often earn failing grades for air quality. However, a new report from the American Lung Association says millions of children’s lives would b...","CNN By Alexandra Banner, CNN Traffic is one of the biggest sources of carbon pollution in the US, as big cities often earn failing grades for air quality. However, a new report from the American Lung Association says millions of children’s lives wo..."
662,4444,0.9722,"Kansas City Chiefs Super Bowl parade shooting: Dominic Miller, Lyndell Mays charged with murder","Dominic Miller, Lyndell Mays charged with murder in Kansas City Chiefs Super Bowl parade shooting","Two adults were charged with murder Tuesday over the terrifying shooting at the Kansas City Chiefs Super Bowl parade that left one dead and 22 others hospitalized, prosecutors said. Dominic Miller, 18, and Lyndell Mays, 23, both face charges of secon...","Two adults were charged with murder Tuesday over the terrifying shooting at the Kansas City Chiefs Super Bowl parade that left one dead and 22 others hospitalized, prosecutors said. Dominic Miller, 18, and Lyndell Mays, 23, both face charges of seco..."
664,4854,1.0,Tremendous Bowl celebration capturing: Issues to know,Things to know about the shooting at the Kansas City Chiefs' Super Bowl celebration,"Kansas City, Mo. – Members of the Kansas City community are expected to gather Saturday afternoon to “demand a future free from gun violence” a day after authorities announced that two juveniles had been detained on gun-related and resisting arrest ...","Kansas City, Mo. - Members of the Kansas City community are expected to gather Saturday afternoon to “demand a future free from gun violence” a day after authorities announced that two juveniles had been detained on gun-related and resisting arrest ..."
666,7388,1.0,2 adults charged with murder in Kansas City parade shooting,2 adults charged with murder in Kansas City parade shooting,"Two adults have been charged with murder in the deadly shooting that occurred at Kansas City's Super Bowl celebration last Wednesday, according to the prosecutor. Lyndell Mays and Dominic Miller now each face charges of second-degree murder, two cou...","Two adults have been charged with murder in the deadly shooting that occurred at Kansas City’s Super Bowl celebration last Wednesday, according to the prosecutor. Lyndell Mays and Dominic Miller now each face charges of second-degree murder, two cou..."
668,3312,0.9567,Taylor Swift donates 100K to Chiefs parade shooting victim’s family – CBS 42,Taylor Swift donates $100K to Chiefs parade shooting victim’s family – who13.com,"Taylor Swift donates 100K to Chiefs parade shooting victim's family Toggle header content News Taylor Swift made two donations to the GoFundMe for Lisa Lopez-Galvan, the victim who died in the shooting at the end of the Chiefs parade and rally,.","Taylor Swift donates $100K to Chiefs parade shooting victim's family Toggle header content Taylor Swift made two donations to the GoFundMe for Lisa Lopez-Galvan, the victim who died in the shooting at the end of the Chiefs parade and rally,."
668,4790,1.0,Taylor Swift donates 100K to Chiefs parade shooting victim’s family – CBS 42,Taylor Swift donates $100K to Chiefs parade shooting victim’s family – WGN Radio 720 – Chicago's Very Own,"Taylor Swift donates 100K to Chiefs parade shooting victim's family Toggle header content News Taylor Swift made two donations to the GoFundMe for Lisa Lopez-Galvan, the victim who died in the shooting at the end of the Chiefs parade and rally,.","Taylor Swift donates $100K to Chiefs parade shooting victim's family Toggle header content News Taylor Swift made two donations to the GoFundMe for Lisa Lopez-Galvan, the victim who died in the shooting at the end of the Chiefs parade and rally,."
673,7852,0.9678,Dalawang Kabataan na Nagkasala sa Malaking Pamamaril sa Parada ng Super Bowl,Dalawang Kabataan na Nagkasala sa Malaking Pamamaril sa Parada ng Super Bowl,"(SeaPRwire) – KANSAS CITY, Mo. — Dalawang kabataan ang nahabla sa mga kasong konektado sa malawakang pagbaril sa parade ng Kansas City Chiefs’ , ayon sa awtoridad ng Biyernes, habang ang lungsod ay nagsusumikap na makabangon mula sa pagkagambala. Ay...","KANSAS CITY, Mo. — Dalawang kabataan ang nahabla sa mga kasong konektado sa malawakang pagbaril sa parade ng Kansas City Chiefs’ , ayon sa awtoridad ng Biyernes, habang ang lungsod ay nagsusumikap na makabangon mula sa pagkagambala. Ayon sa pahayag ..."
674,1653,0.9573,2 charged with murder in Chiefs celebration parade shooting,2 adults are charged with murder in shooting at Kansas City's Super Bowl celebration,"By Nick Ingram and Margery A. Beck | Associated Press KANSAS CITY, Mo. — Missouri prosecutors said Tuesday that two men have been charged with murder in last week’s shooting that killed one person and injured 22 others after the Kansas City Chiefs’ ...","By NICK INGRAM and MARGERY A. BECK Associated Press KANSAS CITY, Mo. — Missouri prosecutors said Tuesday that two men have been charged with murder in last week’s shooting that killed one person and injured 22 others after the Kansas City Chiefs’ Su..."
674,4684,0.9628,2 charged with murder in Chiefs celebration parade shooting,2 adults charged with murder in deadly shooting at Super Bowl celebration,"By Nick Ingram and Margery A. Beck | Associated Press KANSAS CITY, Mo. — Missouri prosecutors said Tuesday that two men have been charged with murder in last week’s shooting that killed one person and injured 22 others after the Kansas City Chiefs’ ...","By Nick Ingram and Margery A. Beck, The Associated Press KANSAS CITY, Mo. — Missouri prosecutors said Tuesday that two men have been charged with murder in last week’s shooting that killed one person and injured 22 others after the Kansas City Chief..."
681,6387,0.9666,"In the chaos of the Kansas City parade shooting, he’s hit and doesn’t know where his kids are","In the chaos of the Kansas City parade shooting, he’s hit and doesn’t know where his kids are","News In the chaos of the Kansas City parade shooting, he’s hit and doesn’t know where his kids are NICK INGRAM and JOHN HANNA, Associated Press Feb 16, 2024 / 12:56 PM CST Feb 16, 2024 / 12:56 PM CST NICK INGRAM and JOHN HANNA, Associated Press ...","AP Top Headlines In the chaos of the Kansas City parade shooting, he’s hit and doesn’t know where his kids are NICK INGRAM and JOHN HANNA, Associated Press Feb 16, 2024 / 12:56 PM CST Feb 16, 2024 / 12:56 PM CST NICK INGRAM and JOHN HANNA, Assoc..."
682,1044,0.952,"Una disputa, causa probable del tiroteo en desfile de los Chiefs, según autoridades","Una disputa, causa probable del tiroteo en desfile de los Chiefs, según autoridades","Servicios de ESPN.com 15 de feb, 2024, 14:14 ET A pesar de lo sucedido, el alcalde de Kansas City dijo que no espera se cancelen los desfiles en la ciudad, incluyendo el próximo para día de San Patricio KANSAS CITY -- Autoridades en Kansas City in...","Servicios de ESPN.com 15 de feb, 2024, 14:14 A pesar de lo sucedido, el alcalde de Kansas City dijo que no espera se cancelen los desfiles en la ciudad, incluyendo el próximo para día de San Patricio KANSAS CITY -- Autoridades en Kansas City infor..."
684,4426,1.0,"Polícia de Kansas City associa tiros em festa do Superbowl a briga, não a terrorismo","Polícia de Kansas City associa tiros em festa do Superbowl a briga, não a terrorismo","Por Brad Brooks e Rich McKay e Brendan O’Brien (Reuters) – Uma briga envolvendo várias pessoas provocou um tiroteio em Kansas City que matou uma pessoa e deixou outras 22 feridas, após a comemoração do time da cidade por ter vencido o Superbowl, dis...","Por Brad Brooks e Rich McKay e Brendan O'Brien (Reuters) - Uma briga envolvendo várias pessoas provocou um tiroteio em Kansas City que matou uma pessoa e deixou outras 22 feridas, após a comemoração do time da cidade por ter vencido o Superbowl, dis..."
689,4353,0.9659,Jason and Travis Kelce Weigh in on Kansas City Parade Shooting,Kelce Brothers Address ‘Deeply Tragic’ Kansas City Shooting,"Travis and Jason Kelce used their popular podcast on Monday to address last week’s tragic shooting during Kansas City’s Super Bowl celebration parade that left one dead and 22 injured, urging their fans to donate to the victims. Ahead of the Wednes...","Travis and Jason Kelce used their popular podcast on Monday to address last week’s tragic shooting during Kansas City’s Super Bowl celebration parade that left one dead and 22 injured, urging their fans to donate to the victims. Ahead of the Wednesd..."
690,773,0.9591,"Travis Kelce donates $100,000 to children shot at Kansas City rally","Travis Kelce donates $100,000 to children shot at Kansas City rally","(CNN) — Kansas City Chiefs tight end Travis Kelce’s foundation has donated $100,000 to victims of the deadly Super Bowl victory parade shooting on Wednesday. According to the GoFundMe page, Kelce, through his Eighty-Seven and Running Foundation, bes...","Kansas City Chiefs tight end Travis Kelce’s foundation has donated $100,000 to victims of the deadly Super Bowl victory parade shooting on Wednesday. According to the GoFundMe page, Kelce, through his Eighty-Seven and Running Foundation, bestowed tw..."
690,4909,0.9893,"Travis Kelce donates $100,000 to children shot at Kansas City rally","Travis Kelce donates $100,000 to children shot at Kansas City rally","(CNN) — Kansas City Chiefs tight end Travis Kelce’s foundation has donated $100,000 to victims of the deadly Super Bowl victory parade shooting on Wednesday. According to the GoFundMe page, Kelce, through his Eighty-Seven and Running Foundation, bes...","CNN — Kansas City Chiefs tight end Travis Kelce’s foundation has donated $100,000 to victims of the deadly Super Bowl victory parade shooting on Wednesday. According to the GoFundMe page, Kelce, through his Eighty-Seven and Running Foundation, best..."
693,1409,0.957,Vigil held to remember woman killed in Chiefs Super Bowl rally shooting – KXAN Austin,Vigil held to remember woman killed in Chiefs Super Bowl rally shooting – FOX 4 Kansas City WDAF-TV,"Vigil held to remember woman killed in Chiefs Super Bowl rally shooting News A vigil was held to remember Lisa Lopez-Galvan, who lost her life in the shooting at the Chiefs Super Bowl rally.","Vigil held to remember woman killed in Chiefs Super Bowl rally shooting A vigil was held to remember Lisa Lopez-Galvan, who lost her life in the shooting at the Chiefs Super Bowl rally."
703,4732,0.9712,Two charged with murder over shooting at Kansas City's Super Bowl,Two charged with murder over shooting at Kansas City’s Super Bowl parade,"Two men have been charged with murder over the shooting at the Kansas City Chiefs Super Bowl parade which left one person dead and 22 wounded, officials said Tuesday. Issued on: 20/02/2024 – 22:21 Modified: 20/02/2024 – 22:19 1 min Advertising Re...","Two men have been charged with murder over the shooting at the Kansas City Chiefs Super Bowl parade which left one person dead and 22 wounded, officials said Tuesday. Issued on: 20/02/2024 – 22:21 Modified: 20/02/2024 – 22:19 1 min Dominic Miller ..."
706,2358,0.9503,2 juveniles charged in mass shooting at the Kansas City Chiefs Super Bowl parade,2 minors charged in mass shooting at the Kansas City Chiefs Super Bowl parade,"2 juveniles charged in mass shooting at the Kansas City Chiefs Super Bowl parade A mother of two was killed and 22 people were injured by gunfire Wednesday afternoon, when shots erupted amid fans gathered at a rally celebrating the Chiefs. HEATHER ...","2 minors charged in mass shooting at the Kansas City Chiefs Super Bowl parade A mother of two was killed and 22 people were injured by gunfire Wednesday afternoon, when shots erupted amid fans gathered at a rally celebrating the Chiefs. HEATHER HOL..."
712,3212,0.9697,Lisa Lopez-Galvan Dies In Chiefs Parade Shooting; Was Kansas City Radio DJ,"Kansas City Radio Dj Lisa Lopez-galvan, Chiefs Super Bowl Parade Shooting Victim, Remembered As “amazing Woman”",The host of KKFI’s Taste of Tejano was one of hundreds of thousands who attended the rally in the city celebrating the Chiefs’ win when multiple gunmen opened fire. Three people have been detained and are under investigation. Lopez-Galvan’s devastat...,The host of KKFI’s Taste of Tejano was one of hundreds of thousands who attended the rally in the city celebrating the Chiefs’ Super Bowl win when multiple gunmen opened fire. Three people have been detained and are under investigation. Lopez-Galvan...
714,1616,0.9509,"Dispute may have led to the mass shooting after the Chiefs' Super Bowl parade, police say","Dispute may have led to the mass shooting after the Chiefs' Super Bowl parade, police say","Dispute may have led to the mass shooting after the Chiefs' Super Bowl parade, police say Updated: 9:29 PM EST Feb 15, 2024 AND WHAT WAS A GREAT DAY, UM, TURNED INTO A TRAGEDY. WE ALSO TALKED WITH A COUPLE HERE AND I WANT TO GET TO THIS. WE TALKED ...","Dispute may have led to the mass shooting after the Chiefs' Super Bowl parade, police say Updated: 8:29 PM CST Feb 15, 2024 AND WHAT WAS A GREAT DAY, UM, TURNED INTO A TRAGEDY. WE ALSO TALKED WITH A COUPLE HERE AND I WANT TO GET TO THIS. WE TALKED ..."
719,4027,1.0,超級盃後的死亡悲劇：堪薩斯城槍擊案 密蘇里州無解的槍控？,超級盃後的死亡悲劇：堪薩斯城槍擊案 密蘇里州無解的槍控？,"「歡慶時刻竟是以悲劇收場。我們何時才要修法管制槍枝?到底還要死多少人才夠?」全美運動盛事超級盃落幕, 堪薩斯城酋長隊衛冕冠軍,在2月14日於密蘇里州堪薩斯城舉行了慶祝遊行。未料慶典卻發生大規模槍擊悲劇,已知造成1人死亡、22人受傷,其中受傷者包括9名孩童。目前已有3名嫌犯被警方逮捕,全案還在調查當中。近年來類似的槍擊事件層出不窮,對於槍枝管制的修法問題,仍未有讓各方滿意的解方。事發的密蘇里州不僅是管制相對寬鬆的地區,2021年還通過州法擴張擁槍權,引起了與聯邦法牴觸的爭議;儘管去年2023時已被...","「歡慶時刻竟是以悲劇收場。我們何時才要修法管制槍枝?到底還要死多少人才夠?」全美運動盛事超級盃落幕,堪薩斯城酋長隊衛冕冠軍,在2月14日於密蘇里州堪薩斯城舉行了慶祝遊行。未料慶典卻發生大規模槍擊悲劇,已知造成1人死亡、22人受傷,其中受傷者包括9名孩童。目前已有3名嫌犯被警方逮捕,全案還在調查當中。近年來類似的槍擊事件層出不窮,對於槍枝管制的修法問題,仍未有讓各方滿意的解方。事發的密蘇里州不僅是管制相對寬鬆的地區,2021年還通過州法擴張擁槍權,引起了與聯邦法牴觸的爭議;儘管去年2023時已被裁..."
728,5257,1.0,2 charged with murder in shooting after Chiefs’ Super Bowl parade,2 charged with murder in shooting after Chiefs' Super Bowl parade,"Missouri prosecutors said Tuesday that two adults have been charged with murder in last week’s shooting that killed one person and injured 22 others after the Kansas City Chiefs’ Super Bowl parade, per ESPN’s Adem Schefter. Dominic Miller and Lyndel...","Missouri prosecutors said Tuesday that two adults have been charged with murder in last week's shooting that killed one person and injured 22 others after the Kansas City Chiefs' Super Bowl parade, per ESPN's Adem Schefter. Dominic Miller and Lyndel..."
732,4371,0.966,"Taylor Swift Gives $100,000 To The Family Of The Woman Killed In The Chiefs Parade Shooting","Taylor Swift gives $100,000 to the family of the woman killed in the Chiefs parade shooting","Taylor Swift Gives $100,000 To The Family Of The Woman Killed In The Chiefs Parade Shooting Taylor Swift donated $100,000 to the family of Lisa Lopez-Galvan, the woman killed in the shooting at the Kansas City Chiefs’ Super Bowl victory parade. Frid...","Taylor Swift gives $100,000 to the family of the woman killed in the Chiefs parade shooting Taylor Swift has donated $100,000 to the family of Lisa Lopez-Galvan, the woman killed in the shooting at the Kansas City Chiefs’ Super Bowl victory parade ..."
736,5886,0.9523,Kansas City shooting: Police say dispute led to Super Bowl celebration shooting,Kansas City shooting: Police say dispute led to Super Bowl parade shooting,"Police in Kansas City say an argument between several people that escalated led to a shooting that killed one and injured 22 others after a Super Bowl victory parade. The deceased victim was identified as Lisa Lopez-Galvan, 43, a local DJ. Nine chi...","Police in Kansas City say an argument between several people that escalated led to a shooting that killed one and injured 22 others after a Super Bowl victory parade. The deceased victim was identified as Lisa Lopez-Galvan, 43, a local DJ. Police s..."
741,7368,1.0,"1 dead, up to 22 injured in Kansas City shooting after Chiefs Super Bowl parade","1 dead, up to 22 injured in Kansas City shooting after Chiefs Super Bowl parade","At least one person was killed and up to 22 others injured in a shooting in Kansas City in the US state of Missouri following a Super Bowl victory parade for the Kansas City Chiefs, police said Wednesday. ""This is still an active investigation,"" Kan...","At least one person was killed and up to 22 others injured in a shooting in Kansas City in the US state of Missouri following a Super Bowl victory parade for the Kansas City Chiefs, police said Wednesday, ""This is still an active investigation,"" Kan..."
744,4838,0.958,Chiefs embrace hurting Kansas City community as shooting investigation continues with 2 teens charged. Here’s what we know,Chiefs embrace hurting Kansas City community as shooting investigation continues with 2 teens charged. Here’s what we know,Kansas City continued mourning after a mass shooting at the Chiefs Super Bowl victory rally left a mother of two dead and injured more than 20 others – including children – as investigators worked to figure out exactly how the violence unfolded. Aut...,Kansas City continued mourning after a mass shooting at the Chiefs Super Bowl victory rally left a mother of two dead and injured more than 20 others – including children – as investigators worked to figure out exactly how the violence unfolded. Auth...
747,5861,0.9505,Two men charged with murder in Kansas City Chiefs Super Bowl parade shooting,Two men charged with murder in Kansas City Chiefs Super Bowl parade shooting,"Two men have been charged with murder in the Kansas City Chiefs Super Bowl parade shooting that killed one woman and injured more than 20 people last week. The charges were announced against the men in a news briefing Tuesday afternoon. Previously,...","Two men have been charged with murder in the Kansas City Chiefs Super Bowl parade shooting that killed one woman and injured more than 20 people last week. The charges were announced against the men in a news briefing Tuesday afternoon. , two juveni..."
749,1873,0.9891,Travis and Jason Kelce to Address The Kansas City Shooting on 'New Heights' Podcast,Jason and Travis Kelce Address Kansas City Shooting on Their Podcast,"Jason KelceTravis Kelce are sharing a special message with the fans and listeners ahead of a new episode of their podcast, New Heights. The pair shared a video to Instagram on Monday to explain that the forthcoming episode was recorded before the tr...","Jason KelceTravis Kelce are sharing a special message with the fans and listeners ahead of a new episode of their podcast, New Heights. The pair shared a video to Instagram on Monday to explain that the forthcoming episode was recorded before the t..."
751,6684,1.0,Kansas City Shooting Underscores Flaws in Media Coverage of Shoot,Kansas City Shooting Underscores Flaws In Media Coverage Of Shootings,"Two thugs shot up the Kansas City Chiefs’ Super Bowl victory parade one week ago. The shooters killed a woman and wounded at least 22 attendees, including children. Kansas City police announced a day after the shooting that they had detained two ""ju...","Two thugs shot up the Kansas City Chiefs’ Super Bowl victory parade one week ago. The shooters killed a woman and wounded at least 22 attendees, including children. Kansas City police announced a day after the shooting that they had detained two “ju..."
752,5961,0.9539,"2 adults charged with murder in the deadly shooting at Kansas City’s Super Bowl celebration, prosecutor says",2 adults are charged with murder in the deadly shooting at Kansas City's Super Bowl celebration,"KANSAS CITY, Mo. (AP) — Missouri prosecutors said Tuesday that two adults have been charged with murder in last week’s shooting that killed one person and injured 22 others after the Kansas City Chiefs’ Super Bowl parade. The new charges come after ...","KANSAS CITY, Mo. — (AP) — Missouri prosecutors said Tuesday that two adults have been charged with murder in last week’s shooting that killed one person and injured 22 others after the Kansas City Chiefs’ Super Bowl parade. The new charges come afte..."
758,3413,0.9526,"Chiefs tight end Travis Kelce donates $100,000 to 2 children hurt in Union Station shooting","Chiefs tight end Travis Kelce donates $100,000 to 2 children hurt in Union Station shooting","Chiefs tight end Travis Kelce donates $100,000 to 2 children hurt in Union Station shooting Updated: 7:50 PM EST Feb 16, 2024 NUMBER. WHEN YOU STOP BY. WE HAVE BEEN WATCHING THE EFFORTS TO RAISE MONEY FOR THE FAMILY OF THE WOMAN WHO DIED. THIS GOFU...","Chiefs tight end Travis Kelce donates $100,000 to 2 children hurt in Union Station shooting Updated: 6:50 PM CST Feb 16, 2024 NUMBER. WHEN YOU STOP BY. WE HAVE BEEN WATCHING THE EFFORTS TO RAISE MONEY FOR THE FAMILY OF THE WOMAN WHO DIED. THIS GOFU..."
759,4501,0.9701,‘It’s deeply tragic’: Travis Kelce responds to Kansas City parade shooting,âItâs deeply tragicâ: Travis Kelce responds to Kansas City parade shooting | Kansas City Chiefs - NewsConcerns,"Jason and Travis Kelce issued a joint statement ahead of their latest New Heights podcast addressing the fatal shooting that took place at the Kansas City Chiefs Super Bowl parade. “Attention 92%ers, we have a pre-recorded episode for you guys comin...","Jason and Travis Kelce issued a joint statement ahead of their latest New Heights podcast addressing the fatal shooting that took place at the Kansas City Chiefs Super Bowl parade. â€œAttention 92%ers, we have a pre-recorded episode for you guys com..."
767,6522,0.9545,Kansas City Chiefs parade shooting: what we know so far,Kansas City Chiefs parade shooting: what we know so far | Missouri,"A mass shooting occurred at Wednesday’s Super Bowl victory parade for the Kansas City Chiefs football team, with gunshots erupting and multiple people struck, according to authorities. The shooting occurred at the end of the parade, which was expe...","A mass shooting occurred at Wednesday’s Super Bowl victory parade for the Kansas City Chiefs football team, with gunshots erupting and multiple people struck, according to authorities. The shooting occurred at the end of the parade, which was expect..."
774,8064,1.0,Kansas City experiences mourning after shooting in celebration of the Super Bowl; two teenagers are detained,Teenagers charged after deadly shooting at Kansas City Chiefs Super Bowl rally,"(CNN)— Two teenagers are being held in connection with Wednesday’s shooting after the Kansas City Chiefs’ Super Bowl rally — which left one woman dead and more than 20 others injured — were charged Thursday, according to Missouri court officials. . T...","(CNN) — Two teenagers are being held in connection with Wednesday’s shooting after the Kansas City Chiefs’ Super Bowl rally — which left one woman dead and more than 20 others injured — were charged Thursday, according to Missouri court officials. ...."
783,5122,1.0,2 juveniles charged in mass shooting at the Kansas City Chiefs Super Bowl parade,2 juveniles charged in mass shooting at the Kansas City Chiefs Super Bowl parade,"KANSAS CITY, Mo. (AP) — Two juveniles were charged with crimes connected to the mass shooting at the Kansas City Chiefs’ Super Bowl rally, authorities said Friday, as the city tries to recover in the aftermath of the violence. A news release from t...","KANSAS CITY, Mo. (AP) — Two juveniles were charged with crimes connected to the mass shooting at the Kansas City Chiefs’ Super Bowl rally, authorities said Friday, as the city tries to recover in the aftermath of the violence. A news release from the..."
788,3034,0.9627,México lamenta tiroteo en Kansas City donde falleció mujer con raíces mexicanas,México lamenta tiroteo en Kansas City donde falleció mujer con raíces mexicanas,"ESPN 15 de feb, 2024, 14:32 El gobierno mexicano mandó sus condolencias por la muerte de Lisa López-Galván durante los festejos por el campeonato de los Chiefs El Gobierno de México, en voz del titular del poder ejecutivo, Andrés Manuel López Obr...","ESPN 15 de feb, 2024, 16:32 El gobierno mexicano mandó sus condolencias por la muerte de Lisa López-Galván durante los festejos por el campeonato de los Chiefs El Gobierno de México, en voz del titular del poder ejecutivo, Andrés Manuel López Obr..."
789,1188,0.9654,Taylor Swift dona 100 mil dólares a la familia de la víctima del tiroteo en Kansas City,Taylor Swift dona 100 mil dólares a la familia de la víctima del tiroteo en Kansas City,"La reconocida cantante estadunidense Taylor Swift donó 100 mil dólares a la familia de Lisa López Galván, la madre trágicamente asesinada a tiros durante el desfile del Super Bowl de los Kansas City Chiefs el pasado miércoles, según The New York Post...","La reconocida cantante estadunidense Taylor Swift donó 100 mil dólares a la familia de Lisa López Galván , la madre trágicamente asesinada a tiros durante el desfile del Super Bowl de los Kansas City Chiefs el pasado miércoles, según The New York Pos..."
793,914,0.9549,‘She loved everybody’: Friends gather at vigil to remember beloved radio DJ killed in Chiefs parade shooting,‘She loved everybody’: Friends gather at vigil to remember beloved radio DJ killed in Chiefs parade shooting,"‘She loved everybody’: Friends gather at vigil to remember beloved radio DJ killed in Chiefs parade shooting Updated: 6:57 PM PST Feb 15, 2024 By Xin Xin Liu A beloved local radio DJ has been identified as the person killed when shots rang out at ...","‘She loved everybody’: Friends gather at vigil to remember beloved radio DJ killed in Chiefs parade shooting Updated: 9:57 PM EST Feb 15, 2024 By Xin Xin Liu A beloved local radio DJ has been identified as the person killed when shots rang out at ..."
793,1915,0.9555,‘She loved everybody’: Friends gather at vigil to remember beloved radio DJ killed in Chiefs parade shooting,‘She loved everybody’: Friends gather at vigil to remember beloved radio DJ killed in Chiefs parade shooting,"‘She loved everybody’: Friends gather at vigil to remember beloved radio DJ killed in Chiefs parade shooting Updated: 6:57 PM PST Feb 15, 2024 By Xin Xin Liu A beloved local radio DJ has been identified as the person killed when shots rang out at ...","‘She loved everybody’: Friends gather at vigil to remember beloved radio DJ killed in Chiefs parade shooting Updated: 8:57 PM CST Feb 15, 2024 By Xin Xin Liu A beloved local radio DJ has been identified as the person killed when shots rang out at ..."
794,6417,1.0,Chiefs parade survivor heard fight break out before getting shot: ‘I collapsed’,Chiefs parade survivor heard fight break out before getting shot: 'I collapsed',"avid_creative/Getty Images (NEW YORK) — Jacob Gooch and his family were among the 1 million fans enjoying the Chiefs’ Super Bowl celebration in Kansas City, Missouri, on Wednesday when they heard a fight break out. “We hear a lady saying, something...","avid_creative/Getty Images(NEW YORK) -- Jacob Gooch and his family were among the 1 million fans enjoying the Chiefs' Super Bowl celebration in Kansas City, Missouri, on Wednesday when they heard a fight break out. ""We hear a lady saying, something l..."
795,2321,1.0,Memorial services set for Shawnee woman killed at Kansas City Chiefs victory rally,Memorial services set for Shawnee woman killed at Kansas City Chiefs victory rally,"Memorial services for Elizabeth “Lisa” Lopez-Galvan, the 43-year-old Shawnee woman struck by gunfire and killed at the Kansas City Chiefs Super Bowl celebration last week, have been scheduled for this weekend. A rosary service will be held at 6:30 p...","Memorial services for Elizabeth “Lisa” Lopez-Galvan, the 43-year-old Shawnee woman struck by gunfire and killed at the Kansas City Chiefs Super Bowl celebration last week, have been scheduled for this weekend. A rosary service will be held at 6:30 p...."
802,7225,0.9942,Otkriveno što je dovelo do pucnjave i ubojstva na slavljeničkoj paradi Kansas City Chiefsa,Otkriven razlog pucnjave i ubojstva na paradi Kansas City Chiefsa,"Svađa nekolicine ljudi bila je razlog pucnjave tijekom slavljeničke parade Kansas City Chiefsa u kojoj je jedna osoba ubijena, a još 22 su ranjene, priopćila je u četvrtak policija, isključujući bilo kakvu očitu vezu s ekstremizmom. Tri maloljetne o...","Svađa nekolicine ljudi bila je razlog pucnjave tijekom slavljeničke parade Kansas City Chiefsa u kojoj je jedna osoba ubijena, a još 22 su ranjene, priopćila je u četvrtak policija, isključujući bilo kakvu očitu vezu s ekstremizmom Tri maloljetne os..."
807,5072,1.0,Mass shooting at Kansas City Chiefs’ Super Bowl celebration claims life of local radio DJ,Mass shooting at Kansas City Chiefs' Super Bowl celebration claims life of local radio DJ,"The person who lost their life in Wednesday’s mass shooting in Kansas City, Missouri, has been identified by colleagues and family as Lisa Lopez-Galvan, a 44-year-old radio DJ and mother of two. Another 21 people were shot and wounded when gunfire e...","The person who lost their life in Wednesday's mass shooting in Kansas City, Missouri, has been identified by colleagues and family as Lisa Lopez-Galvan, a 44-year-old radio DJ and mother of two. Another 21 people were shot and wounded when gunfire e..."
807,5440,0.9721,Mass shooting at Kansas City Chiefs’ Super Bowl celebration claims life of local radio DJ,Mass shooting at Kansas City Chiefs’ Super Bowl celebration claims life of local radio DJ,"The person who lost their life in Wednesday’s mass shooting in Kansas City, Missouri, has been identified by colleagues and family as Lisa Lopez-Galvan, a 44-year-old radio DJ and mother of two. Another 21 people were shot and wounded when gunfire e...","The person who lost their life in Wednesday's mass shooting in Kansas City, Missouri, has been identified by colleagues and family as Lisa Lopez-Galvan, a 44-year-old radio DJ and mother of two.Another 21 people were shot and wounded when gunfire eru..."
807,7430,1.0,Mass shooting at Kansas City Chiefs’ Super Bowl celebration claims life of local radio DJ,DJ Lisa Lopez-Galvan killed in shooting after Chiefs Super Bowl parade,"The person who lost their life in Wednesday’s mass shooting in Kansas City, Missouri, has been identified by colleagues and family as Lisa Lopez-Galvan, a 44-year-old radio DJ and mother of two. Another 21 people were shot and wounded when gunfire e...","The person who lost their life in Wednesday's mass shooting in Kansas City, Missouri, has been identified by colleagues and family as Lisa Lopez-Galvan, a 44-year-old radio DJ and mother of two. Another 21 people were shot and wounded when gunfire..."
807,8330,0.9539,Mass shooting at Kansas City Chiefs’ Super Bowl celebration claims life of local radio DJ,Mass shooting at Kansas City Chiefs’ Super Bowl celebration claims life of local radio DJ,"The person who lost their life in Wednesday’s mass shooting in Kansas City, Missouri, has been identified by colleagues and family as Lisa Lopez-Galvan, a 44-year-old radio DJ and mother of two. Another 21 people were shot and wounded when gunfire e...","The person who lost their life in Wednesday’s mass shooting in Kansas City, Missouri, has been identified by colleagues and family as Lisa Lopez-Galvan, a 44-year-old radio DJ and mother of two. Another 21 people were shot and wounded when gunfire er..."
816,2818,1.0,Gunfire at Super Bowl parade kills one and wounds nearly two dozen,Kansas City shooting: DJ killed and more than 20 wounded as violence erupts at Chiefs' Super Bowl parade,The Kansas City Chiefs’ Super Bowl celebration has become the latest backdrop for a mass shooting as gunfire sent fans scrambling for cover and left 21 people wounded and one woman dead. At least eight children are among those who were shot. Wednes...,The Kansas City Chiefs' Super Bowl celebration has become the latest backdrop for a mass shooting as gunfire sent fans scrambling for cover and left 21 people wounded and one woman dead. At least eight children are among those who were shot. Wednes...
819,1208,0.9628,"An ecstatic Super Bowl rally, upended by the terror of a mass shooting. How is Kansas City faring?","An ecstatic Super Bowl rally, upended by the terror of a mass shooting. How is Kansas City faring?","HEATHER HOLLINGSWORTH, Associated Press Feb 17, 2024 / 09:36 AM EST Feb 17, 2024 / 09:36 AM EST KANSAS CITY, Mo. (AP) — “Are you feeling good today, Chiefs Kingdom?” Kansas City Mayor Quinton Lucas shouted to a sea of football fans fresh from thei...","HEATHER HOLLINGSWORTH, Associated Press Feb 17, 2024 / 09:36 AM EST Feb 17, 2024 / 09:42 AM EST KANSAS CITY, Mo. (AP) — “Are you feeling good today, Chiefs Kingdom?” Kansas City Mayor Quinton Lucas shouted to a sea of football fans fresh from thei..."
819,2000,0.9513,"An ecstatic Super Bowl rally, upended by the terror of a mass shooting. How is Kansas City faring?","An ecstatic Super Bowl rally, upended by the terror of a mass shooting. How is Kansas City faring?","HEATHER HOLLINGSWORTH, Associated Press Feb 17, 2024 / 09:36 AM EST Feb 17, 2024 / 09:36 AM EST KANSAS CITY, Mo. (AP) — “Are you feeling good today, Chiefs Kingdom?” Kansas City Mayor Quinton Lucas shouted to a sea of football fans fresh from thei...","HEATHER HOLLINGSWORTH, Associated Press Feb 17, 2024 / 09:36 AM EST Feb 17, 2024 / 09:41 AM EST KANSAS CITY, Mo. (AP) — “Are you feeling good today, Chiefs Kingdom?” Kansas City Mayor Quinton Lucas shouted to a sea of football fans fresh from thei..."
821,2316,0.9627,"Gunfire at Chiefs' Super Bowl celebration kills 1 and wounds nearly two-dozen, including children","Mother of two killed, 22 wounded at Chiefs' Super Bowl celebration","KANSAS CITY, Mo. — A historic railway station on the edge of downtown Kansas City became the latest backdrop for a mass shooting as gunfire near the end of the Kansas City Chiefs’ Super Bowl celebration sent terrified fans scrambling for cover and le...","KANSAS CITY, Mo. — A historic railway station on the edge of downtown Kansas City became the latest backdrop for a mass shooting as gunfire near the end of the Kansas City Chiefs' Super Bowl celebration sent terrified fans scrambling for cover and l..."
821,2363,0.9627,"Gunfire at Chiefs' Super Bowl celebration kills 1 and wounds nearly two-dozen, including children","Super Bowl parade shooting leaves one dead, nearly two dozen injured","KANSAS CITY, Mo. — A historic railway station on the edge of downtown Kansas City became the latest backdrop for a mass shooting as gunfire near the end of the Kansas City Chiefs’ Super Bowl celebration sent terrified fans scrambling for cover and le...","KANSAS CITY, Mo. – A historic railway station on the edge of downtown Kansas City became the latest backdrop for a mass shooting as gunfire near the end of the Kansas City Chiefs’ Super Bowl celebration sent terrified fans scrambling for cover and l..."
821,3629,0.9627,"Gunfire at Chiefs' Super Bowl celebration kills 1 and wounds nearly two-dozen, including children","Gunfire at Chiefs' Super Bowl celebration kills 1 and wounds nearly two dozen, including children","KANSAS CITY, Mo. — A historic railway station on the edge of downtown Kansas City became the latest backdrop for a mass shooting as gunfire near the end of the Kansas City Chiefs’ Super Bowl celebration sent terrified fans scrambling for cover and le...","KANSAS CITY, Mo. - A historic railway station on the edge of downtown Kansas City became the latest backdrop for a mass shooting as gunfire near the end of the Kansas City Chiefs' Super Bowl celebration sent terrified fans scrambling for cover and l..."
821,4942,1.0,"Gunfire at Chiefs' Super Bowl celebration kills 1 and wounds nearly two-dozen, including children","Gunfire at Chiefs' Super Bowl celebration kills 1 and wounds nearly two-dozen, including children","KANSAS CITY, Mo. — A historic railway station on the edge of downtown Kansas City became the latest backdrop for a mass shooting as gunfire near the end of the Kansas City Chiefs’ Super Bowl celebration sent terrified fans scrambling for cover and le...","KANSAS CITY, Mo. – A historic railway station on the edge of downtown Kansas City became the latest backdrop for a mass shooting as gunfire near the end of the Kansas City Chiefs’ Super Bowl celebration sent terrified fans scrambling for cover and le..."
821,8066,1.0,"Gunfire at Chiefs' Super Bowl celebration kills 1 and wounds nearly two-dozen, including children","Gunfire at Chiefs' Super Bowl celebration kills 1 and wounds nearly two-dozen, including children","KANSAS CITY, Mo. — A historic railway station on the edge of downtown Kansas City became the latest backdrop for a mass shooting as gunfire near the end of the Kansas City Chiefs’ Super Bowl celebration sent terrified fans scrambling for cover and le...","KANSAS CITY, Mo. — A historic railway station on the edge of downtown Kansas City became the latest backdrop for a mass shooting as gunfire near the end of the Kansas City Chiefs' Super Bowl celebration sent terrified fans scrambling for cover and le..."
823,1634,1.0,Taylor Swift’s boyfriend Travis Kelce touches down in Australia for heartwarming reunion with singer,Taylor Swift’s boyfriend Travis Kelce touches down in Australia for heartwarming reunion with singer,"Travis Kelce’s journey to Australia marks a heartwarming reunion with Taylor Swift, igniting excitement and speculation among fans worldwide. On Thursday morning at 9 a.m. local time, equivalent to 5 p.m. ET on Wednesday, Travis’s private jet, follo...","Travis Kelce's journey to Australia marks a heartwarming reunion with Taylor Swift, igniting excitement and speculation among fans worldwide. On Thursday morning at 9 a.m. local time, equivalent to 5 p.m. ET on Wednesday, Travis's private jet, follo..."
824,5724,0.9689,"Kansas City shooting may have stemmed from personal dispute, police say; there are 2 minors detained",Police say Kansas City shooting may have stemmed from personal dispute; 2 minors have been detained,"Kansas City, Missouri (CNN) — Two minors were arrested in connection with the shooting Wednesday after the Kansas City Chiefs’ Super Bowl celebration event, which left one dead and more than 20 injured, police reported. At least 23 victims have alre...","KANSAS CITY, Missouri (CNN) -- Two minors were arrested in connection with a shooting Wednesday after a Kansas City Chiefs Super Bowl celebration event that left one dead and more than 20 injured, police reported. At least 23 victims have been identi..."
831,3471,1.0,"Taylor Swift donates $100,000 to family of woman killed in Kansas City Chiefs Super Bowl parade shooting","Taylor Swift donates $100,000 to family of woman killed at Chiefs parade","Taylor Swift has donated $100,000 to the family of a beloved local radio host who was killed in the shooting at the Kansas City Chiefs’ Super Bowl victory parade on Wednesday. More than 20 others were wounded in the deadly shooting. On Thursday, Kan...","Taylor Swift has donated $100,000 to the family of a beloved local radio host who was killed in the shooting at the Kansas City Chiefs' Super Bowl victory parade on Wednesday. More than 20 others were wounded in the deadly shooting. On Thursday, Kan..."
834,1334,1.0,"Shooting after Chiefs Super Bowl parade seemed to stem from dispute among several people, police say","Shooting after Chiefs Super Bowl parade seemed to stem from dispute among several people, police say","KANSAS CITY, Mo. (AP) — The mass shooting that unfolded amid throngs of people at the Kansas City Chiefs’ Super Bowl celebration appeared to stem from a dispute between several people, authorities said Thursday. Police Chief Stacey Graves said that ...","KANSAS CITY, Mo. (AP) — The mass shooting that unfolded amid throngs of people at the Kansas City Chiefs’ Super Bowl celebration appeared to stem from a dispute between several people, authorities said Thursday. Police Chief Stacey Graves said that..."
834,5136,1.0,"Shooting after Chiefs Super Bowl parade seemed to stem from dispute among several people, police say","Shooting after Chiefs Super Bowl parade seemed to stem from dispute among several people, police say","KANSAS CITY, Mo. (AP) — The mass shooting that unfolded amid throngs of people at the Kansas City Chiefs’ Super Bowl celebration appeared to stem from a dispute between several people, authorities said Thursday. Police Chief Stacey Graves said that ...","KANSAS CITY, Mo. (AP) The mass shooting that unfolded amid throngs of people at the Kansas City Chiefs Super Bowl celebration appeared to stem from a dispute between several people, authorities said Thursday. Police Chief Stacey Graves said that the..."
834,5499,1.0,"Shooting after Chiefs Super Bowl parade seemed to stem from dispute among several people, police say","Shooting after Chiefs Super Bowl parade seemed to stem from dispute among several people, police say","KANSAS CITY, Mo. (AP) — The mass shooting that unfolded amid throngs of people at the Kansas City Chiefs’ Super Bowl celebration appeared to stem from a dispute between several people, authorities said Thursday. Police Chief Stacey Graves said that ...","KANSAS CITY, Mo. (AP) - The mass shooting that unfolded amid throngs of people at the Kansas City Chiefs' Super Bowl celebration appeared to stem from a dispute between several people, authorities said Thursday. Police Chief Stacey Graves said that ..."
839,1865,0.9716,超級盃酋長封王遊行爆槍手掃射 1死29傷3落網,超級盃酋長封王遊行爆槍手掃射 1死29傷3落網 | 國際焦點,"現場球迷大驚失色,四散逃命。(路透) 密蘇里州堪薩斯城聯合車站(Union Station)附近外區域14日舉行職業美式足球聯盟(NFL)堪薩斯城酋長隊(Kansas City Chiefs)慶祝「超級盃」(Super Bowl)封王遊行,孰料當天下午3時30分左右傳出槍響;上百萬人聚集的歡樂慶祝現場頓時陷入混亂,造成一人死亡、29人受傷,傷者包括八名幼童和19人槍傷,警方已逮捕三名嫌犯。 槍響前 酋長隊誓言明年拿第3座冠軍盃 堪薩斯城酋長隊14日舉行封王遊行,當天天氣異常暖和,吸引更多人...","密蘇里州堪薩斯城聯合車站(Union Station)附近外區域14日舉行職業美式足球聯盟(NFL)堪薩斯城酋長隊(Kansas City Chiefs)慶祝「超級盃」(Super Bowl)封王遊行,孰料當天下午3時30分左右傳出槍響;上百萬人聚集的歡樂慶祝現場頓時陷入混亂,造成一人死亡、29人受傷,傷者包括八名幼童和19人槍傷,警方已逮捕三名嫌犯。 槍響前 酋長隊誓言明年拿第3座冠軍盃 堪薩斯城酋長隊14日舉行封王遊行,當天天氣異常暖和,吸引更多人共襄盛舉,市府官員估計遊行人數可能逾百萬..."
842,889,0.9647,2 adults are charged with murder in the deadly shooting at Kansas City's Super Bowl celebration,2 adults are charged with murder in the deadly shooting at Kansas City's Super Bowl celebration,"KANSAS CITY, Mo. (AP) — Two men have been charged with murder in last week’s shooting that killed one person and injured 22 others after the Kansas City Chiefs’ Super Bowl parade, Missouri prosecutors said Tuesday. Dominic Miller and Lyndell Mays ar...","KANSAS CITY, Mo. — (AP) — Two men have been charged with murder in last week’s shooting that killed one person and injured 22 others after the Kansas City Chiefs’ Super Bowl parade, Missouri prosecutors said Tuesday. Dominic Miller and Lyndell Mays ..."
842,7970,0.9647,2 adults are charged with murder in the deadly shooting at Kansas City's Super Bowl celebration,2 adults are charged with murder in the deadly shooting at Kansas City’s Super Bowl celebration,"KANSAS CITY, Mo. (AP) — Two men have been charged with murder in last week’s shooting that killed one person and injured 22 others after the Kansas City Chiefs’ Super Bowl parade, Missouri prosecutors said Tuesday. Dominic Miller and Lyndell Mays ar...","KANSAS CITY, Mo. (AP)Two men have been charged with murder in last week’s shooting that killed one person and injured 22 others after the Kansas City Chiefs’ Super Bowl parade, Missouri prosecutors said Tuesday. Dominic Miller and Lyndell Mays are c..."
843,2763,0.9767,Investigators search for answers in deadly mass shooting at Kansas City Chiefs' Super Bowl celebration,Investigators search for answers in deadly mass shooting at Kansas City Chiefs’ Super Bowl celebration - WEIS,"KANSAS CITY, Mo. — Investigators are searching for answers after gunfire erupted near the end of the Kansas City Chiefs' Super Bowl celebration on Wednesday, killing one person and injuring at least 21 others. The mass shooting unfolded outside Unio...","(KANSAS CITY, Mo.) — Investigators are searching for answers after gunfire erupted near the end of the Kansas City Chiefs’ Super Bowl celebration on Wednesday, killing one person and injuring at least 21 others. The mass shooting unfolded outside Un..."
863,4290,0.9613,Taylor Swift donates $100K to family of woman killed at Chiefs victory parade shooting,Swift donates $100K to family of woman killed at Chiefs victory parade shooting,"Los Angeles: Singer Taylor Swift made donations on a charity page totaling $100,000 early Friday morning after Lisa Lopez-Galvan was killed in a mass shooting at the Kansas City Chiefs’ victory parade. The victim’s family had setup a GoFundMe page. ...","Singer Taylor Swift has made donations on a charity page totaling $100,000 early Friday morning after Lisa Lopez-Galvan was killed in a mass shooting at the Kansas City Chiefs’ victory parade. The victim’s family had setup a GoFundMe page. The “Eli..."
865,2372,0.9858,Things to know about the shooting at the Kansas City Chiefs’ Super Bowl celebration,Things to know about the shooting at the Kansas City Chiefs’ Super Bowl celebration,"Feb 15, 2024 / 07:28 AM CST Feb 15, 2024 / 07:28 AM CST KANSAS CITY, Mo. (AP) — Gunfire erupted at the Kansas City Chiefs’ Super Bowl celebration Wednesday, leaving one woman dead and more than 20 people injured, including children. Shots rang out...","AP Feb 15, 2024 / 07:28 AM CST Feb 15, 2024 / 07:28 AM CST KANSAS CITY, Mo. (AP) — Gunfire erupted at the Kansas City Chiefs’ Super Bowl celebration Wednesday, leaving one woman dead and more than 20 people injured, including children. Shots rang..."
866,5794,1.0,Two charged with murder over Kansas City Super Bowl parade shooting,Two charged with murder over Kansas City Super Bowl parade shooting,"Two men were charged on Tuesday afternoon with murder in connection with a mass shooting in Kansas City on 14 February that killed one person and wounded 22 others at a rally for the Super Bowl-winning Kansas City Chiefs, according to prosecutors. ...","Two men were charged on Tuesday afternoon with murder in connection with a mass shooting in Kansas City on 14 February that killed one person and wounded 22 others at a rally for the Super Bowl-winning Kansas City Chiefs, according to prosecutors. A..."
867,4695,0.9558,超級盃封王遊行槍擊案 兩人被控二級謀殺 | 國際新聞,超級盃封王遊行槍擊案 兩人被控二級謀殺 | 國際焦點,"職業美式足球聯盟NFL堪薩斯市酋長超級盃封王遊行槍擊案造成1死22傷,美國密蘇里州檢方今天表示,兩名成年男性被控二級謀殺等罪名。 法新社和美聯社報導,傑克遜郡(Jackson County)檢察官皮特斯貝克(Jean Peters Baker)告訴記者,兩名男子米勒(Dominic Miller)和梅斯(Lyndell Mays)被控二級謀殺、持械犯罪行動及不法使用武器,他們都是當地居民。 皮特斯貝克表示,梅斯在14日遊行活動當天與其他人爆發口角,衝突「迅速升級」,據稱米勒開槍導致當地DJ羅...","職業美式足球聯盟NFL堪薩斯市酋長超級盃封王遊行 槍擊案造成1死22傷,美國密蘇里州檢方今天表示,兩名成年男性被控二級謀殺等罪名。 法新社和美聯社報導,傑克遜郡(Jackson County)檢察官皮特斯貝克(Jean Peters Baker)告訴記者,兩名男子米勒(Dominic Miller)和梅斯(Lyndell Mays)被控二級謀殺、持械犯罪行動及不法使用武器,他們都是當地居民。 皮特斯貝克表示,梅斯在14日遊行活動當天與其他人爆發口角,衝突「迅速升級」,據稱米勒開槍導致當地DJ..."
870,1569,1.0,Cops: K.C. shooting appears to stem from dispute,Police – Shooting at Chiefs parade appears to stem from dispute,"Feb 15, 2024, 12:09 PM ET KANSAS CITY, Mo. — Authorities in Kansas City said Thursday that the mass shooting that left one person dead and 22 injured at the Chiefs‘ Super Bowl celebration appeared to have stemmed from a dispute among several people....","Feb 15, 2024, 12:09 PM ET KANSAS CITY, Mo. — Authorities in Kansas City said Thursday that the mass shooting that left one person dead and 22 injured at the Chiefs’ Super Bowl celebration appeared to have stemmed from a dispute among several people...."
875,1800,1.0,Super Bowl | Νεκρή 45χρονη μητέρα και 22 τραυματίες από πυρά στην παρέλαση των νικητών στο Κάνσας,Νεκρή 45χρονη μητέρα και 22 τραυματίες από πυρά στην παρέλαση για το Super Bowl,"Πανικός προκλήθηκε την Τετάρτη (14/2) σε αιματηρό επεισόδιο με πυροβολισμούς στο τέλος της πανηγυρικής παρέλασης στο Κάνσας των ΗΠΑ για την κατάκτηση του τίτλου στο φετινό Super Bowl από τους Kansas City Chiefs, με απολογισμό έναν νεκρό και τουλάχισ...","Πανικός προκλήθηκε την Τετάρτη (14/2) σε αιματηρό επεισόδιο με πυροβολισμούς στο τέλος της πανηγυρικής παρέλασης στο Κάνσας των ΗΠΑ για την κατάκτηση του τίτλου στο φετινό Super Bowl από τους Kansas City Chiefs, με απολογισμό έναν νεκρό και τουλάχιστ..."
876,3283,0.9786,Kansas City Prosecutors File Murder Charges,Kansas City Prosecutors File Murder Charges Against Two New Adults,Two adults who've been linked to the Kansas City mass shooting are now facing murder charges and other serious counts ... something just announced by KC prosecutors. Lyndell Mays and Dominic Miller were both hit with 2nd-degree murder charges...,Two adults who've been linked to the Kansas City mass shooting are now facing murder charges and other serious counts ... something just announced by KC prosecutors. Lyndell Mays and Dominic Miller were both hit with 2nd-degree murder charges Tuesday...
876,3300,0.9786,Kansas City Prosecutors File Murder Charges,Kansas City Prosecutors File Murder Charges Against Two New Adults,Two adults who've been linked to the Kansas City mass shooting are now facing murder charges and other serious counts ... something just announced by KC prosecutors. Lyndell Mays and Dominic Miller were both hit with 2nd-degree murder charges...,Two adults who’ve been linked to the Kansas City mass shooting are now facing murder charges and other serious counts ... something just announced by KC prosecutors. Lyndell Mays and Dominic Miller were both hit with 2nd-degree murder charges Tuesday...
876,4891,0.9518,Kansas City Prosecutors File Murder Charges,Kansas City Prosecutors File Murder Charges Against Two New Adults,Two adults who've been linked to the Kansas City mass shooting are now facing murder charges and other serious counts ... something just announced by KC prosecutors. Lyndell Mays and Dominic Miller were both hit with 2nd-degree murder charges...,Two adults who’ve been linked to the Kansas City mass shooting are now facing murder charges and other serious counts ... something just announced by KC prosecutors. Lyndell MaysDominic Miller were both hit with 2nd-degree murder charges Tuesday ... and...
877,4667,1.0,"One dead, at least 21 others injured by gunfire at Chiefs Super Bowl parade in Kansas City: 'Tragedy'","One dead, at least 21 others injured by gunfire at Chiefs Super Bowl parade in Kansas City: ‘Tragedy’","(KANSAS CITY) -- One person has died and at least 21 others were injured by gunfire when a shooting broke out in Kansas City, Missouri, following the parade and rally for the Chiefs' Super Bowl win, officials said Wednesday. The shooting took place ...","(KANSAS CITY) — One person has died and at least 21 others were injured by gunfire when a shooting broke out in Kansas City, Missouri, following the parade and rally for the Chiefs’ Super Bowl win, officials said Wednesday. The shooting took place w..."
884,2728,1.0,Investigators search for answers in deadly mass shooting at Kansas City Chiefs' Super Bowl celebration,Investigators search for answers in deadly mass shooting at Kansas City Chiefs' Super Bowl celebration,"Investigators are searching for answers after gunfire erupted near the end of the Kansas City Chiefs’ Super Bowl celebration on Wednesday, killing one person and injuring at least 21 others. The mass shooting unfolded outside Union Station in Kansas...","Investigators are searching for answers after gunfire erupted near the end of the Kansas City Chiefs' Super Bowl celebration on Wednesday, killing one person and injuring at least 21 others. The mass shooting unfolded outside Union Station in Kansas..."
887,5098,0.9669,Μακελειό στο Super Bowl: Μητέρα η νεκρή από τους πυροβολισμούς – Πάνω από 20 οι τραυματίες,Μακελειό στο Super Bowl: Μητέρα η νεκρή από τους πυροβολισμούς – Πάνω από 20 οι τραυματίες,ΕΠΙΚΑΙΡΟΤΗΤΑ Μακελειό στο Super Bowl: Μητέρα η νεκρή από τους πυροβολισμούς – Πάνω από 20 οι τραυματίες Καρέ καρέ η στιγμή που οπαδοί των Κάνσας Σίτι ακινητοποίησαν έναν από τους υπόπτους - Άγνωστο το κίνητρο της επίθεσης Συναγερμός σήμανε στο Κάνσ...,"Μακελειό στο Super Bowl: Μητέρα η νεκρή από τους πυροβολισμούς – Πάνω από 20 οι τραυματίες Καρέ καρέ η στιγμή που οπαδοί των Κάνσας Σίτι ακινητοποίησαν έναν από τους υπόπτους - Άγνωστο το κίνητρο της επίθεσης Συναγερμός σήμανε στο Κάνσας, όταν την ..."
887,8578,0.9669,Μακελειό στο Super Bowl: Μητέρα η νεκρή από τους πυροβολισμούς – Πάνω από 20 οι τραυματίες,Μακελειό στο Super Bowl: Μητέρα η νεκρή από τους πυροβολισμούς – Πάνω από 20 οι τραυματίες,ΕΠΙΚΑΙΡΟΤΗΤΑ Μακελειό στο Super Bowl: Μητέρα η νεκρή από τους πυροβολισμούς – Πάνω από 20 οι τραυματίες Καρέ καρέ η στιγμή που οπαδοί των Κάνσας Σίτι ακινητοποίησαν έναν από τους υπόπτους - Άγνωστο το κίνητρο της επίθεσης Συναγερμός σήμανε στο Κάνσ...,"Μακελειό στο Super Bowl: Μητέρα η νεκρή από τους πυροβολισμούς – Πάνω από 20 οι τραυματίες Καρέ καρέ η στιγμή που οπαδοί των Κάνσας Σίτι ακινητοποίησαν έναν από τους υπόπτους – Άγνωστο το κίνητρο της επίθεσης Συναγερμός σήμανε στο Κάνσας, όταν την ..."
891,7249,1.0,At least 8 children among 22 hit by gunfire at end of Chiefs’ Super Bowl parade; 1 person killed,At least 8 children among 22 hit by gunfire at end of Chiefs' Super Bowl parade; 1 person killed,"Eight children were among 22 people hit by gunfire in a shooting at the end of Wednesday’s parade to celebrate the Kansas City Chiefs’ Super Bowl win, authorities said, as terrified fans ran for cover and yet another high-profile public event was mar...","Eight children were among 22 people hit by gunfire in a shooting at the end of Wednesday's parade to celebrate the Kansas City Chiefs' Super Bowl win, authorities said, as terrified fans ran for cover and yet another high-profile public event was mar..."
893,1196,0.9736,Kansas City Chiefs parade shooting: Police determining ‘applicable charges’ for juvenile suspects,Kansas City Chiefs parade shooting: Police determining 'applicable charges' for juvenile suspects,"(KANSAS CITY, Mo.) — Two juvenile suspects remain detained in the wake of Wednesday’s mass shooting at the Kansas City Chiefs’ Super Bowl parade that left one person dead and 22 others injured. Formal charges against the juveniles have not yet been ...","KANSAS CITY, Mo. — Two juvenile suspects remain detained in the wake of Wednesday's mass shooting at the Kansas City Chiefs’ Super Bowl parade that left one person dead and 22 others injured. Formal charges against the juveniles have not yet been fi..."
893,5633,1.0,Kansas City Chiefs parade shooting: Police determining ‘applicable charges’ for juvenile suspects,Kansas City Chiefs parade shooting: Police determining 'applicable charges' for juvenile suspects,"(KANSAS CITY, Mo.) — Two juvenile suspects remain detained in the wake of Wednesday’s mass shooting at the Kansas City Chiefs’ Super Bowl parade that left one person dead and 22 others injured. Formal charges against the juveniles have not yet been ...","(KANSAS CITY, Mo.) -- Two juvenile suspects remain detained in the wake of Wednesday's mass shooting at the Kansas City Chiefs’ Super Bowl parade that left one person dead and 22 others injured. Formal charges against the juveniles have not yet been..."
896,3782,0.9797,"Slog AM: IDF Raids Gaza Hospital, Renton Minimum Wage Measure Leading, Alaska Airlines Flight Attendants Authorize Strike","Slog AM: IDF Raids Gaza Hospital, Renton Minimum Wage Measure Leading, Alaska Airlines Flight Attendants Authorize Strike","Renton will probably raise the minimum wage: Early returns from a special election show a ballot measure to raise the minimum wage in Renton to $19 leading by 15 points, 57% to 42%. Nineteen percent of Renton’s voters, or 11,650 people, had returned ...","Renton will probably raise the minimum wage: Early returns from a special election show a ballot measure to raise the minimum wage in Renton to $19 leading by seven points (57% to 42%). Nineteen percent of Renton’s voters, or 11,650 people, had retur..."
898,8530,0.9753,"La familia Gooch, trastornada por el tiroteo en Kansas City; 3 de sus integrantes fueron lesionados","La familia Gooch, trastornada por el tiroteo en Kansas City; 3 de sus integrantes fueron lesionados","KANSAS CITY, Misuri, EE.UU. (AP) — Jacob Gooch estaba teniendo el que parecía sería el mejor día del año, estaba con su esposa, hijos y amigos como parte del alegre grupo de aficionados de los Chiefs de Kansas City que acudió a celebrar la victoria e...","KANSAS CITY, Misuri, EE.UU. — Jacob Gooch estaba teniendo el que parecía sería el mejor día del año, estaba con su esposa, hijos y amigos como parte del alegre grupo de aficionados de los Chiefs de Kansas City que acudió a celebrar la victoria en el ..."
902,1853,0.9893,Lisa Lopez-Galvan killed in the Kansas City shooting following Chiefs Super Bowl parade,"Kansas City radio DJ Lisa Lopez-Galvan, mother of two, killed in the shooting following Chiefs’ Super Bowl celebration rally","Elizabeth “Lisa” Lopez-Galvan was a natural at making people laugh. She was known as the office jokester, a DJ full of life and contagious joy and a passionate music lover who brought Kansas City a burst of culture through Tejano songs. Click here t...","Elizabeth “Lisa” Lopez-Galvan was a natural at making people laugh. She was known as the office jokester, a DJ full of life and contagious joy and a passionate music lover who brought Kansas City a burst of culture through Tejano songs. She was also..."
902,2942,0.9893,Lisa Lopez-Galvan killed in the Kansas City shooting following Chiefs Super Bowl parade,"Kansas City radio DJ Lisa Lopez-Galvan, mother of two, killed in the shooting following Chiefs’ Super Bowl celebration rally","Elizabeth “Lisa” Lopez-Galvan was a natural at making people laugh. She was known as the office jokester, a DJ full of life and contagious joy and a passionate music lover who brought Kansas City a burst of culture through Tejano songs. Click here t...","Elizabeth “Lisa” Lopez-Galvan was a natural at making people laugh. She was known as the office jokester, a DJ full of life and contagious joy and a passionate music lover who brought Kansas City a burst of culture through Tejano songs. She was also ..."
902,5680,0.9827,Lisa Lopez-Galvan killed in the Kansas City shooting following Chiefs Super Bowl parade,Lisa Lopez-Galvan killed in the Kansas City shooting following Chiefs Super Bowl parade,"Elizabeth “Lisa” Lopez-Galvan was a natural at making people laugh. She was known as the office jokester, a DJ full of life and contagious joy and a passionate music lover who brought Kansas City a burst of culture through Tejano songs. Click here t...","Elizabeth “Lisa” Lopez-Galvan was a natural at making people laugh. She was known as the office jokester, a DJ full of life and contagious joy and a passionate music lover who brought Kansas City a burst of culture through Tejano songs. Elizabeth “L..."
906,4343,1.0,Kansas City mass shooting timeline: How the Chiefs' Super Bowl parade ended in tragedy – United States KNews.MEDIA,Timeline: How the Kansas City mass shooting at the Chiefs' Super Bowl parade unfolded,"As Kansas City, Missouri, continues to reel in the aftermath of the tragic mass shooting that rang out at the end of the Chiefs’ Super Bowl parade, authorities are piecing together a timeline of events that left one person dead and 22 injured. Less ...","As Kansas City, Missouri, continues to reel in the aftermath of the tragic mass shooting that rang out at the end of the Chiefs' Super Bowl parade, authorities are piecing together a timeline of events that left one person dead and 22 injured. Less ..."
928,5047,0.9561,Kansas City Mayor Quinton Lucas Takes Aim At Guns After Deadly Mass Shooting At Chiefs Parade,Kansas City Mayor Quinton Lucas Takes Aim At Guns After Deadly Mass Shooting At Chiefs Parade,"The mayor of Kansas City, Missouri, condemned guns in no uncertain terms in the wake of a deadly mass shooting during the Super Bowl-winning, NFL champion Chiefs’ parade on Wednesday. Mayor Quinton Lucas seemed equally incredulous as well as resigne...","NewsOne Featured Video The mayor of Kansas City, Missouri, condemned guns in no uncertain terms in the wake of a deadly mass shooting during the Super Bowl-winning, NFL champion Chiefs’ parade on Wednesday. Mayor Quinton Lucas seemed equally incred..."
939,8504,1.0,"Tiroteo en Kansas City pudo surgir de una disputa personal, dice la policía; hay 2 menores detenidos","Tiroteo en Kansas City pudo surgir de una disputa personal, dice la policía; hay 2 menores detenidos","Testigo del tiroteo en Kansas City describe los momentos de pánico 4:26 Kansas City, Missouri (CNN) — Dos menores fueron detenidos en relación con el tiroteo del miércoles tras el acto de celebración del Super Bowl de los Chiefs de Kansas City, que...","Testigo del tiroteo en Kansas City describe los momentos de pánico 4:26 Kansas City, Missouri (CNN) -- Dos menores fueron detenidos en relación con el tiroteo del miércoles tras el acto de celebración del Super Bowl de los Chiefs de Kansas City, que..."
944,3198,0.9863,Things to know about the shooting at the Kansas City Chiefs’ Super Bowl celebration,Things to know about the shooting at the Kansas City Chiefs’ Super Bowl celebration,"Feb 15, 2024 / 08:28 AM EST Feb 15, 2024 / 08:28 AM EST KANSAS CITY, Mo. (AP) — Gunfire erupted at the Kansas City Chiefs’ Super Bowl celebration Wednesday, leaving one woman dead and more than 20 people injured, including children. Shots rang out...","AP Feb 15, 2024 / 08:28 AM EST Feb 15, 2024 / 08:28 AM EST KANSAS CITY, Mo. (AP) — Gunfire erupted at the Kansas City Chiefs’ Super Bowl celebration Wednesday, leaving one woman dead and more than 20 people injured, including children. Shots rang..."
945,4660,1.0,Taylor Swift doa US$ 100 mil para família de mulher morta durante ataque a tiros,Taylor Swift doa US$ 100 mil para família de mulher morta durante ataque a tiros,"A cantora Taylor Swift doou US$ 100 mil (cerca de R$ 497 mil) para uma campanha criada pela família de Lisa Lopez-Galvan, morta em um ataque a tiros no desfile da vitória do Kansas City Chiefs. Travis Kelce, namorado da cantora, joga nesse time. A pá...","A cantora Taylor Swift doou US$ 100 mil (cerca de R$ 497 mil) para uma campanha criada pela família de Lisa Lopez-Galvan, morta em um ataque a tiros no desfile da vitória do Kansas City Chiefs. Travis Kelce, namorado da cantora, joga nesse time. A p..."
952,4534,0.9867,"How Lisa Lopez-Galvan, mom killed at KC Chiefs rally shooting, touched so many lives","How Lisa Lopez-Galvan, mom killed at KC Chiefs rally shooting, touched so many lives","Everyone talks about her broad smile and red lipstick. Her infectious laugh, unbounded and rhythmic. And her heart, bigger than both. At 6:30 p.m. Friday, a rosary and visitation at Our Lady of Perpetual Help (Redemptorist) Church will honor Elizabe...","Everyone talks about her broad smile and red lipstick. Her infectious laugh, unbounded and rhythmic. And her heart, bigger than both. At 6:30 p.m. Friday, a rosary and visitation at Our Lady of Perpetual Help (Redemptorist) Church will honor Elizabet..."
969,4945,0.9605,Kansas City Chiefs: Two arrested during Super Bowl parade shooting are children and more than half of victims under 16 | U.S. News,Kansas City Chiefs: Two arrested over Super Bowl parade shooting are children and more than half of victims under 16,"Two of the people arrested over a shooting at the Kansas City Chiefs’ Super Bowl parade are children, according to police, and more than half of the victims are under 16. The barrage of gunfire outside a nearby former train station in Kansas City, Mi...","Two of the people arrested over a shooting at the Kansas City Chiefs' Super Bowl parade are children, according to police, and more than half of the victims are under 16. The barrage of gunfire outside a nearby former train station in Kansas City, M..."
970,8671,0.957,超级杯封王游行枪击案2嫌皆青少年 警称无关恐攻,仅因小事就开枪致1死22伤超级杯封王游行枪击案2嫌皆青少年,"(堪萨斯市15日综合报导)堪萨斯市昨天举行庆祝NFL酋长赢得超级杯的封王游行后发生枪击案,造成1名女性丧命、22人受伤,警方今天说导火线是数人发生争执,且没有迹象显示与极端主义有关。 路透社报导,堪萨斯市(Kansas City)市中心历史悠久的火车站周遭昨天爆发枪击事件。警察局长葛瑞夫兹(Stacey Graves)今天在记者会中表示,3名被捕的嫌疑人是调查对象,包括2名未成年人。 根据警方发言人龚萨雷兹(Alayna Gonzalez)说法,第3名被拘留者也是青少年,经研判未涉及枪击后获...","美国堪萨斯市昨天举行庆祝NFL酋长赢得超级杯的封王游行后发生枪击案,造成1名女性丧命、22人受伤,警方今天说导火线是数人发生争执,且没有迹象显示与极端主义有关。 路透社报导,堪萨斯市(Kansas City)市中心历史悠久的火车站周遭昨天爆发枪击事件。警察局长葛瑞夫兹(Stacey Graves)今天在记者会中表示,3名被捕的嫌疑人是调查对象,包括2名未成年人。 根据警方发言人龚萨雷兹(Alayna Gonzalez)说法,第3名被拘留者也是青少年,经研判未涉及枪击后获释。 葛瑞夫兹表示,案..."
971,7468,1.0,Family of Kansas City Shooting Suspects Start GoFundMe Pages For,Family of Kansas City Shooting Suspects Start GoFundMe Pages For Medical,"Even suspected shooters can set up GoFundMe pages, unfortunately. The deranged gunmen suspected of firing gunshots at the Union Station near the Super Bowl Chiefs Parade on Feb. 14 face additional disdain after their respective families set up separa...","Even suspected shooters can set up GoFundMe pages, unfortunately. The deranged gunmen suspected of firing gunshots at the Union Station near the Super Bowl Chiefs Parade on Feb. 14 face additional disdain after their respective families set up separ..."
972,4104,1.0,"La strage di Kansas City, tra i 21 feriti bambini e ragazzi","La strage di Kansas City, tra i 21 feriti bambini e ragazzi","AGI – Un morto e 21 feriti. La vittima è una donna, ma sotto i colpi sono rimasti feriti anche bambini e adolescenti. Erano tutti indifesi, inermi, distratti da un evento come il Super Bowl e nessuno avrebbe mai immaginato che ieri pomeriggio a Kansa...","AGI - Un morto e 21 feriti. La vittima è una donna, ma sotto i colpi sono rimasti feriti anche bambini e adolescenti. Erano tutti indifesi, inermi, distratti da un evento come il Super Bowl e nessuno avrebbe mai immaginato che ieri pomeriggio a Kansa..."
972,6923,0.9572,"La strage di Kansas City, tra i 21 feriti bambini e ragazzi","Sparatoria durante la partita, una donna morta e 21 feriti","AGI – Un morto e 21 feriti. La vittima è una donna, ma sotto i colpi sono rimasti feriti anche bambini e adolescenti. Erano tutti indifesi, inermi, distratti da un evento come il Super Bowl e nessuno avrebbe mai immaginato che ieri pomeriggio a Kansa...","Un morto e 21 feriti. La vittima è una donna, ma sotto i colpi sono rimasti feriti anche bambini e adolescenti. Erano tutti indifesi, inermi, distratti da un evento come il Super Bowl e nessuno avrebbe mai immaginato che ieri pomeriggio a Kansas City..."
973,1630,1.0,"Kansas City Chiefs parade mass shooting stemmed from dispute, victims as young as 8 years old","Kansas City Chiefs parade mass shooting stemmed from dispute, victims as young as 8 years old","(KANSAS CITY, Mo.) -- The mass shooting that erupted at the end of the Chiefs' Super Bowl celebration in Kansas City, Missouri, on Wednesday, appeared to stem from a dispute, according to police. The shooting, in which one person was killed and 22 w...","(KANSAS CITY, Mo.) — The mass shooting that erupted at the end of the Chiefs’ Super Bowl celebration in Kansas City, Missouri, on Wednesday, appeared to stem from a dispute, according to police. The shooting, in which one person was killed and 22 we..."
973,7168,1.0,"Kansas City Chiefs parade mass shooting stemmed from dispute, victims as young as 8 years old","Kansas City Chiefs parade mass shooting stemmed from dispute, victims as young as 8 years old","(KANSAS CITY, Mo.) -- The mass shooting that erupted at the end of the Chiefs' Super Bowl celebration in Kansas City, Missouri, on Wednesday, appeared to stem from a dispute, according to police. The shooting, in which one person was killed and 22 w...","KANSAS CITY, Mo. — The mass shooting that erupted at the end of the Chiefs' Super Bowl celebration in Kansas City, Missouri, on Wednesday, appeared to stem from a dispute, according to police. The shooting, in which one person was killed and 22 were..."
985,5787,1.0,2 adults are charged with murder in the deadly shooting at Kansas City’s Super Bowl celebration,2 adults are charged with murder in the deadly shooting at Kansas City's Super Bowl celebration,"By NICK INGRAM and MARGERY A. BECK (Associated Press) KANSAS CITY, Mo. (AP) — Missouri prosecutors said Tuesday that two men have been charged with murder in last week’s shooting that killed one person and injured 22 others after the Kansas City Chi...","By NICK INGRAM and MARGERY A. BECK - Associated Press KANSAS CITY, Mo. (AP) — Missouri prosecutors said Tuesday that two men have been charged with murder in last week’s shooting that killed one person and injured 22 others after the Kansas City Chi..."
1001,2314,1.0,GoFundMe for Kansas City Shooting Suspect Taken Down,GoFundMe for Kansas City Shooting Suspect Taken Down,"A fundraiser set up for one of the alleged gunmen who opened fire during the Kansas City Super Bowl parade last week has been taken down after attracting just $100, reports say. Lyndell Mays, 23, of Raytown, Missouri, was one of two men charged with...","A fundraiser set up for one of the alleged gunmen who opened fire during the Kansas City Super Bowl parade last week has been taken down after attracting just $100, reports say. Lyndell Mays, 23, of Raytown, Missouri, was one of two men charged with ..."
1005,2672,1.0,"2 adults arrested, charged with murder after mass shooting at Kansas City Chiefs Super Bowl parade","2 adults arrested, charged with murder after mass shooting at Kansas City Chiefs Super Bowl parade","A pair of adults were charged with murder on Tuesday after a mass shooting broke out in Kansas City following the Chiefs' Super Bowl parade downtown, according to ABC News. Dominic Miller and Lyndell Mays were arrested and are both facing second-de...","A pair of adults were charged with murder on Tuesday after a mass shooting broke out in Kansas City following the Chiefs’ Super Bowl parade downtown, according to ABC News. Dominic Miller and Lyndell Mays were arrested and are both facing second-de..."
1005,6064,0.9556,"2 adults arrested, charged with murder after mass shooting at Kansas City Chiefs Super Bowl parade","2 adults arrested, charged with murder after mass shooting at Kansas City Chiefs Super Bowl parade","A pair of adults were charged with murder on Tuesday after a mass shooting broke out in Kansas City following the Chiefs' Super Bowl parade downtown, according to ABC News. Dominic Miller and Lyndell Mays were arrested and are both facing second-de...","A pair of adults were charged with murder on Tuesday after a mass shooting broke out in Kansas City following the Chiefs’ Super Bowl parade downtown, according to ABC News. Dominic Miller and Lyndell Mays were arrested and are both facing second-deg..."
1008,1857,1.0,At least 8 children among 22 hit by gunfire at end of Chiefs' Super Bowl parade; 1 person killed,At least 8 children among 22 hit by gunfire at end of Chiefs' Super Bowl parade; 1 person killed,"KANSAS CITY, Mo. (AP) — Eight children were among 22 people hit by gunfire in a shooting at the end of Wednesday's parade to celebrate the Kansas City Chiefs' Super Bowl win, authorities said, sending terrified fans running for cover as yet another h...","KANSAS CITY, Mo. (AP) — Eight children were among 22 people hit by gunfire in a shooting at the end of Wednesday’s parade to celebrate the Kansas City Chiefs’ Super Bowl win, authorities said, sending terrified fans running for cover as yet another h..."
1009,2035,1.0,"Gunfire at Chiefs’ Super Bowl celebration kills 1 and wounds nearly two dozen, including children","Gunfire at Chiefs’ Super Bowl celebration kills 1 and wounds nearly two dozen, including children","Gunfire at Chiefs’ Super Bowl celebration kills 1 and wounds nearly two dozen, including children Feb 15, 2024 | 8:25 AM KANSAS CITY, Mo. (AP) — A historic railway station on the edge of downtown Kansas City became the latest backdrop for a mass sh...","Gunfire at Chiefs’ Super Bowl celebration kills 1 and wounds nearly two dozen, including children Feb 15, 2024 | 7:25 AM KANSAS CITY, Mo. (AP) — A historic railway station on the edge of downtown Kansas City became the latest backdrop for a mass sh..."
1009,5804,1.0,"Gunfire at Chiefs’ Super Bowl celebration kills 1 and wounds nearly two dozen, including children","Gunfire at Chiefs’ Super Bowl celebration kills 1 and wounds nearly two dozen, including children","Gunfire at Chiefs’ Super Bowl celebration kills 1 and wounds nearly two dozen, including children Feb 15, 2024 | 8:25 AM KANSAS CITY, Mo. (AP) — A historic railway station on the edge of downtown Kansas City became the latest backdrop for a mass sh...","Gunfire at Chiefs’ Super Bowl celebration kills 1 and wounds nearly two dozen, including children Feb 15, 2024 | 6:25 AM KANSAS CITY, Mo. (AP) — A historic railway station on the edge of downtown Kansas City became the latest backdrop for a mass sh..."
1016,1723,1.0,What’s the latest in the investigation of the shooting at the Kansas City Chiefs’ Super Bowl parade?,What’s the latest in the investigation of the shooting at the Kansas City Chiefs’ Super Bowl parade?,"What’s the latest in the investigation of the shooting at the Kansas City Chiefs’ Super Bowl parade? Feb 22, 2024 | 4:32 PM KANSAS CITY, Mo. (AP) — One of the men charged in a Kansas City Chiefs Super Bowl victory celebration shooting that left one...","What’s the latest in the investigation of the shooting at the Kansas City Chiefs’ Super Bowl parade? Feb 22, 2024 | 5:32 PM KANSAS CITY, Mo. (AP) — One of the men charged in a Kansas City Chiefs Super Bowl victory celebration shooting that left one..."
1016,3239,1.0,What’s the latest in the investigation of the shooting at the Kansas City Chiefs’ Super Bowl parade?,What’s the latest in the investigation of the shooting at the Kansas City Chiefs’ Super Bowl parade?,"What’s the latest in the investigation of the shooting at the Kansas City Chiefs’ Super Bowl parade? Feb 22, 2024 | 4:32 PM KANSAS CITY, Mo. (AP) — One of the men charged in a Kansas City Chiefs Super Bowl victory celebration shooting that left one...","What’s the latest in the investigation of the shooting at the Kansas City Chiefs’ Super Bowl parade? Feb 22, 2024 | 3:32 PM KANSAS CITY, Mo. (AP) — One of the men charged in a Kansas City Chiefs Super Bowl victory celebration shooting that left one..."
1019,3904,1.0,"Kansas City, spari a parata Super Bowl: 3 arresti. Vittima era Dj","Kansas City, spari a parata Super Bowl: 3 arresti. Vittima era Dj","Era una conduttrice di una radio locale, la KKFI 90, Lisa Lopez-Galvan la donna rimasta uccisa quando è stato aperto il fuoco sull'immensa folla, si parla di un milione di persone, che si erano riunite per la parata dei Kansas City Chiefs, vincitori ...","Era una conduttrice di una radio locale, la KKFI 90, Lisa Lopez-Galvan la donna rimasta uccisa quando è stato aperto il fuoco sull’immensa folla, si parla di un milione di persone, che si erano riunite per la parata dei Kansas City Chiefs, vincitori ..."
1022,8079,1.0,NFL: Quién era la mujer de raíces mexicanas que murió en tiroteo en desfile en Kansas City,Ella era la mujer de raíces mexicanas que murió en tiroteo en desfile en Kansas City,"Ayer, al finalizar el desfile por el campeonato de Chiefs en el Super Bowl 2024, se registró un tiroteo. Ahí, Lisa López-Galván, una DJ de 40 años, de raíces mexicanas, y fanática acérrima del equipo, falleció en el hecho que también dejó más de 20 ...","Ayer, al finalizar el desfile por el campeonato de Chiefs en el Super Bowl 2024, se registró un tiroteo. Ahí, Lisa López-Galván, una DJ de 40 años, de raíces mexicanas, y fanática acérrima del equipo, falleció en el hecho que también dejó más de 20 h..."
1025,7774,1.0,"2 juveniles charged in Kansas City Chiefs parade shooting, court says","2 juveniles charged in Kansas City Chiefs parade shooting, court says","Two juveniles have been charged in connection with the deadly shooting at the end of the parade celebrating the Kansas City Chiefs’ Super Bowl victory. The unidentified suspects are being detained on gun-related and resisting arrest charges, accordin...","Two juveniles have been charged in connection with the deadly shooting at the end of the parade celebrating the Kansas City Chiefs' Super Bowl victory. The unidentified suspects are being detained on gun-related and resisting arrest charges, accordin..."
1034,2529,0.9656,Woman killed in Chiefs parade shooting identified as Kansas City DJ,"Woman killed in Chiefs rally shooting identified as KC DJ, remembered as 'beautiful person'",A Kansas City DJ was identified as the woman killed in a shooting as the Chiefs Kingdom Champions Victory Parade was wrapping up Wednesday. Radio station KKFI identified DJ Lisa Lopez-Galvan as the victim in a social media post. Twenty-two people we...,"KANSAS CITY, Mo. — A Kansas City DJ was identified as the woman killed in a shooting as the Chiefs Kingdom Champions Victory Parade was wrapping up Wednesday. Radio station KKFI identified DJ Lisa Lopez-Galvan as the victim in a social media. Lopez..."
1045,8511,1.0,Super Bowl Parade Suspect Gave Infuriating Explanation to Police: Court Docs,Super Bowl Parade Suspect Gave Infuriating Explanation to Police: Court Docs,"One of two adult men who have been charged with murder and other crimes for opening fire at the Kansas City Chiefs Super Bowl parade last week told police his actions were “stupid,” according to a charging document. Lyndell Mays and Dominic Miller w...","One of two adult men who have been charged with murder and other crimes for opening fire at the Kansas City Chiefs Super Bowl parade last week told police his actions were “stupid,” according to a charging document. Lyndell Mays and Dominic Miller we..."
1048,1362,0.9582,Chiefs rally shooting suspect previously convicted of pulling gun at community center,Chiefs rally shooting suspect previously convicted of pulling gun at community center,"KANSAS CITY, Mo. — One of the men charged with murder following the Feb. 14 mass shooting at the Chiefs Super Bowl rally had just gotten off probation for pulling out a gun at a community center, according to court documents. Lyndell Mays, 23, of Ra...","KANSAS CITY, Mo. — One of the men charged with murder following the Feb. 14 mass shooting at the Chiefs Super Bowl rally had just gotten off probation for pulling out a gun at a community center, according to court documents. Lyndell Mays, 23, of Ray..."
1049,2394,0.9786,Cops: K.C. shooting appears to stem from dispute,Police - Shooting at Chiefs parade appears to stem from dispute - ESPN,"ESPN News Services Feb 15, 2024, 12:09 PM ET KANSAS CITY, Mo. — Authorities in Kansas City said Thursday that the mass shooting that left one person dead and 22 injured unfolded amid throngs of people at the Chiefs‘ Super Bowl celebration, appeared...","ESPN News Services Feb 15, 2024, 12:09 PM ET KANSAS CITY, Mo. -- Authorities in Kansas City said Thursday that the mass shooting that left one person dead and 22 injured unfolded amid throngs of people at the Chiefs' Super Bowl celebration, appeare..."
1052,2705,1.0,"Travis Kelce donates $100,000 to family of girls recovering from gunshot wounds at Super Bowl parade","Travis Kelce donates $100,000 to family of girls recovering from gunshot wounds at Super Bowl parade","The family of two girls who were shot at the Kansas City Chiefs‘ Super Bowl victory parade in Kansas City, Missouri, on Wednesday has started GoFundMe pages, and they received quite a donation from one of their hometown favorites. Chiefs star tight ...","The family of two girls who were shot at the Kansas City Chiefs’ Super Bowl victory parade in Kansas City, Missouri, on Wednesday has started GoFundMe pages, and they received quite a donation from one of their hometown favorites. Chiefs star tight ..."
1052,7764,1.0,"Travis Kelce donates $100,000 to family of girls recovering from gunshot wounds at Super Bowl parade","Travis Kelce donates $100,000 to family of girls recovering from gunshot wounds at Super Bowl parade","The family of two girls who were shot at the Kansas City Chiefs‘ Super Bowl victory parade in Kansas City, Missouri, on Wednesday has started GoFundMe pages, and they received quite a donation from one of their hometown favorites. Chiefs star tight ...","The family of two girls who were shot at the Kansas City Chiefs' Super Bowl victory parade in Kansas City, Missouri, on Wednesday has started GoFundMe pages, and they received quite a donation from one of their hometown favorites. Chiefs star tight ..."
1054,1552,1.0,Two Charged With Murder Over Super Bowl Parade Shooting,Two Charged With Murder Over Super Bowl Parade Shooting,"Washington — Two men have been charged with murder over the shooting at the Kansas City Chiefs Super Bowl parade which left one person dead and 22 wounded, officials said Tuesday. Dominic Miller and Lyndell Mays, both local residents, were charged ...","Washington — Two men have been charged with murder over the shooting at the Kansas City Chiefs Super Bowl parade which left one person dead and 22 wounded, officials said Tuesday. Dominic Miller and Lyndell Mays, both local residents, were charged w..."
1054,2691,1.0,Two Charged With Murder Over Super Bowl Parade Shooting,Two charged with murder over Super Bowl parade...,"Washington — Two men have been charged with murder over the shooting at the Kansas City Chiefs Super Bowl parade which left one person dead and 22 wounded, officials said Tuesday. Dominic Miller and Lyndell Mays, both local residents, were charged ...","WASHINGTON – Two men have been charged with murder over the shooting at the Kansas City Chiefs Super Bowl parade which left one person dead and 22 wounded, officials said Tuesday. Dominic Miller and Lyndell Mays, both local residents, were charged w..."
1054,5671,1.0,Two Charged With Murder Over Super Bowl Parade Shooting,Two Men Charged With Murder Over Kansas City Super Bowl Parade Shooting,"Washington — Two men have been charged with murder over the shooting at the Kansas City Chiefs Super Bowl parade which left one person dead and 22 wounded, officials said Tuesday. Dominic Miller and Lyndell Mays, both local residents, were charged ...","Washington: Two men have been charged with murder over the shooting at the Kansas City Chiefs Super Bowl parade which left one person dead and 22 wounded, officials said Tuesday. Dominic Miller and Lyndell Mays, both local residents, were charged w..."
1054,8444,1.0,Two Charged With Murder Over Super Bowl Parade Shooting,Two Charged With Murder Over Super Bowl Parade Shooting,"Washington — Two men have been charged with murder over the shooting at the Kansas City Chiefs Super Bowl parade which left one person dead and 22 wounded, officials said Tuesday. Dominic Miller and Lyndell Mays, both local residents, were charged ...","Washington - Two men have been charged with murder over the shooting at the Kansas City Chiefs Super Bowl parade which left one person dead and 22 wounded, officials said Tuesday. Dominic Miller and Lyndell Mays, both local residents, were charged w..."
1057,7633,1.0,"Lyndell Mays a admis avoir tiré les premiers coups de feu lors du défilé du Super Bowl, selon les flics","Lyndell Mays a admis avoir tiré les premiers coups de feu lors du défilé du Super Bowl, selon les flics","Des policiers de Kansas City affirment Lyndell Mays a admis qu’il avait tiré les premiers coups de feu lors du défilé du Super Bowl des Chiefs la semaine dernière... avant de dire qu’il “n’aurait pas dû faire ça”. Dans les documents, un détective du ...","Des policiers de Kansas City affirment Lyndell Mays a admis qu'il avait tiré les premiers coups de feu lors du défilé du Super Bowl des Chiefs la semaine dernière... avant de dire qu'il « n'aurait pas dû faire ça ». Dans les documents, un détective du..."
1058,5124,0.9509,Η Τέιλορ Σουίφτ δωρίζει 100.000 δολάρια στην οικογένεια του θύματος των πυροβολισμών στο Super Bowl,Η Τέιλορ Σουίφτ δωρίζει 100.000 δολάρια στην οικογένεια του θύματος των πυροβολισμών στο Super Bowl,"Η Τέιλορ Σουίφτ δώρισε 100.000 δολάρια (79.000 λίρες) στην οικογένεια της Lisa Lopez-Galvan, η οποία σκοτώθηκε σε μαζικούς πυροβολισμούς κατά τη διάρκεια παρέλασης για την ομάδα Kansas City Chiefs που κέρδισε το Super Bowl.","«Συντετριμμένος από την τραγωδία» Η Τέιλορ Σουίφτ δώρισε 100.000 δολάρια (79.000 λίρες) στην οικογένεια της Lisa Lopez-Galvan, η οποία σκοτώθηκε σε μαζικούς πυροβολισμούς κατά τη διάρκεια παρέλασης για την ομάδα Kansas City Chiefs που κέρδισε το Sup..."
1063,5232,0.9738,"Lisa Lopez-Galvan's family hoped to lay her to rest in Harrison Butker jersey, Chiefs kicker delivered","Lisa Lopez-Galvan's family hoped to lay her to rest in Harrison Butker jersey, Chiefs kicker delivered","Short bullshit answer: bipolar, provocative, stupid, take your pick. Long story: I'm from Dallas but have lived in South Jersey since 2010. More of a Baseball and Hockey fan, Rangers/Stars but have a soft spot for the Phillies and Flyers, plus I like /r/nfl more than /r/baseball and /r/hockey. Aiming to catch one of the Rangers/Phillies games in May in Philly. I just picked the flair because I knew no one else would have it.","Well I was asleep but I generally respond. I just responded to it, but I'll put it here too Short bullshit answer: bipolar, provocative, stupid, take your pick. Long story: I'm from Dallas but have lived in South Jersey since 2010. More of a baseball and Hockey fan, Rangers/Stars but have a soft spot for the Phillies and Flyers, plus I like /r/nfl more than /r/baseball and /r/hockey. Aiming to catch one of the Rangers/Phillies games in May in Philly. I just picked the flair because I knew no one else would have it."
1064,2150,0.9693,Kansas City vive duelo tras tiroteo en celebración del Super Bowl; dos adolescentes están detenidos,Kansas City vive duelo tras tiroteo en celebración del Super Bowl; dos adolescentes están detenidos,"Paulina Nares (CNN) — Dos adolescentes se encuentran detenidos en relación con el tiroteo del miércoles tras mitin de celebración del Super Bowl de los Chiefs de Kansas City, —que dejó una mujer muerta y más de 20 heridos— fueron acusados el jueves,...","(CNN) — Dos adolescentes se encuentran detenidos en relación con el tiroteo del miércoles tras mitin de celebración del Super Bowl de los Chiefs de Kansas City, —que dejó una mujer muerta y más de 20 heridos— fueron acusados el jueves, de acuerdo co..."
1064,5783,0.9693,Kansas City vive duelo tras tiroteo en celebración del Super Bowl; dos adolescentes están detenidos,Kansas City vive duelo tras tiroteo en celebración del Super Bowl; dos adolescentes están detenidos,"Paulina Nares (CNN) — Dos adolescentes se encuentran detenidos en relación con el tiroteo del miércoles tras mitin de celebración del Super Bowl de los Chiefs de Kansas City, —que dejó una mujer muerta y más de 20 heridos— fueron acusados el jueves,...","(CNN) — Dos adolescentes se encuentran detenidos en relación con el tiroteo del miércoles tras mitin de celebración del Super Bowl de los Chiefs de Kansas City, —que dejó una mujer muerta y más de 20 heridos— fueron acusados el jueves, de acuerdo con..."
1076,1134,0.9805,"Shooting after Chiefs Super Bowl parade seemed to stem from dispute among several people, police say","Shooting after Chiefs Super Bowl parade seemed to stem from dispute among several people, police say","KANSAS CITY, Mo. (AP) — Authorities in Kansas City said Thursday that the mass shooting that unfolded amid throngs of people at the Chiefs’ Super Bowl celebration appeared to stem from a dispute between several people. Police Chief Stacey Graves sa...","KANSAS CITY, Mo. — (AP) — Authorities in Kansas City said Thursday that the mass shooting that unfolded amid throngs of people at the Chiefs' Super Bowl celebration appeared to stem from a dispute between several people. Police Chief Stacey Graves s..."
1076,1304,0.9805,"Shooting after Chiefs Super Bowl parade seemed to stem from dispute among several people, police say","Shooting after Chiefs Super Bowl parade seemed to stem from dispute among several people, police say","KANSAS CITY, Mo. (AP) — Authorities in Kansas City said Thursday that the mass shooting that unfolded amid throngs of people at the Chiefs’ Super Bowl celebration appeared to stem from a dispute between several people. Police Chief Stacey Graves sa...","KANSAS CITY, Mo. — (AP) — Authorities in Kansas City said Thursday that the mass shooting that unfolded amid throngs of people at the Chiefs' Super Bowl celebration, appeared to stem from a dispute between several people. Police Chief Stacey Graves ..."
1086,7891,0.9507,Taylor Swift dona US$ 100.000 en GoFundMe para la familia de la víctima del tiroteo en el desfile de Kansas City,Taylor Swift dona US$ 100.000 en GoFundMe para la familia de la víctima del tiroteo en el desfile de Kansas City,"Familia de Lisa López, víctima del tiroteo de Kansas City, se siente devastada 0:32 (CNN) — Taylor Swift hizo dos donaciones de US$ 50.000 en GoFundMe para la familia de Lisa López-Galván, la mujer que murió en el tiroteo masivo en un desfile de la...","Familia de Lisa López, víctima del tiroteo de Kansas City, se siente devastada 0:32 Taylor Swift hizo dos donaciones de US$ 50.000 en GoFundMe para la familia de Lisa López-Galván, la mujer que murió en el tiroteo masivo en un desfile de la victori..."
1087,7254,1.0,Kansas City Chiefs parade mass shooting: 2 adults arrested for murder,Kansas City Chiefs parade mass shooting: 2 adults arrested for murder,"Two adults have been charged in connection with the mass shooting at the Chiefs’ Super Bowl parade last week, prosecutors announced Tuesday. Dominic Miller and Lyndell Mays each face charges of second-degree murder, two counts of armed criminal acti...","Two adults have been charged in connection with the mass shooting at the Chiefs' Super Bowl parade last week, prosecutors announced Tuesday. Dominic Miller and Lyndell Mays each face charges of second-degree murder, two counts of armed criminal acti..."
1088,2695,1.0,"An ecstatic Super Bowl rally, upended by the terror of a mass shooting. How is Kansas City faring?","An ecstatic Super Bowl rally, upended by the terror of a mass shooting. How is Kansas City faring?","KANSAS CITY, Mo. — “Are you feeling good today, Chiefs Kingdom?” Kansas City Mayor Quinton Lucas shouted to a sea of football fans fresh from their town’s third Super Bowl victory in five years. Less than an hour later — with music still blaring and...","KANSAS CITY, Mo. – “Are you feeling good today, Chiefs Kingdom?” Kansas City Mayor Quinton Lucas shouted to a sea of football fans fresh from their town’s third Super Bowl victory in five years. Less than an hour later — with music still blaring and..."
1088,2937,1.0,"An ecstatic Super Bowl rally, upended by the terror of a mass shooting. How is Kansas City faring?","An ecstatic Super Bowl rally, upended by the terror of a mass shooting. How is Kansas City faring?","KANSAS CITY, Mo. — “Are you feeling good today, Chiefs Kingdom?” Kansas City Mayor Quinton Lucas shouted to a sea of football fans fresh from their town’s third Super Bowl victory in five years. Less than an hour later — with music still blaring and...","KANSAS CITY, Mo. — “Are you feeling good today, Chiefs Kingdom?” Kansas City Mayor Quinton Lucas shouted to a sea of football fans fresh from their town’s third Super Bowl victory in five years. Less than an hour later - with music still blaring and..."
1088,7195,1.0,"An ecstatic Super Bowl rally, upended by the terror of a mass shooting. How is Kansas City faring?","An ecstatic Super Bowl rally, upended by the terror of a mass shooting. How is Kansas City faring?","KANSAS CITY, Mo. — “Are you feeling good today, Chiefs Kingdom?” Kansas City Mayor Quinton Lucas shouted to a sea of football fans fresh from their town’s third Super Bowl victory in five years. Less than an hour later — with music still blaring and...","KANSAS CITY, Mo. — ""Are you feeling good today, Chiefs Kingdom?"" Kansas City Mayor Quinton Lucas shouted to a sea of football fans fresh from their town's third Super Bowl victory in five years. Less than an hour later — with music still blaring and..."
1088,7330,1.0,"An ecstatic Super Bowl rally, upended by the terror of a mass shooting. How is Kansas City faring?","An ecstatic Super Bowl rally, upended by the terror of a mass shooting. How is Kansas City faring?","KANSAS CITY, Mo. — “Are you feeling good today, Chiefs Kingdom?” Kansas City Mayor Quinton Lucas shouted to a sea of football fans fresh from their town’s third Super Bowl victory in five years. Less than an hour later — with music still blaring and...","KANSAS CITY, Mo. — ''Are you feeling good today, Chiefs Kingdom?'' Kansas City Mayor Quinton Lucas shouted to a sea of football fans fresh from their town's third Super Bowl victory in five years. Less than an hour later — with music still blaring a..."
1093,2118,0.9974,"La conmoción y la tristeza reemplazan la euforia del Super Bowl en Kansas City, una semana después del gran partido. — News in English на 123ru.net","La conmoción y la tristeza reemplazan la euforia del Super Bowl en Kansas City, una semana después del gran partido","(CNN) — Fuera del exterior de piedra caliza de la centenaria Union Station en el extremo sur del centro de la ciudad, una ligera nevada lavó la sangre seca del pavimento. La euforia que invadió esta ciudad después de las victorias consecutivas de su...","(CNN) -- Fuera del exterior de piedra caliza de la centenaria Union Station en el extremo sur del centro de la ciudad, una ligera nevada lavó la sangre seca del pavimento. La euforia que invadió esta ciudad después de las victorias consecutivas de s..."
1093,4367,0.9974,"La conmoción y la tristeza reemplazan la euforia del Super Bowl en Kansas City, una semana después del gran partido. — News in English на 123ru.net","La conmoción y la tristeza reemplazan la euforia del Super Bowl en Kansas City, una semana después del gran partido","(CNN) — Fuera del exterior de piedra caliza de la centenaria Union Station en el extremo sur del centro de la ciudad, una ligera nevada lavó la sangre seca del pavimento. La euforia que invadió esta ciudad después de las victorias consecutivas de su...","(CNN) — Fuera del exterior de piedra caliza de la centenaria Union Station en el extremo sur del centro de la ciudad, una ligera nevada lavó la sangre seca del pavimento. La euforia que invadió esta ciudad después de las victorias consecutivas de s..."
1093,6491,0.9974,"La conmoción y la tristeza reemplazan la euforia del Super Bowl en Kansas City, una semana después del gran partido. — News in English на 123ru.net","La conmoción y la tristeza reemplazan la euforia del Super Bowl en Kansas City, una semana después del gran partido","(CNN) — Fuera del exterior de piedra caliza de la centenaria Union Station en el extremo sur del centro de la ciudad, una ligera nevada lavó la sangre seca del pavimento. La euforia que invadió esta ciudad después de las victorias consecutivas de su...","(CNN) -- Fuera del exterior de piedra caliza de la centenaria Union Station en el extremo sur del centro de la ciudad, una ligera nevada lavó la sangre seca del pavimento. La euforia que invadió esta ciudad después de las victorias consecutivas de ..."
1101,3066,1.0,Things to know about the shooting at the Kansas City Chiefs’ Super Bowl celebration,Things to know about the shooting at the Kansas City Chiefs’ Super Bowl celebration,"Things to know about the shooting at the Kansas City Chiefs’ Super Bowl celebration Feb 20, 2024 | 8:38 AM KANSAS CITY, Mo. (AP) — Members of the Kansas City community gathered Saturday afternoon to “demand a future free from gun violence” a day af...","Things to know about the shooting at the Kansas City Chiefs’ Super Bowl celebration Feb 20, 2024 | 6:38 AM KANSAS CITY, Mo. (AP) — Members of the Kansas City community gathered Saturday afternoon to “demand a future free from gun violence” a day af..."
1101,5822,1.0,Things to know about the shooting at the Kansas City Chiefs’ Super Bowl celebration,Things to know about the shooting at the Kansas City Chiefs’ Super Bowl celebration,"Things to know about the shooting at the Kansas City Chiefs’ Super Bowl celebration Feb 20, 2024 | 8:38 AM KANSAS CITY, Mo. (AP) — Members of the Kansas City community gathered Saturday afternoon to “demand a future free from gun violence” a day af...","Things to know about the shooting at the Kansas City Chiefs’ Super Bowl celebration Feb 20, 2024 | 7:38 AM KANSAS CITY, Mo. (AP) — Members of the Kansas City community gathered Saturday afternoon to “demand a future free from gun violence” a day af..."
1121,1520,1.0,Madre y prominente DJ hispana de Kansas City muere en tiroteo tras desfile por victoria de Chiefs,Madre y prominente DJ hispana de Kansas City muere en tiroteo tras desfile por victoria de Chiefs,"Lisa Lopez-Galvan era amante de la música y DJ en el área de Kansas City; Tocaba en bodas, fiestas de 15 años y en un bar y parrilla de la Legión Estadounidense. Mezclaba música texana, mexicana y española con R&B y hip-hop, y trabaja como locutora ...","Lisa Lopez-Galvan era amante de la música y DJ en el área de Kansas City; Tocaba en bodas, fiestas de 15 años y en un bar y parrilla de la Legión Estadounidense. Mezclaba música texana, mexicana y española con R&B y hip-hop, y trabaja como locutora v..."
1121,6883,0.9694,Madre y prominente DJ hispana de Kansas City muere en tiroteo tras desfile por victoria de Chiefs,Madre y prominente DJ de origen mexicano murió en tiroteo en Kansas City,"Lisa Lopez-Galvan era amante de la música y DJ en el área de Kansas City; Tocaba en bodas, fiestas de 15 años y en un bar y parrilla de la Legión Estadounidense. Mezclaba música texana, mexicana y española con R&B y hip-hop, y trabaja como locutora ...","Lisa Lopez-Galván era amante de la música y DJ en el área de Kansas City; Tocaba en bodas, fiestas de 15 años y en un bar y parrilla de la Legión Estadounidense. Mezclaba música texana, mexicana y española con R&B y hip-hop, y trabaja como locutora v..."
1162,2979,0.9531,Etats-Unis: La procureure chargée d’enquêter sur les tirs qui ont fait un mort et 22 blessés le 14 février lors de la parade du Super Bowl à Kansas City annonce l’inculpation de deux adultes pour meurtre | Jean-Marc Morandini,Tirs lors de la parade du Super Bowl: deux adultes inculpés de meurtre,"La procureure chargée d’enquêter sur les tirs qui ont fait un mort et 22 blessés le 14 février lors de la parade du Super Bowl à Kansas City, aux Etats-Unis, a annoncé mardi l’inculpation de deux adultes pour meurtre. « Deux hommes de Kansas City fo...","La procureure chargée d'enquêter sur les tirs qui ont fait un mort et 22 blessés le 14 février lors de la parade du Super Bowl à Kansas City, aux Etats-Unis, a annoncé mardi l'inculpation de deux adultes pour meurtre. ""Deux hommes de Kansas City fon..."
1162,4087,1.0,Etats-Unis: La procureure chargée d’enquêter sur les tirs qui ont fait un mort et 22 blessés le 14 février lors de la parade du Super Bowl à Kansas City annonce l’inculpation de deux adultes pour meurtre | Jean-Marc Morandini,États-Unis. Fusillade lors de la parade du Super Bowl : deux hommes inculpés de meurtre,"La procureure chargée d’enquêter sur les tirs qui ont fait un mort et 22 blessés le 14 février lors de la parade du Super Bowl à Kansas City, aux Etats-Unis, a annoncé mardi l’inculpation de deux adultes pour meurtre. « Deux hommes de Kansas City fo...","La procureure chargée d'enquêter sur les tirs qui ont fait un mort et 22 blessés le 14 février lors de la parade du Super Bowl à Kansas City, aux Etats-Unis, a annoncé mardi l'inculpation de deux adultes pour meurtre. « Deux hommes de Kansas City fo..."
1170,2444,0.9523,2 uomini sono accusati di omicidio nella sparatoria mortale avvenuta alla celebrazione del Super Bowl di Kansas City,Accuse di omicidio presentate durante la manifestazione a colpi di arma da fuoco dei Chiefs,"KANSAS CITY, Mo. – Due uomini accusati di omicidio nella sparatoria della scorsa settimana dopo la parata del Super Bowl dei Kansas City Chiefs erano sconosciuti che hanno tirato fuori le pistole e hanno iniziato a sparare pochi secondi dopo aver ini...","KANSAS CITY, Missouri – Due uomini accusati di omicidio nella sparatoria della scorsa settimana dopo la parata del Super Bowl dei Kansas City Chiefs erano sconosciuti che hanno tirato fuori le pistole e hanno iniziato a sparare pochi secondi dopo ave..."
1171,3744,0.9791,Taylor Swift dona 100 mil dólares para la familia de la víctima del tiroteo en celebración de los Chiefs,Taylor Swift donó 100 mil dólares a familia de mujer que murió en desfile de Chiefs,"Taylor Swift hizo dos donaciones de US$ 50.000 en GoFundMe para la familia de Lisa López-Galván, la mujer que murió en el tiroteo masivo en un desfile de la victoria del Super Bowl de los Kansas City Chiefs este miércoles. Con sus donaciones por un ...","Taylor Swift hizo dos donaciones de US$ 50.000 en GoFundMe para la familia de Lisa López-Galván, la mujer que murió en el tiroteo masivo en un desfile de la victoria del Super Bowl de Kansas City Chiefs este miércoles. Con sus donaciones por un tota..."
1171,4689,0.9588,Taylor Swift dona 100 mil dólares para la familia de la víctima del tiroteo en celebración de los Chiefs,The Economist vuelve a catalogar a Chile como una democracia “defectuosa” y parlamentarios cuestionan al gobierno. – Revista Suples,"Taylor Swift hizo dos donaciones de US$ 50.000 en GoFundMe para la familia de Lisa López-Galván, la mujer que murió en el tiroteo masivo en un desfile de la victoria del Super Bowl de los Kansas City Chiefs este miércoles. Con sus donaciones por un ...","(CNN) — Taylor Swift hizo dos donaciones de US$ 50.000 en GoFundMe para la familia de Lisa López-Galván, la mujer que murió en el tiroteo masivo en un desfile de la victoria del Super Bowl de los Kansas City Chiefs este miércoles. Con sus donaciones..."
1178,7255,0.9775,Alleged Kansas City Chiefs Parade Shooter Lyndell Mays Told Cops He Was ‘just Being Stupid’: Court Docs Ussa News,Alleged Kansas City Chiefs parade shooter Lyndell Mays told cops he was ‘just being stupid’: court docs,One of the alleged shooters who opened fire at the Kansas City Chiefs victory parade told investigators he was “just being stupid” when he “advanced” on another group of individuals he had been arguing with before the deadly melee. Court documents o...,One of the alleged shooters who opened fire at the Kansas City Chiefs victory parade told investigators he was “just being stupid” when he “advanced” on another group of individuals he had been arguing with before the deadly melee. Court documents ob...
1198,2134,1.0,Police: Shooting After Super Bowl Parade Seemed to Stem From Dispute Among Several People,Police: Shooting After Super Bowl Parade Seemed to Stem From Dispute Among Several People,"KANSAS CITY, Missouri — The mass shooting that unfolded amid throngs of people at the Kansas City Chiefs' Super Bowl celebration appeared to stem from a dispute between several people, authorities said Thursday. Police Chief Stacey Graves said that ...","KANSAS CITY, Missouri — The mass shooting that unfolded amid throngs of people at the Kansas City Chiefs’ Super Bowl celebration appeared to stem from a dispute between several people, authorities said Thursday. Police Chief Stacey Graves said that ..."
1204,3864,0.9915,2 charged with murder in Chiefs celebration parade shooting,2 charged with murder in Chiefs celebration parade shooting,"Apress February 20, 2024 at 1:26 p.m. February 20, 2024 at 1:26 p.m. By Nick Ingram and Margery A. Beck | Associated Press KANSAS CITY, Mo. — Missouri prosecutors said Tuesday that two men have been charged with murder in last week’s shooting that...","February 20, 2024 at 1:26 p.m. February 20, 2024 at 1:26 p.m. By Nick Ingram and Margery A. Beck | Associated Press KANSAS CITY, Mo. — Missouri prosecutors said Tuesday that two men have been charged with murder in last week’s shooting that killed ..."
1210,1661,0.971,Kansas City comienza a recuperarse tras el tiroteo durante el desfile por el Super Bowl,Kansas City comienza a recuperarse tras el tiroteo durante el desfile por el Super Bowl,"KANSAS CITY, Misuri, EE.UU. — Kansas City intenta recuperarse tras el tiroteo que convirtió la celebración por el título del Super Bowl en caos y la policía está trabajando con los fiscales de menores para determinar qué sucederá ahora con los dos jó...","KANSAS CITY, Misuri, EE.UU. (AP) — Kansas City intenta recuperarse tras el tiroteo que convirtió la celebración por el título del Super Bowl en caos y la policía está trabajando con los fiscales de menores para determinar qué sucederá ahora con los d..."
1212,4682,0.9784,First Thing: One dead and scores wounded at Kansas City Chiefs parade shooting,First Thing: One dead and scores wounded at Kansas City Chiefs parade shooting,"Chaos erupted at the Super Bowl victory parade. Plus, Israel carries out strikes in southern Lebanon Good morning. At least one person was killed and 21 others injured, including multiple children, in a mass shooting on Wednesday afternoon that tur...","Chaos erupted at the Super Bowl victory parade. Plus, Israel carries out strikes in southern Lebanon Good morning. At least one person was killed and 21 others injured, including multiple children, in a mass shooting on Wednesday afternoon that turne..."
1215,3626,1.0,2 adults charged with murder in Chiefs parade mass shooting,2 adults charged with murder in Chiefs parade mass shooting,"KANSAS CITY, Mo. -- Missouri prosecutors said Tuesday that two adults have been charged with murder in last week's mass shooting that killed one person and injured 22 others near the end of the Kansas City Chiefs ' Super Bowl parade. Lyndell Mays,...","KANSAS CITY, Mo. -- Missouri prosecutors said Tuesday that two adults have been charged with murder in last week's mass shooting that killed one person and injured 22 others near the end of the Kansas City Chiefs' Super Bowl parade. Lyndell Mays, of..."
1215,6184,1.0,2 adults charged with murder in Chiefs parade mass shooting,Two adults charged with murder in Chiefs parade mass shooting,"KANSAS CITY, Mo. -- Missouri prosecutors said Tuesday that two adults have been charged with murder in last week's mass shooting that killed one person and injured 22 others near the end of the Kansas City Chiefs ' Super Bowl parade. Lyndell Mays,...","KANSAS CITY, Mo. — Missouri prosecutors said Tuesday that two adults have been charged with murder in last week’s mass shooting that killed one person and injured 22 others near the end of the Kansas City Chiefs’ Super Bowl parade. Lyndell Mays, of ..."
1216,5586,0.9701,"Lisa López Galván, víctima mortal del tiroteo en festejo de los Chiefs, era de origen mexicano","Lisa López Galván, víctima mortal del tiroteo en festejo de los Chiefs, era de origen mexicano","Lisa López-Galván, DJ de radio del área de Kansas City, murió luego de recibir un disparo en la celebración por la victoria de los Chiefs en el Super Bowl, confirmó su familia este jueves. “En nombre de la Familia López-Galván agradecemos a la comuni...","Lisa López-Galván, DJ de radio del área de Kansas City, murió luego de recibir un disparo en la celebración por la victoria de los Chiefs en el Super Bowl, confirmó su familia este jueves. “En nombre de la Familia López-Galván agradecemos a la comun..."
1217,2683,0.9882,"Taylor Swift Donates $100,000 To GoFundMe For Family Of Kansas City Radio DJ Killed At Super Bowl Parade – DNyuz","Taylor Swift Donates $100,000 To Gofundme For Family Of Kansas City Radio Dj Killed At Super Bowl Parade","Taylor Swift has donated $100,000 to a GoFundMe page set up for the family of the woman killed in a mass shooting in Kansas earlier this week. Lisa Lopez-Galvan, a DJ at Kansas City’s KKFI radio station, died Wednesday after a shooting at the end of...","Taylor Swift has donated $100,000 to a GoFundMe page set up for the family of the woman killed in a mass shooting in Kansas earlier this week. Lisa Lopez-Galvan, a DJ at Kansas City’s KKFI radio station, died Wednesday aftera shooting at the end of t..."
1219,2839,0.9585,López Obrador lamenta la muerte de una mexicana en el tiroteo del desfile de Kansas City,López Obrador lamenta muerte de mexicana en el tiroteo de Kansas City,"El presidente mexicano, Andrés Manuel López Obrador, lamentó este jueves la muerte de Lisa López-Galván, de raíces mexicanas que falleció en el tiroteo que ocurrió el miércoles tras el desfile de celebración del Super Bowl de los Kansas City Chiefs. ...","EFE / Foto referencial El presidente mexicano, Andrés Manuel López Obrador, lamentó este jueves la muerte de Lisa López-Galván, de raíces mexicanas que falleció en el tiroteo que ocurrió el miércoles tras el desfile de celebración del Super Bowl de ..."
1219,3849,1.0,López Obrador lamenta la muerte de una mexicana en el tiroteo del desfile de Kansas City,AMLO lamenta la muerte de una mexicana en el tiroteo del desfile de Kansas City,"El presidente mexicano, Andrés Manuel López Obrador, lamentó este jueves la muerte de Lisa López-Galván, de raíces mexicanas que falleció en el tiroteo que ocurrió el miércoles tras el desfile de celebración del Super Bowl de los Kansas City Chiefs. ...","El presidente mexicano, Andrés Manuel López Obrador, lamentó este jueves la muerte de Lisa López-Galván, de raíces mexicanas que falleció en el tiroteo que ocurrió el miércoles tras el desfile de celebración del Super Bowl de los Kansas City Chiefs...."
1219,6381,1.0,López Obrador lamenta la muerte de una mexicana en el tiroteo del desfile de Kansas City,AMLO lamenta muerte de mexicana en el tiroteo del desfile de Kansas City,"El presidente mexicano, Andrés Manuel López Obrador, lamentó este jueves la muerte de Lisa López-Galván, de raíces mexicanas que falleció en el tiroteo que ocurrió el miércoles tras el desfile de celebración del Super Bowl de los Kansas City Chiefs. ...","El presidente mexicano, Andrés Manuel López Obrador , lamentó este jueves la muerte de Lisa López-Galván, de raíces mexicanas que falleció en el tiroteo que ocurrió el miércoles tras el desfile de celebración del Super Bowl de los Kansas City Chiefs...."
1219,6456,0.9538,López Obrador lamenta la muerte de una mexicana en el tiroteo del desfile de Kansas City,Lamenta López Obrador muerte de mexicana en el tiroteo del desfile en Kansas City,"El presidente mexicano, Andrés Manuel López Obrador, lamentó este jueves la muerte de Lisa López-Galván, de raíces mexicanas que falleció en el tiroteo que ocurrió el miércoles tras el desfile de celebración del Super Bowl de los Kansas City Chiefs. ...","El presidente Andrés Manuel López Obrador, lamentó este jueves la muerte de Lisa López-Galván, de raíces mexicanas que falleció en el tiroteo que ocurrió el miércoles tras el desfile de celebración del Super Bowl de los Kansas City Chiefs. “Aprovech..."
1223,8721,0.9864,"Taylor Swift dona 100 mil dólares a la familia de Lisa López, víctima mortal del tiroteo de Kansas City",Taylor Swift dona 100 mil dólares a la familia de Lisa López,"La cantante Taylor Swift donó 100 mil dólares a la familia de Lisa López, la locutora mexicana que murió tras el tiroteo del desfile del Super Bowl. Taylor Swift, quien se ha posicionado como una de las artistas más importantes de los últimos ...","La cantante Taylor Swift donó 100 dólares a la familia de Lisa López, la locutora mexicana que murió tras el tiroteo del desfile del Super Bowl. Taylor Swift, quien se ha posicionado como una de las artistas más importantes de los últimos tiempos, u..."
1228,4805,0.9607,"Taylor Swift donates $100,000 to GoFundMe for Kansas City DJ Lisa Lopez-Galvan who was shot dead at her Chiefs Super Bowl parade","Taylor Swift donates $100,000 to GoFundMe for Kansas City DJ Lisa Lopez-Galvan who was shot dead at her Chiefs Super Bowl parade","Swift made two $50,000 donations to Lisa Lopez-Galvan's GoFundMe page No sign of any such donation from Travis Kelce or the Kansas City Chiefs Taylor Swift has donated $100,000 to the grieving family of the Kansas City radio DJ shot dead at the vict...","Swift made two $50,000 donations to Lisa Lopez-Galvan’s GoFundMe page No sign of any such donation from Travis Kelce or the Kansas City Chiefs Taylor Swift has donated $100,000 to the grieving family of the Kansas City radio DJ shot dead at the vi..."
1229,2581,1.0,"Taylor Swift Donates $100,000 to Family of Woman Killed at Super Bowl Parade: 'My Deepest Sympathies'","Taylor Swift Donates $100,000 to Family of Woman Killed at Super Bowl Parade: 'My Deepest Sympathies'","Kirsty Hatcher 16 February 2024 at 2:25 pm · Taylor Swift American singer-songwriter Lisa Lopez Tejano music singer Travis Kelce LiveTodayTomorrowvs--| Swift made two $50,000 donations on Friday to the family of Lisa Lopez-Galvan, who was tra...","Kirsty Hatcher 16 February 2024 at 3:25 pm · Taylor Swift American singer-songwriter Lisa Lopez Tejano music singer Travis Kelce LiveTodayTomorrowvs--| Swift made two $50,000 donations on Friday to the family of Lisa Lopez-Galvan, who was tra..."
1235,4263,0.9692,El origen del tiroteo de Kansas City fue una disputa entre dos bandas rivales | Noticias Telemundo,Recuerdan a la única víctima mortal del tiroteo en Kansas con una vigilia | Noticias Telemundo,"Video oficial de Noticias Telemundo. Ante la tragedia, la comunidad se unió en oración para pedir por la madre hispana y reconocida DJ Lisa López Galván, quien perdió la vida en el ataque. Familiares de la víctima comparten en entrevista cómo enfrentan este duro momento. Descarga nuestra App: SUSCRÍBETE: Noticias Noticias Telemundo es un proveedor líder de noticias para los hispanos de EE.UU. Sus galardonados espacios de noticias, transmitidos desde Telemundo Center, incluyen los noticieros diarios “Noticias Telemundo” con Julio Vaqueiro; “Noticias Telemundo Fin de Semana”, “Noticias Telemundo Mediodía” y “Noticias Telemundo En La Noche”. El “Equipo Digital de Noticias Telemundo” ofrece contenido ininterrumpido para los hispanos de EE.UU. a través de sus crecientes plataformas móviles y en línea. “Noticias Telemundo Investiga” produce reportes investigativos y documentales en profundidad. “Noticias Telemundo Planeta Tierra” ofrece información relacionada con el medio ambiente y el cambio climático. Adicionalmente, “Noticias Telemundo” produce galardonados especiales de noticias, documentales y eventos noticiosos como debates políticos, asambleas ciudadanas y foros. Telemundo Es una empresa de medios de primera categoría, líder en la industria en la producción y distribución de contenido en español de alta calidad a través de múltiples plataformas para hispanos en los Estados Unidos y alrededor del mundo. La cadena ofrece producciones dramáticas originales de Telemundo Studios – el productor #1 de contenido en español de horario estelar – así como contenido alternativo, películas de cine, especiales, noticias y eventos deportivos de primer nivel, alcanzando el 94% de los televidentes hispanos en los Estados Unidos en 210 mercados a través de 17 estaciones propias y 57 afiliadas de TV abierta. Telemundo también es propietaria de WKAQ, una estación de televisión local que sirve Puerto Rico. Telemundo es parte de NBCUniversal Telemundo Enterprises, una división de NBCUniversal, una de las compañías líderes en el mundo de los medios y entretenimiento. NBCUniversal es una subsidiaria de Comcast Corporation. SÍGUENOS EN X: DANOS ME GUSTA EN FACEBOOK: #NoticiasTelemundo #Tragedia #KansasCity El origen del tiroteo de Kansas City fue una disputa entre dos bandas rivales | Noticias Telemundo Noticias, Telemundo, Noticias Telemundo de hoy, Telemundo Noticias, Noticias, Telemundo, Telemundo Noticias de hoy, Noticias Telemundo de hoy en vivo, Ultima hora, Noticias de hoy, Noticias de Ultima hora","Video oficial de Noticias Telemundo. Decenas de personas se congregaron en el parque del Skywalk Memorial para honrar a Lisa Lopez-Galvan y recordar a los más de 20 heridos que dejó la balacera. La policía confirmó que el incidente se originó por una disputa entre dos bandas rivales. Descarga nuestra App: SUSCRÍBETE: Noticias Noticias Telemundo es un proveedor líder de noticias para los hispanos de EE.UU. Sus galardonados espacios de noticias, transmitidos desde Telemundo Center, incluyen los noticieros diarios “Noticias Telemundo” con Julio Vaqueiro; “Noticias Telemundo Fin de Semana”, “Noticias Telemundo Mediodía” y “Noticias Telemundo En La Noche”. El “Equipo Digital de Noticias Telemundo” ofrece contenido ininterrumpido para los hispanos de EE.UU. a través de sus crecientes plataformas móviles y en línea. “Noticias Telemundo Investiga” produce reportes investigativos y documentales en profundidad. “Noticias Telemundo Planeta Tierra” ofrece información relacionada con el medio ambiente y el cambio climático. Adicionalmente, “Noticias Telemundo” produce galardonados especiales de noticias, documentales y eventos noticiosos como debates políticos, asambleas ciudadanas y foros. Telemundo Es una empresa de medios de primera categoría, líder en la industria en la producción y distribución de contenido en español de alta calidad a través de múltiples plataformas para hispanos en los Estados Unidos y alrededor del mundo. La cadena ofrece producciones dramáticas originales de Telemundo Studios – el productor #1 de contenido en español de horario estelar – así como contenido alternativo, películas de cine, especiales, noticias y eventos deportivos de primer nivel, alcanzando el 94% de los televidentes hispanos en los Estados Unidos en 210 mercados a través de 17 estaciones propias y 57 afiliadas de TV abierta. Telemundo también es propietaria de WKAQ, una estación de televisión local que sirve Puerto Rico. Telemundo es parte de NBCUniversal Telemundo Enterprises, una división de NBCUniversal, una de las compañías líderes en el mundo de los medios y entretenimiento. NBCUniversal es una subsidiaria de Comcast Corporation. SÍGUENOS EN X: DANOS ME GUSTA EN FACEBOOK: #NoticiasTelemundo #Kansas #Tiroteo Recuerdan a la única víctima mortal del tiroteo en Kansas con una vigilia | Noticias Telemundo Noticias, Telemundo, Noticias Telemundo de hoy, Telemundo Noticias, Noticias, Telemundo, Telemundo Noticias de hoy, Noticias Telemundo de hoy en vivo, Ultima hora, Noticias de hoy, Noticias de Ultima hora"
1235,4801,0.9624,El origen del tiroteo de Kansas City fue una disputa entre dos bandas rivales | Noticias Telemundo,La policía de Kansas City informa del tiroteo en el desfile en el que murió una latina,"Video oficial de Noticias Telemundo. Ante la tragedia, la comunidad se unió en oración para pedir por la madre hispana y reconocida DJ Lisa López Galván, quien perdió la vida en el ataque. Familiares de la víctima comparten en entrevista cómo enfrentan este duro momento. Descarga nuestra App: SUSCRÍBETE: Noticias Noticias Telemundo es un proveedor líder de noticias para los hispanos de EE.UU. Sus galardonados espacios de noticias, transmitidos desde Telemundo Center, incluyen los noticieros diarios “Noticias Telemundo” con Julio Vaqueiro; “Noticias Telemundo Fin de Semana”, “Noticias Telemundo Mediodía” y “Noticias Telemundo En La Noche”. El “Equipo Digital de Noticias Telemundo” ofrece contenido ininterrumpido para los hispanos de EE.UU. a través de sus crecientes plataformas móviles y en línea. “Noticias Telemundo Investiga” produce reportes investigativos y documentales en profundidad. “Noticias Telemundo Planeta Tierra” ofrece información relacionada con el medio ambiente y el cambio climático. Adicionalmente, “Noticias Telemundo” produce galardonados especiales de noticias, documentales y eventos noticiosos como debates políticos, asambleas ciudadanas y foros. Telemundo Es una empresa de medios de primera categoría, líder en la industria en la producción y distribución de contenido en español de alta calidad a través de múltiples plataformas para hispanos en los Estados Unidos y alrededor del mundo. La cadena ofrece producciones dramáticas originales de Telemundo Studios – el productor #1 de contenido en español de horario estelar – así como contenido alternativo, películas de cine, especiales, noticias y eventos deportivos de primer nivel, alcanzando el 94% de los televidentes hispanos en los Estados Unidos en 210 mercados a través de 17 estaciones propias y 57 afiliadas de TV abierta. Telemundo también es propietaria de WKAQ, una estación de televisión local que sirve Puerto Rico. Telemundo es parte de NBCUniversal Telemundo Enterprises, una división de NBCUniversal, una de las compañías líderes en el mundo de los medios y entretenimiento. NBCUniversal es una subsidiaria de Comcast Corporation. SÍGUENOS EN X: DANOS ME GUSTA EN FACEBOOK: #NoticiasTelemundo #Tragedia #KansasCity El origen del tiroteo de Kansas City fue una disputa entre dos bandas rivales | Noticias Telemundo Noticias, Telemundo, Noticias Telemundo de hoy, Telemundo Noticias, Noticias, Telemundo, Telemundo Noticias de hoy, Noticias Telemundo de hoy en vivo, Ultima hora, Noticias de hoy, Noticias de Ultima hora","La mujer que murió baleada en el tiroteo tras el desfile de victoria de los Kansas City Chiefs por el Super Bowl fue identificada como Lisa López Galván, una popular DJ de radio en la comunidad latina de esa ciudad. La policía local arrestó a tres sospechosos, cuyas identidades no se han revelado aún. Descarga nuestra App: SUSCRÍBETE: Noticias Noticias Telemundo es un proveedor líder de noticias para los hispanos de EE.UU. Sus galardonados espacios de noticias, transmitidos desde Telemundo Center, incluyen los noticieros diarios “Noticias Telemundo” con Julio Vaqueiro; “Noticias Telemundo Fin de Semana”, “Noticias Telemundo Mediodía” y “Noticias Telemundo En La Noche”. El “Equipo Digital de Noticias Telemundo” ofrece contenido ininterrumpido para los hispanos de EE.UU. a través de sus crecientes plataformas móviles y en línea. “Noticias Telemundo Investiga” produce reportes investigativos y documentales en profundidad. “Noticias Telemundo Planeta Tierra” ofrece información relacionada con el medio ambiente y el cambio climático. Adicionalmente, “Noticias Telemundo” produce galardonados especiales de noticias, documentales y eventos noticiosos como debates políticos, asambleas ciudadanas y foros. Telemundo Es una empresa de medios de primera categoría, líder en la industria en la producción y distribución de contenido en español de alta calidad a través de múltiples plataformas para hispanos en los Estados Unidos y alrededor del mundo. La cadena ofrece producciones dramáticas originales de Telemundo Studios – el productor #1 de contenido en español de horario estelar – así como contenido alternativo, películas de cine, especiales, noticias y eventos deportivos de primer nivel, alcanzando el 94% de los televidentes hispanos en los Estados Unidos en 210 mercados a través de 17 estaciones propias y 57 afiliadas de TV abierta. Telemundo también es propietaria de WKAQ, una estación de televisión local que sirve Puerto Rico. Telemundo es parte de NBCUniversal Telemundo Enterprises, una división de NBCUniversal, una de las compañías líderes en el mundo de los medios y entretenimiento. NBCUniversal es una subsidiaria de Comcast Corporation. SÍGUENOS EN X: DANOS ME GUSTA EN FACEBOOK: #NoticiasTelemundo #KansasCity #Policia La policía de Kansas City informa del tiroteo en el desfile en el que murió una latina Noticias, Telemundo, Noticias Telemundo de hoy, Telemundo Noticias, Noticias, Telemundo, Telemundo Noticias de hoy, Noticias Telemundo de hoy en vivo, Ultima hora, Noticias de hoy, Noticias de Ultima hora"
1237,1488,1.0,Two teens charged in Kansas City Super Bowl rally shooting,Two teens charged in Kansas City Super Bowl rally shooting,"MISSOURI - Two teenagers have been charged as juveniles in connection with the shooting that killed one person and wounded 22 others in Kansas City, Missouri, near a Super Bowl victory rally for the city’s NFL champion Chiefs, authorities said on Feb...","MISSOURI – Two teenagers have been charged as juveniles in connection with the shooting that killed one person and wounded 22 others in Kansas City, Missouri, near a Super Bowl victory rally for the city’s NFL champion Chiefs, authorities said on Feb..."
1239,6113,1.0,Moment of gunfire at Kansas City Chiefs' Super Bowl celebration caught on video,Moment of gunfire at Kansas City Chiefs' Super Bowl celebration caught on video,"The moment that gunfire sent a crowd of terrified fans scattering for cover at the Kansas City Chiefs’ Super Bowl celebration on Wednesday was captured on video. The mass shooting erupted around 2 p.m. outside Union Station in downtown Kansas City, ...","The moment that gunfire sent a crowd of terrified fans scattering for cover at the Kansas City Chiefs' Super Bowl celebration on Wednesday was captured on video. The mass shooting erupted around 2 p.m. outside Union Station in downtown Kansas City, ..."
1243,4744,1.0,Taylor Swift dona 100.000 dólares a familia de mujer asesinada en desfile de los Chiefs,Taylor Swift dona 100.000 dólares a familia de mujer asesinada en desfile de los Chiefs,"KANSAS CITY, Missouri, EE.UU. – Taylor Swift donó 100.000 dólares a la familia de Lisa Lopez-Galvan, la mujer asesinada en el tiroteo en el desfile de la victoria de los Chiefs de Kansas City tras el Super Bowl. Dos donaciones de 50.000 dólares fuer...","KANSAS CITY, Missouri, EE.UU. — Taylor Swift donó 100.000 dólares a la familia de Lisa Lopez-Galvan, la mujer asesinada en el tiroteo en el desfile de la victoria de los Chiefs de Kansas City tras el Super Bowl. Dos donaciones de 50.000 dólares fuer..."
1272,4837,0.9589,Accusations de meurtre au deuxième degré lors de la fusillade du rallye des Chiefs au Super Bowl,2 Men Charged with Murder in K.C. Chiefs Super Bowl Rally Shooting,Jackson County Prosecutor Jean Peters Baker on Tuesday announced that two adults each have been charged with felony murder in the mass shooting at the Kansas City Chiefs’ Super Bowl victory rally last week. [–> Lyndell Mays of Raytown and Dominic M. ...,Jackson County Prosecutor Jean Peters Baker on Tuesday announced that two adults each have been charged with felony murder in the mass shooting at the Kansas City Chiefs’ Super Bowl victory rally last week. Lyndell Mays of Raytown and Dominic M. Mil...
1277,3986,0.9783,Woman Killed in Kansas City Shooting Was a Popular Radio Host and Chiefs Fan,Woman killed in Kansas City shooting was a popular radio host,"Wednesday was a day that Elizabeth Galvan and thousands of Kansas City Chiefs fans had long awaited. But a chance to revel in the team’s Super Bowl victory was abruptly cut short when gunfire rang out in the afternoon near Union Station, where a ral...","Wednesday was a day that Elizabeth Galvan and thousands of Kansas City Chiefs fans had long waited for. But a chance to savor the team's Super Bowl victory was abruptly cut short when gunfire rang out in the afternoon near Union Station, where a ral..."
1278,1784,1.0,2 juveniles charged in mass shooting at the Kansas City Chiefs Super Bowl parade,Two juveniles charged in mass shooting at the Kansas City Chiefs Super Bowl parade,"KANSAS CITY, Mo. — Two juveniles have been charged with crimes connected to the shooting at the Kansas City Chiefs’ Super Bowl rally, authorities said Friday. A news release from the Jackson County Family Court said the juveniles are being detained ...","KANSAS CITY, Mo. – Two juveniles have been charged with crimes connected to the shooting at the Kansas City Chiefs’ Super Bowl rally, authorities said Friday. A news release from the Jackson County Family Court said the juveniles are being detained..."
1278,2319,1.0,2 juveniles charged in mass shooting at the Kansas City Chiefs Super Bowl parade,2 juveniles charged in mass shooting at the Kansas City Chiefs Super Bowl parade,"KANSAS CITY, Mo. — Two juveniles have been charged with crimes connected to the shooting at the Kansas City Chiefs’ Super Bowl rally, authorities said Friday. A news release from the Jackson County Family Court said the juveniles are being detained ...","KANSAS CITY, Mo.: Two juveniles have been charged with crimes connected to the shooting at the Kansas City Chiefs’ Super Bowl rally, authorities said Friday. A news release from the Jackson County Family Court said the juveniles are being detained i..."
1278,2515,1.0,2 juveniles charged in mass shooting at the Kansas City Chiefs Super Bowl parade,2 juveniles charged in mass shooting at the Kansas City Chiefs Super Bowl parade,"KANSAS CITY, Mo. — Two juveniles have been charged with crimes connected to the shooting at the Kansas City Chiefs’ Super Bowl rally, authorities said Friday. A news release from the Jackson County Family Court said the juveniles are being detained ...","KANSAS CITY, Mo. — Two juveniles have been charged with crimes connected to the shooting at the Kansas City Chiefs’ Super Bowl rally, authorities said Friday. A news release from the Jackson County Family Court said the juveniles are being detained..."
1278,2996,1.0,2 juveniles charged in mass shooting at the Kansas City Chiefs Super Bowl parade,2 juveniles charged in mass shooting at the Kansas City Chiefs Super Bowl parade,"KANSAS CITY, Mo. — Two juveniles have been charged with crimes connected to the shooting at the Kansas City Chiefs’ Super Bowl rally, authorities said Friday. A news release from the Jackson County Family Court said the juveniles are being detained ...","KANSAS CITY, Mo. -- Two juveniles have been charged with crimes connected to the shooting at the Kansas City Chiefs' Super Bowl rally, authorities said Friday. A news release from the Jackson County Family Court said the juveniles are being detained..."
1278,6845,1.0,2 juveniles charged in mass shooting at the Kansas City Chiefs Super Bowl parade,Kansas City shooting: Two juveniles charged,"KANSAS CITY, Mo. — Two juveniles have been charged with crimes connected to the shooting at the Kansas City Chiefs’ Super Bowl rally, authorities said Friday. A news release from the Jackson County Family Court said the juveniles are being detained ...","KANSAS CITY, Mo. - Two juveniles have been charged with crimes connected to the shooting at the Kansas City Chiefs’ Super Bowl rally, authorities said Friday. A news release from the Jackson County Family Court said the juveniles are being detained..."
1278,8513,1.0,2 juveniles charged in mass shooting at the Kansas City Chiefs Super Bowl parade,2 juveniles charged in mass shooting at Kansas City Super Bowl parade,"KANSAS CITY, Mo. — Two juveniles have been charged with crimes connected to the shooting at the Kansas City Chiefs’ Super Bowl rally, authorities said Friday. A news release from the Jackson County Family Court said the juveniles are being detained ...","KANSAS CITY, Mo. — Two juveniles have been charged with crimes connected to the shooting at the Kansas City Chiefs' Super Bowl rally, authorities said Friday. A news release from the Jackson County Family Court said the juveniles are being detained ..."
1297,2332,1.0,"Chiefs Parade Shooting Victim Identified as Local Radio DJ Lisa Lopez-Galvan, Station Says","Chiefs Parade Shooting Victim Identified as Local Radio DJ Lisa Lopez-Galvan, Station Says","""She was so full of life,"" shared a friend The person killed during Wednesday's mass shooting at the Kansas City Chiefs’ Super Bowl parade has been identified, reports The Kansas City Star. Lisa Lopez-Galvan, a mother of two, was shot at the end of...","""She was so full of life,"" shared a friend The person killed during Wednesday's mass shooting at the Kansas City Chiefs’ Super Bowl parade has been identified, reports Kansas City Star. Lisa Lopez-Galvan, a mother of two, was shot at the end of the..."
1305,1436,0.96,Two juveniles charged in connection to Kansas City Chiefs parade shooting,2 juveniles charged in mass shooting at the Kansas City Chiefs Super Bowl parade,"Two juveniles have been charged with crimes connected to the shooting at the Kansas City Chiefs’ , authorities said on Friday. A news release from the Jackson county family court said the juveniles are being detained in the county’s juvenile detenti...","Two juveniles have been charged with crimes connected to the shooting at the Kansas City Chiefs’ , authorities said Friday. A news release from the Jackson County Family Court said the juveniles are being detained in the county’s Juvenile Detention ..."
1316,1550,0.9679,Alleged shooter at Kansas City Chiefs Super Bowl celebration told police he was ‘just being stupid’: affidavit,Alleged shooter at Kansas City Chiefs Super Bowl celebration told police he was ‘just being stupid’: affidavit,One of the men charged with murder in connection to the deadly shooting at the Kansas City Chiefs Super Bowl victory celebration last week told police that he was “just being stupid” when he “advanced” on a group of strangers during a verbal dispute ...,One of the men charged with murder in connection to the deadly shooting at the Super Bowl victory celebration last week told police that he was “just being stupid” when he “advanced” on a group of strangers during a verbal dispute and opened fire in ...
1316,4035,1.0,Alleged shooter at Kansas City Chiefs Super Bowl celebration told police he was ‘just being stupid’: affidavit,Alleged shooter at Kansas City Chiefs Super Bowl celebration told police he was ‘just being stupid’: affidavit,One of the men charged with murder in connection to the deadly shooting at the Kansas City Chiefs Super Bowl victory celebration last week told police that he was “just being stupid” when he “advanced” on a group of strangers during a verbal dispute ...,"One of the men charged with murder in connection to the deadly shooting at the Kansas City Chiefs Super Bowl victory celebration last week told police that he was ""just being stupid"" when he ""advanced"" on a group of strangers during a verbal dispute ..."
1320,3423,1.0,"Kansas shooting: Taylor Swift, gf of Chiefs' player, gives $100k to victim's kin","Kansas shooting: Taylor Swift, gf of Chiefs’ player, gives $100k to victim’s kin – Rubbish Removals Sydney","Taylor Swift contributed $100,000 to the family of Lisa Lopez-Galvan, who was shot and murdered during the Kansas City Chiefs' Super Bowl triumph parade. from World News Headlines, Latest International News, World Breaking News - Times of India","Taylor Swift contributed $100,000 to the family of Lisa Lopez-Galvan, who was shot and murdered during the Kansas City Chiefs’ Super Bowl triumph parade. from World News Headlines, Latest International News, World Breaking News – Times of India"
1323,3303,0.9549,"Quién era Lisa López, la locutora latina que murió en el tiroteo del festejo de los Kansas City Chiefs por el Super Bowl","Quién era Lisa López, la locutora latina que murió en el tiroteo del festejo de los Kansas City Chiefs por el Super Bowl – eju.tv","Había asistido al desfile de celebración con su marido y su hijo adulto, ferviente fanático de los deportes, quien también recibió un disparo. Era hija de un músico e inmigrante mexicano La emisora KKFI informó que su locutora Lisa López Galván, con...","Había asistido al desfile de celebración con su marido y su hijo adulto, ferviente fanático de los deportes, quien también recibió un disparo. Era hija de un músico e inmigrante mexicano infobae.com La emisora KKFI informó que su locutora Lisa Lópe..."
1336,7615,0.9566,Schüsse bei Super-Bowl-Parade in Kansas City: Polizei nennt Details zum Hintergrund,Schüsse bei Super-Bowl-Parade in Kansas City: Polizei nennt Details zum Hintergrund,"Schüsse bei Super-Bowl-Parade: Tatverdächtige festgenommen – Polizei nennt Details zum Hintergrund 16.02.2024, 19:08 Uhr Während der Super-Bowl-Parade der Kansas City Chiefs fallen Schüsse. Ein Mensch stirbt, mehr als 20 werden verletzt. Wieder wir...","Schüsse bei Super-Bowl-Parade: Tatverdächtige festgenommen – Polizei nennt Details zum Hintergrund 16.02.2024, 05:16 Uhr Während der Super-Bowl-Parade der Kansas City Chiefs fallen Schüsse. Ein Mensch stirbt, mehr als 20 werden verletzt. Wieder wir..."
1355,6907,0.9616,超级杯封王游行枪击事件 两男被控二级谋杀,超级杯酋长封王游行枪击案 两人被控二级谋杀,"此内容发布于 2024年02月21日 - 06:00 1 分钟 (法新社华盛顿20日电) 职业美式足球联盟NFL堪萨斯市酋长超级杯封王游行枪击事件造成1死22伤,美国密苏里州检方今天说,两名男子被控二级谋杀等罪名。 杰克逊郡(Jackson County)检察官皮特斯贝克(Jean Peters Baker)告诉记者,两名男子米勒(Dominic Miller)和梅斯(Lyndell Mays)被控二级谋杀、持械犯罪行动及不法使用武器,他们都是当地居民。 皮特斯贝克表示,梅斯在14日...","NFL堪萨斯市酋长 超级杯封王游行 枪击案造成1死22伤, 密苏里州检方今天表示,两名成年男性被控二级谋杀等罪名。 法新社和美联社报导,杰克逊郡(Jackson County)检察官皮特斯贝克(Jean Peters Baker)告诉记者,两名男子米勒(Dominic Miller)和梅斯(Lyndell Mays)被控二级谋杀、持械犯罪行动及不法使用武器,他们都是当地居民。 皮特斯贝克表示,梅斯在14日游行活动当天与其他人爆发口角,冲突「迅速升级」,据称米勒开枪导致当地DJ丽莎‧罗培兹-加..."
1358,7354,1.0,Police try to decipher who was behind mass shooting at Chiefs' Super Bowl celebration,Police try to decipher who was behind mass shooting at Chiefs’ Super Bowl celebration,"KANSAS CITY, Mo. — Authorities in Kansas City are trying to decipher who was behind the mass shooting that unfolded Wednesday amid throngs of people at the Chiefs' Super Bowl celebration, where 21 people were wounded — including at least eight childr...","KANSAS CITY, Mo. — Authorities in Kansas City are trying to decipher who was behind the mass shooting that unfolded Wednesday amid throngs of people at the Chiefs’ Super Bowl celebration, where 21 people were wounded — including at least eight childr..."
1368,5417,0.9815,BREAKING: 2 adults are charged with murder in the deadly shooting at Kansas City’s Super Bowl celebration,BREAKING: 2 adults are charged with murder in the deadly shooting at Kansas City’s Super Bowl celebration,"Jackson County Prosecutor Jean Peters Baker on Tuesday announced that two adults each have been charged with felony murder in the mass shooting at the Kansas City Chiefs’ Super Bowl victory rally last week. Lyndell Mays of Raytown and Dominic M. Miller of Kansas City each face a count of second-degree felony murder, Baker announced in an afternoon news conference at the Jackson County Courthouse in downtown Kansas City. Mays and Miller each have also been charged with two counts of armed criminal action and unlawful use of a weapon. The charges are the latest in the mass shooting investigation. Charges were also filed last week against two teens in the shooting that killed one woman and injured at least 39 others, including 23 with gunshot wounds. Lisa Lopez-Galvan, a mother and popular disc jockey, was identified as the woman killed in the shooting.","Never was there 3 in custody. That was false reporting saying one was an illegal immigrant. Jackson County Prosecutor Jean Peters Baker on Tuesday announced that two adults each have been charged with felony murder in the mass shooting at the Kansas City Chiefs’ Super Bowl victory rally last week. Lyndell Mays of Raytown and Dominic M. Miller of Kansas City each face a count of second-degree felony murder, Baker announced in an afternoon news conference at the Jackson County Courthouse in downtown Kansas City. Mays and Miller each have also been charged with two counts of armed criminal action and unlawful use of a weapon. The charges are the latest in the mass shooting investigation. Charges were also filed last week against two teens in the shooting that killed one woman and injured at least 39 others, including 23 with gunshot wounds. Lisa Lopez-Galvan, a mother and popular disc jockey, was identified as the woman killed in the shooting."
1376,4351,0.9801,Al menos 8 niños fueron impactados por disparos al final del desfile del Super Bowl,Al menos ocho niños entre 22 alcanzados por disparos en desfile del Super Bowl; locutora latina es asesinada,"Ocho niños estaban entre las 22 personas alcanzadas por disparos en un tiroteo al final del desfile del miércoles para celebrar la victoria de los Kansas City Chiefs en el Super Bowl, dijeron las autoridades, lo que hizo que los fanáticos aterroriza...","Ocho niños estaban entre las 22 personas alcanzadas por disparos en un tiroteo al final del desfile del miércoles para celebrar la victoria de los Kansas City Chiefs en el Super Bowl, dijeron las autoridades, lo que hizo que los aterrorizados fanátic..."
1379,5287,0.9632,"Travis Kelce matches Taylor Swift’s $100,000 donation to victims of Chiefs parade shooting AFTER uproar over his decision to go partying in the wake of the tragedy that left one dead and 22 others – mostly children – hurt","Travis Kelce matches Taylor Swift’s $100,000 donation to victims of Chiefs parade shooting AFTER uproar over his decision to go partying in the wake of the tragedy that left one dead and 22 others – mostly children – hurt","Travis Kelce has matched girlfriend Taylor Swift’s $100,000 donation to victims of Wednesday’s mass shooting following the Kansas City Chiefs’ Super Bowl rally. Kelce made the gift through a GoFundMe page, which shows a pair of $50,000 donations fro...","Travis Kelce has matched girlfriend Taylor Swift’s $100,000 donation to victims of Wednesday’s mass shooting following the Kansas City Chiefs’ Super Bowl rally. Kelce made the gift through a GoFundMe page, which shows a pair of $50,000 donations mad..."
1381,4060,0.9591,Giant ‘KC STRONG’ message takes shape at Union Station day after Chiefs,Giant ‘KC STRONG’ message takes shape at Union Station day after Chiefs rally shooting,"On Thursday — the day after the Kansas City Chiefs victory parade and rally ended in a mass shooting — a message appeared in front of Union Station. White folding chairs spelled out “KC STRONG,” a sprawling word of encouragement amid bleak headlines...","KANSAS CITY, Mo. — On Thursday — the day after the Kansas City Chiefs victory parade and rally ended in a mass shooting — a message appeared in front of Union Station. White folding chairs spelled out “KC STRONG,” a sprawling word of encouragement am..."
1381,4211,0.9591,Giant ‘KC STRONG’ message takes shape at Union Station day after Chiefs,Giant 'KC STRONG' message takes shape at Union Station day after Chiefs rally shooting,"On Thursday — the day after the Kansas City Chiefs victory parade and rally ended in a mass shooting — a message appeared in front of Union Station. White folding chairs spelled out “KC STRONG,” a sprawling word of encouragement amid bleak headlines...","KANSAS CITY, Mo. — On Thursday — the day after the Kansas City Chiefs victory parade and rally ended in a mass shooting — a message appeared in front of Union Station. White folding chairs spelled out “KC STRONG,” a sprawling word of encouragement a..."
1387,8488,0.9532,Taylor Swift donates $100K for family of woman killed at Chiefs Victory parade,Taylor Swift donates $100K for family of woman killed at Chiefs Victory parade,"Los Angeles, Feb 16 S inger Taylor Swift has made donations on a charity page totaling $100,000 early Friday morning after Lisa Lopez-Galvan was killed in a mass shooting at the Kansas City Chiefs’ victory parade. The victim’s family had setup a G...","Los Angeles, Feb 16 : Singer Taylor Swift has made donations on a charity page totaling $100,000 early Friday morning after Lisa Lopez-Galvan was killed in a mass shooting at the Kansas City Chiefs' victory parade. The victim's family had setup a Go..."
1396,4902,0.9757,VIDEO: KC mayor has jaw-dropping reaction to governor calling Super Bowl parade shooters ‘thugs’,"BREAKING: Officials announce details on KC parade shooting suspects [Photos, Videos]","TeamDML offers insights, opinions, podcasts, videos and other forms of content intended to educate and better explain trending news that is made available to the public by third parties. In this particular case, we refer to an excerpt from Fox News: ...","TeamDML offers insights, opinions, podcasts, videos and other forms of content intended to educate and better explain trending news that is made available to the public by third parties. In this particular case, we refer to an excerpt from DailyMail:..."
1425,3383,0.9829,Un festejo fervoroso del Super Bowl culmina con el terror de un tiroteo en Kansas City,Un festejo fervoroso del Super Bowl culmina con el terror de un tiroteo en Kansas City,"KANSAS CITY, Missouri, EEUU (AP) — “¿Se sienten bien hoy, en el Reino de los Chiefs?”, gritó el alcalde de Kansas City, Quinton Lucas, ante un mar de fanáticos del fútbol americano que acababan de experimentar la tercera victoria de su ciudad en el S...","KANSAS CITY, Missouri, EEUU — “¿Se sienten bien hoy, en el Reino de los Chiefs?”, gritó el alcalde de Kansas City, Quinton Lucas, ante un mar de fanáticos del fútbol americano que acababan de experimentar la tercera victoria de su ciudad en el Super ..."
1432,7340,0.9576,"Travis Kelce, Patrick Mahomes and Chiefs teammates attend private dinner after Kansas City shooting: report","Travis Kelce, Patrick Mahomes and Chiefs teammates attend private dinner after Kansas City shooting: report","Travis Kelce, Patrick Mahomes and several of their Kansas City Chiefs teammates met for a pre-planned private dinner after a deadly shooting took place during their Super Bowl parade. According to TMZ, the star quarterback organized the get-together...","Travis Kelce, Patrick Mahomes and several of their Kansas City Chiefs teammates met for a pre-planned private dinner after a took place during their Super Bowl parade. According to TMZ, the star quarterback organized the get-together at Granfalloon ..."
1434,8506,0.9743,Chiefs' Harrison Butker sends jersey to Lisa Lopez-Galvan's family ahead of funeral,Chiefs' Harrison Butker sends jersey to Lisa Lopez-Galvan's family ahead of funeral,NFL news Chiefs' Harrison Butker sends jersey to Lisa Lopez-Galvan's family ahead of funeral,Football - Jacksonville Jaguars news Chiefs' Harrison Butker sends jersey to Lisa Lopez-Galvan's family ahead of funeral
1448,5364,0.957,Map reveals where Kansas City Super Bowl parade shooting unfolded,Map reveals where Kansas City Super Bowl parade shooting unfolded,The shooting occurred less than half an hour after the end of the parade (Picture: AFP/Metro.co.uk) One person has been killed and at least 22 people have been injured after a mass shooting at the Kansas City Chiefs’ Super Bowl parade. Lisa Lopez-G...,The shooting occurred less than half an hour after the end of the parade (Picture: AFP/Metro.co.uk) One person has been killed and at least 22 people have been injured after a mass shooting at the Kansas City Chiefs’ Super Bowl parade. Lisa Lopez-Ga...
1454,3205,0.9627,Kansas City Radio Station Confirms Death Of Dj Lisa Lopez-galvan At Chiefs' Super Bowl Parade,Kansas City radio station confirms death of DJ Lisa Lopez-Galvan at Chiefs' Super Bowl parade,Kansas City radio station confirms death of DJ Lisa Lopez-Galvan at Chiefs' Super Bowl parade,Comment on Kansas City radio station confirms death of DJ Lisa Lopez-Galvan at Chiefs' Super Bowl parade
1455,2417,1.0,At Least 8 Children Among the Wounded in Kansas City,At Least 8 Children Among the Wounded in Kansas City,"In a grim update on the shooting at the Kansas City Chiefs’ Super Bowl celebration in downtown Kanas City on Wednesday, police said at least eight children were among at least 22 people wounded by gunfire. Kansas City Police Chief Stacey Graves said ...","In a grim update on the shooting at the Kansas City Chiefs' Super Bowl celebration in downtown Kanas City on Wednesday, police said at least eight children were among at least 22 people wounded by gunfire. Kansas City Police Chief Stacey Graves said..."
1455,4380,1.0,At Least 8 Children Among the Wounded in Kansas City,At Least 8 Children Among the Wounded in Kansas City,"In a grim update on the shooting at the Kansas City Chiefs’ Super Bowl celebration in downtown Kanas City on Wednesday, police said at least eight children were among at least 22 people wounded by gunfire. Kansas City Police Chief Stacey Graves said ...","In a grim update on the shooting at the Kansas City Chiefs' Super Bowl celebration in downtown Kanas City on Wednesday, police said at least eight children were among at least 22 people wounded by gunfire. Kansas City Police Chief Stacey Graves said ..."
1457,6151,1.0,Taylor Swift Donates $100K to GoFundMe For Chiefs Victory Parade Victim,Taylor Swift Donates $100K to GoFundMe For Family of Chiefs Victory Parade Victim DJ Lisa Lopez-Galv,"Taylor Swift donated $100,000 to a GoFundMe set up for the family of Lisa Lopez-Galvan, the Kansas City radio DJ who was killed in the mass shooting that broke out during the Kansas City Chiefs’ victory parade on Wednesday. Swift, who has become an h...","Taylor Swift donated $100,000 to a GoFundMe set up for the family of Lisa Lopez-Galvan, the Kansas City radio DJ who was killed in the mass shooting that broke out during the Kansas City Chiefs’ victory parade on Wednesday. Swift, who has become an ..."
1461,7342,1.0,"Lyndell Mays Admitted To Firing First Shots During Super Bowl Parade, Cops Say","Lyndell Mays Admitted To Firing First Shots During Super Bowl Parade, Cops Say","Police officers in Kansas City claim Lyndell Mays admitted he fired the first shots at the Chiefs’ Super Bowl parade last week ... before he allegedly said he “shouldn’t have done that.” According to court documents, Mays made the stunning admissions...","Police officers in Kansas City claim Lyndell Mays admitted he fired the first shots at the Chiefs' Super Bowl parade last week ... before he allegedly said he ""shouldn't have done that."" According to court documents, Mays made the stunning admissions..."
1462,1855,0.9578,"Awful Kansas City Parade Shooting Details: Underage Suspects, Victim Ided, & Very Young Children Shot","Awful Kansas City Parade Shooting Details: Underage Suspects, Victim Ided, & Very Young Children Shot","Shocking news coming out of the mass shooting at the Kansas City Chiefs‘ parade on Wednesday, starting with the awful detail... Two of the three suspects are juveniles. According to Kansas City Police Chief Stacey Graves (pictured above, center), inve...","Shocking news coming out of the mass shooting at the Kansas City Chiefs‘ Super Bowl parade on Wednesday, starting with the awful detail... Two of the three suspects are juveniles. According to Kansas City Police Chief Stacey Graves (pictured above, ce..."
1487,4596,0.9833,Investigan el motivo de un tiroteo que dejó un muerto y más de 20 heridos en la celebración del Super Bowl de los Chiefs,INVESTIGAN EL MOTIVO DE UN TIROTEO QUE DEJÓ UN MUERTO Y MÁS DE 20 HERIDOS EN LA CELEBRACIÓN DEL SUPER BOWL DE LOS CHIEFS – Somos Altiplano,"(CNN) -- La Policía está trabajando para determinar quién abrió fuego y qué motivó un tiroteo que mató a una persona e hirió a más de 20 al final del mitin por la victoria de los Kansas City Chiefs en el Super Bowl, lo que hizo que los fanáticos vest...","La Policía está trabajando para determinar quién abrió fuego y qué motivó un tiroteo que mató a una persona e hirió a más de 20 al final del mitin por la victoria de los Kansas City Chiefs en el Super Bowl, lo que hizo que los fanáticos vestidos con ..."
1496,5006,0.956,Kansas City Royals react to shooting at Chiefs Super Bowl rally: ‘Just terrible’,Kansas City Royals react to shooting at Chiefs Super Bowl rally: ‘Just terrible’,"SURPRISE, Ariz. — Kansas City Royals manager Matt Quatraro opened his Thursday news conference with a heartfelt message to the Kansas City community. “I just want to start with a brief statement on yesterday’s tragedy,” Quatraro said. “You know, tho...","Kansas City Royals manager Matt Quatraro opened his Thursday news conference with a heartfelt message to the Kansas City community. “I just want to start with a brief statement on yesterday’s tragedy,” Quatraro said. “You know, those tragic events r..."
1506,4305,1.0,What we know so far about the shooting at the Kansas City Super Bowl rally,Timeline of the Kansas City Chiefs parade shooting and what we know so far,"One person was killed and more than 20 were injured when shots were fired after a rally Wednesday celebrating the Kansas City Chiefs' Super Bowl victory. While details of what exactly unfolded before the gunfire erupted are still coming to light, he...","One person was killed and more than 20 were injured when shots were fired after a rally Wednesday celebrating the Kansas City Chiefs’ Super Bowl victory. While details of what exactly unfolded before the gunfire erupted are still coming to light, he..."
1518,5056,1.0,Mother of alleged Kansas City shooter launched GoFundMe during ‘tragic time’: Report,Mother of alleged Kansas City shooter launched GoFundMe during ‘tragic time’: Report,"Lyndell Mays, 23, is charged with second-degree murder, armed criminal action, and unlawful use of a weapon following the deadly shooting at the Chiefs’ celebration, and his mother, Teneal Burnside, set up a now-deleted online fundraiser for him as h...","Lyndell Mays, 23, is charged with second-degree murder, armed criminal action, and unlawful use of a weapon following the deadly shooting at the Chiefs' celebration, and his mother, Teneal Burnside, set up a now-deleted online fundraiser for him as h..."
1521,4675,0.9614,Two Men Charged With Murder After Deadly Kansas City Parade Shooting,Two Men Charged With Murder After Deadly Kansas City Parade Shooting,Reuters/Kirby Lee Missouri prosecutors said Tuesday they have charged two men with second-degree murder for their role in a parade shooting that killed a local DJ and injured two dozen others who were celebrating the Kansas City Chiefs’ Super Bowl wi...,Reuters/Kirby Lee Missouri prosecutors said Tuesday they have charged two men with second-degree murder for their role in a parade shooting that killed a local DJ and injured two dozen others who were celebrating the Kansas City Chiefs’ Super Bowl w...
1522,1731,1.0,2 adults are charged with murder in the deadly shooting at Kansas City’s Super Bowl celebration,2 adults are charged with murder in shooting at Kansas City’s Super Bowl celebration,"A person views a memorial dedicated to the victims of last week’s mass shooting in front of Union Station, Sunday, Feb. 18, 2024, in Kansas City, Mo. Authorities say two juveniles have been charged with crimes connected to the shooting at the Kansas ...","A person views a memorial dedicated to the victims of last week's mass shooting in front of Union Station, Sunday, Feb. 18, 2024, in Kansas City, Mo. Authorities say two juveniles have been charged with crimes connected to the shooting at the Kansas ..."
1530,6544,1.0,Kansas Mother Dies in Chiefs Super Bowl Parade Shooting,Kansas Mother Dies in Chiefs Super Bowl Parade,"There’s now a name, family and story to one of the fatalities in the Kansas City Chiefs Super Bowl parade shooting — a mother of 2 has been identified as a victim. Lisa Lopez-Galvan, a Chiefs fan from Kansas, is confirmed dead from a gunshot wound ......","There's now a name, family and story to one of the fatalities in the Kansas City Chiefs Super Bowl parade shooting -- a mother of 2 has been identified as a victim. Lisa Lopez-Galvan, a Chiefs fan from Kansas, is confirmed dead from a gunshot wound..."
1531,3322,0.9723,Raytown man accused of murder in Chiefs rally shooting makes first court appearance,"3 years before Kansas City mass shooting, suspect drew gun at rec center basketball game","EDITOR’S NOTE: The Star is for the first time publishing a booking photo for Lyndell Mays, who was taken to the Jackson County Detention Center Tuesday night after being treated at a hospital. The Star had held off until Wednesday to understand why a...","EDITOR’S NOTE: The Star is for the first time publishing a booking photo for Lyndell Mays, who was taken to the Jackson County Detention Center Tuesday night after being treated at a hospital. The Star had waited until Wednesday to understand why a b..."
1532,1576,0.9555,2 Adults Are Charged With Murder In The Deadly Shooting At Kansas City’s Super Bowl Celebration,2 adults are charged with murder in the deadly shooting at Kansas City’s Super Bowl celebration,"By NICK INGRAM and MARGERY A. BECK (Associated Press) KANSAS CITY, Mo. (AP) — Two men have been charged with murder in last week’s shooting that killed one person and injured 22 others after the Kansas City Chiefs’ Super Bowl parade, Missouri prosecu...","By NICK INGRAM and MARGERY A. BECK Associated Press KANSAS CITY, Mo. (AP) — Two men have been charged with murder in last week’s shooting that killed one person and injured 22 others after the Kansas City Chiefs’ Super Bowl parade, Missouri prosecut..."
1533,5913,1.0,#KCStrong Fundraising Tee,#KCStrong Fundraising Tee,Love It,Love it
1545,4639,0.9955,Syria says an Israeli strike killed 2; American Airlines raising bag fees; Beatles to get a Fab Four of biopics | Hot off the Wire podcast,Syria says an Israeli strike killed 2; American Airlines raising bag fees; Beatles to get a Fab Four of biopics | Hot off the Wire podcast,"| | | | | | | | | | On this version of Hot off the Wire: DAMASCUS, Syria (AP) — Syria's state TV says an Israeli strike that hit a residential area in the country's capital of Damascus has killed two people. The TV reported that several missiles h...","On this version of Hot off the Wire: DAMASCUS, Syria (AP) — Syria's state TV says an Israeli strike that hit a residential area in the country's capital of Damascus has killed two people. The TV reported that several missiles hit the western neighbo..."
1546,6483,1.0,"It started as a Kansas City Chiefs celebration. Then the message spread: ‘Guns, police, run’","It started as a Kansas City Chiefs celebration. Then the message spread: ‘Guns, police, run’","The conquering heroes had just rolled down Grand Boulevard, waving to a crowd packed more than a dozen deep – a sea of red, gold and white against a clear blue sky, celebrating their Kansas City Chiefs’ second-in-a-row Super Bowl victory. One after ...","The conquering heroes had just rolled down Grand Boulevard, waving to a crowd packed more than a dozen deep – a sea of red, gold and white against a clear blue sky, celebrating their Kansas City Chiefs’ second-in-a-row Super Bowl victory. One after a..."
1554,6019,1.0,Kansas City Chiefs parade shooting: Police determining 'applicable charges' for juvenile suspects,Kansas City Chiefs parade shooting: Police determining ‘applicable charges’ for juvenile suspects,"Two juvenile suspects remain detained in the wake of Wednesday's mass shooting at the Kansas City Chiefs’ Super Bowl parade that left one person dead and 22 others injured. Formal charges against the juveniles have not yet been filed, according to K...","Two juvenile suspects remain detained in the wake of Wednesday’s mass shooting at the Kansas City Chiefs’ Super Bowl parade that left one person dead and 22 others injured. Formal charges against the juveniles have not yet been filed, according to K..."
1561,6030,0.9809,Acusan de asesinato a dos hombres por tiroteo en celebración Super Bowl en Kansas City,Acusan de asesinato a dos hombres por tiroteo en Kansas City | Video,"Dos hombres fueron acusados de asesinato este martes en relación con un tiroteo en Kansas City (Misuri) en el que murió una mujer y 22 personas resultaron heridas cerca de una concentración para celebrar la victoria de los Chiefs en el Super Bowl, in...",Dos hombres fueron acusados de asesinato este martes en relación con un t iroteo en Kansas City (Misuri) en el que murió una mujer y 22 personas resultaron heridas cerca de una concentración para celebrar la victoria de los Chiefs en el Super Bowl...
1563,5847,0.9548,LOOK: Taylor Swift welcomes Travis Kelce to Australian leg of 'Eras Tour' with a zoo date in Sydney,LOOK: Taylor Swift welcomes Travis Kelce to Australian leg of 'Eras Tour' with a zoo date in Sydney,"Getty Images Taylor Swift showed up to multiple Kansas City Chiefs games this season to support her boyfriend, and now, Travis Kelce is returning the favor. After cheering on Kelce during the Chiefs' Super Bowl win over the 49ers, Swift didn't get to...","Taylor Swift showed up to multiple Kansas City Chiefs games this season to support her boyfriend, and now, Travis Kelce is returning the favor. After cheering on Kelce during the Chiefs' Super Bowl win over the 49ers, Swift didn't get to celebrate f..."
1566,2927,0.9672,"Taylor Swift donates $100,000 to family of Kansas City DJ killed at Chiefs' parade shooting","Taylor Swift donates $100,000 to family of Kansas City DJ killed at Chiefs' parade shooting","The superstar, who's boyfriend is Chief's tight end Travis Kelce, made two $50,000 donations to a GoFundMe page set up to provide ""vital financial support"" to the family of KKFI DJ Lisa ""G."" A representative for Swift confirmed the donations to NBC ...","The superstar, who's boyfriend is Chiefs' tight end Travis Kelce, made two $50,000 donations to a GoFundMe page set up to provide ""vital financial support"" to the family of KKFI DJ Lisa ""G."" A representative for Swift confirmed the donations to NBC ..."
1568,8605,0.9881,Patrick & Brittany Mahomes Visit Kids Injured in Kansas City Shooting,Patrick Mahomes and Wife Brittany Visit Children Injured in Kansas City Shooting,"The Mahomeses are bringing some joy to the hospital. Patrick Mahomes and his wife, Brittany Mahomes , recently made their way to Children’s Mercy Hospital, where they posed for pics with two sisters, aged 8 and 10, both of whom were shot in the leg ...","The Mahomeses are bringing some joy to the hospital. Patrick Mahomes and his wife, Brittany Mahomes, recently made their way to Children’s Mercy Hospital, where they posed for pics with two sisters, aged 8 and 10, both of whom were shot in the leg af..."
1572,2480,1.0,Two men charged with murder in shooting near Kansas City’s Super Bowl rally,Two men charged with murder in shooting near Kansas City's Super Bowl rally,"By Steve Gorman (Reuters) -Two men have been charged with murder in connection with a gunfight in Kansas City, Missouri, that killed one person and left more than 20 others wounded, including the suspects, at the fringe of last week’s Super Bowl vic...","By Steve Gorman (Reuters) -Two men have been charged with murder in connection with a gunfight in Kansas City, Missouri, that killed one person and left more than 20 others wounded, including the suspects, at the fringe of last week's Super Bowl vic..."
1578,6604,1.0,"Kansas City radio DJ, mom of 2 killed in shooting after Chiefs’ Super Bowl celebration","Kansas City radio DJ, mom of 2 killed in shooting after Chiefs' Super Bowl celebration","In a Facebook post, the KKFI community radio station said DJ Lisa Lopez-Galvan’s life was taken by a “senseless act.” “It is with sincere sadness and an extremely heavy and broken heart that we let our community know that KKFI DJ Lisa Lopez, host of...","In a Facebook post, the KKFI community radio station said DJ Lisa Lopez-Galvan's life was taken by a ""senseless act."" ""It is with sincere sadness and an extremely heavy and broken heart that we let our community know that KKFI DJ Lisa Lopez, host of..."
1590,2902,1.0,2 Adults Charged With Murder in Kansas City Super Bowl Rally Shooting,2 Adults Charged With Murder in Kansas City Super Bowl Rally Shooting,"Two Missouri residents were charged with murder in the shooting that erupted after the Super Bowl parade in Kansas City, Mo., last week, Jean Peters Baker, the Jackson County prosecutor, announced on Tuesday. The men, Dominic Miller and Lyndell Mays...","Two Missouri residents were charged with murder in the shooting that erupted after the Super Bowl parade in Kansas City, Mo., last week, Jean Peters Baker, the Jackson County prosecutor, announced on Tuesday.The men, Dominic Miller and Lyndell Mays, ..."
1605,2450,1.0,2 juveniles charged in shooting at Chiefs’ parade,2 juveniles charged in shooting at Chiefs' parade,"Associated Press Feb 16, 2024, 01:25 PM ET KANSAS CITY, Mo. — Two juveniles were charged with crimes connected to the mass shooting at the Kansas City Chiefs‘ Super Bowl rally, authorities said Friday, as the city tries to recover in the aftermath ...","Associated Press Feb 16, 2024, 01:25 PM ET KANSAS CITY, Mo. — Two juveniles were charged with crimes connected to the mass shooting at the Kansas City Chiefs’ Super Bowl rally, authorities said Friday, as the city tries to recover in the aftermath ..."
1607,2243,1.0,Heroic dads speak out after tackling suspected Kansas Chiefs parade shooter and feeding him a series of punches,Heroic dads speak out after tackling suspected Kansas Chiefs parade shooter,"Kansas City Chiefs fans took to the streets of their hometown Wednesday to celebrate their team's Super Bowl victory. The merriment and festivities were cut short when at least one armed thug opened fire west of Union Station, killing a mother of two...","Kansas City Chiefs fans took to the streets of their hometown Wednesday to celebrate their team’s Super Bowl victory. The merriment and festivities were cut short when at least one armed thug opened fire west of Union Station, killing a mother of two..."
1628,7437,1.0,Tim Burchett Under Fire for Super Bowl Parade Shooting Post,Tim Burchett Under Fire for Super Bowl Parade Shooting Post,"Representative Tim Burchett of Tennessee, a Republican, has come under fire after falsely claiming on social media that one of the shooters at the Kansas City Chiefs’ Super Bowl celebration parade last week was “an illegal alien.” In a post publishe...","Representative Tim Burchett of Tennessee, a Republican, has come under fire after falsely claiming on social media that one of the shooters at the Kansas City Chiefs' Super Bowl celebration parade last week was ""an illegal alien."" In a post publishe..."
1628,7592,0.9531,Tim Burchett Under Fire for Super Bowl Parade Shooting Post,,"Representative Tim Burchett of Tennessee, a Republican, has come under fire after falsely claiming on social media that one of the shooters at the Kansas City Chiefs’ Super Bowl celebration parade last week was “an illegal alien.” In a post publishe...","Representative Tim Burchett of Tennessee, a Republican, has come under fire after falsely claiming on social media that one of the shooters at the Kansas City Chiefs' Super Bowl celebration parade last week was ""an illegal alien."" In a post published..."
1631,2783,1.0,"Shooting after Chiefs Super Bowl parade seemed to stem from dispute among several people, police say","Kansas City Super Bowl parade shooting apparently stemmed from dispute among several people, police say","KANSAS CITY, Mo. — Authorities in Kansas City said Thursday that the mass shooting that unfolded amid throngs of people at the Chiefs’ Super Bowl celebration appeared to stem from a dispute between several people. Police Chief Stacey Graves said tha...","KANSAS CITY, Mo. — Authorities in Kansas City said Thursday that the mass shooting that unfolded amid throngs of people at the Chiefs' Super Bowl celebration appeared to stem from a dispute between several people. Police Chief Stacey Graves said tha..."
1633,8427,0.9689,"In the chaos of the Kansas City parade shooting, he's hit and doesn't know where his kids are","In the chaos of the Kansas City parade shooting, he's hit and doesn't know where his kids are","KANSAS CITY, Mo. — Jacob Gooch was having what was sure to be the best day of his year, hanging out with his wife and children and friends in the massive, happy, high-fiving crowd of fellow Kansas City Chiefs fans at the parade celebrating their Supe...","KANSAS CITY, Mo.: Jacob Gooch was having what was sure to be the best day of his year, hanging out with his wife and children and friends in the massive, happy, high-fiving crowd of fellow Kansas City Chiefs fans at the parade celebrating their Super..."
1646,4749,0.964,"Taylor Swift donates $100,000 to Kansas City shooting parade victim",,"Taylor Swift recently donated $100,000 to the GoFundMe set up for Elizabeth “Lisa” Lopez-Galvan (43), a woman killed following Chief’s Super Bowl celebration rally. A beloved Kansas City-area DJ and radio show host, she leaves behind her husband Mike...","[...] Taylor Swift recently donated $100,000 to the GoFundMe set up for Elizabeth “Lisa” Lopez-Galvan (43), a woman killed following Chief’s Super Bowl celebration rally. A beloved Kansas City-area DJ and radio show host, she leaves behind her husband ..."
1686,1880,0.9644,泰勒·斯威夫特向堪萨斯城酋长队游行枪击受害者家庭捐款10万美元,泰勒·斯威夫特向堪萨斯城酋长队游行枪击受害者家庭捐款10万美元,"(SeaPRwire) – 泰勒·斯威夫特(Taylor Swift)向堪萨斯城酋长队游行枪击事件遇难者家庭捐赠了10万美元,流行歌手的发言人告诉了时代杂志。 周五上午,两笔每5万美元的捐款以斯威夫特的名义出现在为当地广播主持人和两孩母亲丽莎·洛佩兹-加尔万(Lisa Lopez-Galvan)家庭设立的捐款页面上。“在您遭受不可挽回损失的此刻,我衷心致以最深切的慰问和慰问。以爱意,泰勒·斯威夫特。”捐款内容写道。 斯威夫特周日出席超级杯,看着自己的男友堪萨斯城酋长队铁锤塔伊特·凯尔斯(Tr...","泰勒·斯威夫特(Taylor Swift)向堪萨斯城酋长队游行枪击事件遇难者家庭捐赠了10万美元,流行歌手的发言人告诉了时代杂志。 周五上午,两笔每5万美元的捐款以斯威夫特的名义出现在为当地广播主持人和两孩母亲丽莎·洛佩兹-加尔万(Lisa Lopez-Galvan)家庭设立的捐款页面上。“在您遭受不可挽回损失的此刻,我衷心致以最深切的慰问和慰问。以爱意,泰勒·斯威夫特。”捐款内容写道。 斯威夫特周日出席超级杯,看着自己的男友堪萨斯城酋长队铁锤塔伊特·凯尔斯(Travis Kelce)击败了..."
1695,7695,0.9576,Catholic mother of 2 killed in Chiefs' Super Bowl parade mass shooting,Catholic mother of 2 killed in Chiefs’ Super Bowl parade mass shooting,"by Lauretta Brown (OSV News) — Lisa Lopez-Galvan, a Catholic mother of two and beloved disc jockey for the KKFI radio station in Kansas City, Missouri, was killed Feb. 14 amid a mass shooting following the Kansas City Chiefs Super Bowl victory parad...","By Lauretta Brown (OSV News) – Lisa Lopez-Galvan, a Catholic mother of two and beloved disc jockey for the KKFI radio station in Kansas City, Missouri, was killed Feb. 14 amid a mass shooting following the Kansas City Chiefs Super Bowl victory parade..."
1720,2974,1.0,Dispute led to mass shooting at Super Bowl rally. 2 juveniles among 3 detained: Police,Dispute led to mass shooting at Super Bowl rally. 2 juveniles among 3 detained: Police,Two juveniles and one adult were detained in the mass shooting Wednesday that injured 22 people and killed a woman. Kansas City Police Chief Stacey Graves said a dispute shortly before 2 p.m. Wednesday between several people led to the shooting that ...,Two juveniles and one adult were detained in the mass shooting Wednesday that injured 22 people and killed a woman. Kansas City Police Chief Stacey Graves said a dispute shortly before 2 p.m. Wednesday between several people led to the shooting that...
1728,2070,1.0,Los Chiefs abrazan a la comunidad de Kansas City mientras continúa la investigación del tiroteo con dos adolescentes acusados. Esto sabemos,Los Chiefs abrazan a la comunidad de Kansas City mientras continúa la investigación del tiroteo con dos adolescentes acusados. Esto sabemos,"(CNN) — Kansas City continúa de luto después de un tiroteo masivo en el mitin de victoria de los Chiefs en el Super Bowl que dejó a una madre de dos hijos muerta y a más de 20 personas heridas, incluidos niños, mientras los investigadores trabajaban ...","(CNN) -- Kansas City continúa de luto después de un tiroteo masivo en el mitin de victoria de los Chiefs en el Super Bowl que dejó a una madre de dos hijos muerta y a más de 20 personas heridas, incluidos niños, mientras los investigadores trabajaban..."
1728,5282,0.9775,Los Chiefs abrazan a la comunidad de Kansas City mientras continúa la investigación del tiroteo con dos adolescentes acusados. Esto sabemos,Los Chiefs abrazan a la comunidad de Kansas City mientras continúa la investigación del tiroteo con dos adolescentes acusados. Esto sabemos,"(CNN) — Kansas City continúa de luto después de un tiroteo masivo en el mitin de victoria de los Chiefs en el Super Bowl que dejó a una madre de dos hijos muerta y a más de 20 personas heridas, incluidos niños, mientras los investigadores trabajaban ...","Kansas City continúa de luto después de un tiroteo masivo en el mitin de victoria de los Chiefs en el Super Bowl que dejó a una madre de dos hijos muerta y a más de 20 personas heridas, incluidos niños, mientras los investigadores trabajaban para des..."
1756,2455,1.0,Here’s what we know about the guns fired at the Chiefs Super Bowl victory parade,Here’s what we know about the guns fired at the Chiefs Super Bowl victory parade,"Two 9mm handguns were used in the mass shooting at the Kansas City Chiefs Super Bowl rally last week, both by men wounded when the gunfire erupted, court documents show. Those two men — Lyndell Mays of Raytown, and Dominic M. Miller of Kansas City — ...","Two 9mm handguns were used in the mass shooting at the Kansas City Chiefs Super Bowl rally last week, both by men wounded when the gunfire erupted, court documents show. Those two men — Lyndell Mays of Raytown, and Dominic M. Miller of Kansas City —..."
1766,4696,1.0,De origen mexicano la mujer víctima del tiroteo en Kansas City: Canciller,De origen mexicano la mujer víctima del tiroteo en Kansas City: Canciller,"La locutora Lisa López– Galván, de origen mexicano, fue identificada como la víctima mortal del tiroteo en el desfile de celebración por la victoria en el Super Bowl de los Kansas City Chiefs. Así lo confirmó la secretaria de Relaciones exteriores, ...","La locutora Lisa López-Galván, de origen mexicano, fue identificada como la víctima mortal del tiroteo en el desfile de celebración por la victoria en el Super Bowl de los Kansas City Chiefs. Así lo confirmó la secretaria de Relaciones exteriores,..."
1766,6231,1.0,De origen mexicano la mujer víctima del tiroteo en Kansas City: Canciller,MuriÃ³ locutora mexicana tras tiroteo en desfile de celebraciÃ³n de los Chiefs,"La locutora Lisa López– Galván, de origen mexicano, fue identificada como la víctima mortal del tiroteo en el desfile de celebración por la victoria en el Super Bowl de los Kansas City Chiefs. Así lo confirmó la secretaria de Relaciones exteriores, ...","La locutora Lisa López-Galván, de origen mexicano, fue identificada como la víctima mortal del tiroteo en el desfile de celebración por la victoria en el Super Bowl de los Kansas City Chiefs. Así lo confirmó la secretaria de Relaciones exteriores, A..."
1767,3304,0.9881,兩名未成年人在超級盃遊行大型槍擊案中被控 – Hong Kong PR,兩名未成年人在超級盃遊行大型槍擊案中被控 – CRUNCH HONG KONG,"(SeaPRwire) – 密蘇里州堪薩斯城 — 當局上週五表示,兩名青少年因堪薩斯城酋長隊遊行期間的大規模槍擊事件而被指控犯有罪行,因為這個城市正努力從暴力事件的後果中恢復過來。 傑克遜郡家庭法院的一則新聞稿表示,青少年於週四被指控,並被拘留在該郡的少年拘留中心,「罪名與槍支相關且拒絕逮捕。」該新聞稿表示,「預計未來隨著堪薩斯城警察局繼續調查,將會有更多指控。」 沒有進一步的信息被釋放出來。根據密蘇里州法律,少年法庭案件基本上是保密的,而且聽證會不公開。 警方最初拘留了三名青少年,但釋放...","密蘇里州堪薩斯城 — 當局上週五表示,兩名青少年因堪薩斯城酋長隊遊行期間的大規模槍擊事件而被指控犯有罪行,因為這個城市正努力從暴力事件的後果中恢復過來。 傑克遜郡家庭法院的一則新聞稿表示,青少年於週四被指控,並被拘留在該郡的少年拘留中心,「罪名與槍支相關且拒絕逮捕。」該新聞稿表示,「預計未來隨著堪薩斯城警察局繼續調查,將會有更多指控。」 沒有進一步的信息被釋放出來。根據密蘇里州法律,少年法庭案件基本上是保密的,而且聽證會不公開。 警方最初拘留了三名青少年,但釋放了一名他們認定與槍擊事件無關..."
1769,4469,0.9766,‘Terrifyingly clear’: Surveillance video captures moment of Kansas City mass shooting,‘Terrifyingly clear’: Surveillance video captures moment of Kansas City mass shooting,"Four seconds. Volleys of gunfire. A chorus of screams. Video footage from a security camera across the street from Union Station captured in clear daylight the moment on Wednesday afternoon when gunfire erupted, killing Johnson County mother Lisa L...","Four seconds. Volleys of gunfire. A chorus of screams. Video footage from a security camera across the street from Union Station captured in clear daylight the moment on Wednesday afternoon when gunfire erupted, killing Johnson County mother Lisa Lop..."
1780,4269,0.9592,Kansas City Chiefs Parade Shooting Was 'Dispute Between Several People' and Not 'Terrorism': Police,Kansas City Chiefs Parade Shooting Was 'Dispute Between Several People' and Not 'Terrorism': Police,"Kansas City police chief Stacey Graves said two of the three individuals apprehended were juveniles shooting at the Kansas City Chiefs’ Super Bowl Parade is believed to have stemmed from a dispute and was not terrorism-related, police chief Stacey G...","Kansas City police chief Stacey Graves said two of the three individuals apprehended were juveniles The shooting at the Kansas City Chiefs’ Super Bowl Parade is believed to have stemmed from a dispute and was not terrorism-related, police chief Stac..."
1782,3695,0.9684,Taylor Swift donó 100.000 dólares a la familia de la víctima del tiroteo de Kansas City,Taylor Swift donó 100.000 dólares a la familia de la víctima del tiroteo de Kansas City,"La tragedia empañó la celebración del triunfo del Super Bowl de los tras un en el centro de la ciudad durante el desfile de la victoria este miércoles, que dejó un saldo de. En un gesto de empatía y apoyo, ha superado la meta de donación con USD 100...","La tragedia empañó la celebración del triunfo del Super Bowl de los tras un en el centro de la ciudad durante el desfile de la victoria este miércoles, que dejó un saldo de. En un gesto de empatía y apoyo, Taylor Swift ha superado la meta de donación..."
1789,2669,1.0,"""Two Minors Arrested in Connection to Mass Shooting Incident at Kansas City Chiefs Super Bowl Parade"" | Law-Order",Two juveniles charged in connection to Kansas City Chiefs parade shooting | Missouri,"Two juveniles have been charged with crimes connected to the shooting at the Kansas City Chiefs' Super Bowl rally, authorities said on Friday. A news release from the Jackson County Family Court said the juveniles are being detained in the county's ...","Two juveniles have been charged with crimes connected to the shooting at the Kansas City Chiefs’ Super Bowl rally, authorities said on Friday. A news release from the Jackson county family court said the juveniles are being detained in the county’s ..."
1792,2613,0.9827,"Two Men Charged with Murder, Other Felonies in Kansas City Chiefs Parade Shooting","Two Men Charged with Murder, Other Felonies in Kansas City Chiefs Parade Shooting | National Review","Identified as Lyndell Mays and Dominic Miller, each was charged with second-degree murder, unlawful use of a weapon, and two counts of armed criminal action.","Identified as Lyndell Mays and Dominic Miller, each was charged with second-degree murder, unlawful use of a weapon, and two counts of armed criminal action. Read More"
1796,4294,0.9689,2 Juveniles Charged in Mass Shooting at KC Chiefs Super Bowl Parade,2 Juveniles Charged in Mass Shooting at KC Chiefs Super Bowl Parade,"■Two juveniles charged in Kansas City Chiefs’ Super Bowl rally shooting. ■One woman died and 22 others were injured in the shooting. ■Taylor Swift donates $100,000 to the family of the deceased. KANSAS CITY, Mo. — Two juveniles were charged with c...","■Two juveniles charged in Kansas City Chiefs’ Super Bowl rally shooting. ■One woman died and 22 others were injured in the shooting. ■Taylor Swift donates $100,000 to the family of the deceased. KANSAS CITY, Mo. — Two juveniles were charged with crim..."
1799,4988,1.0,"Dispute may have led to the mass shooting after the Chiefs Super Bowl parade, police say","Shooting after Chiefs Super Bowl parade seemed to stem from dispute among several people, police say","KANSAS CITY, Mo. — The mass shooting that unfolded amid throngs of people at the Kansas City Chiefs’ Super Bowl celebration, killing one person and wounding almost two dozen others, appeared to stem from a dispute between several people, authorities...","KANSAS CITY, Mo. — The mass shooting that unfolded amid throngs of people at the Kansas City Chiefs' Super Bowl celebration, killing one person and wounding almost two dozen others, appeared to stem from a dispute between several people, authorities ..."
1799,7261,1.0,"Dispute may have led to the mass shooting after the Chiefs Super Bowl parade, police say","Dispute may have led to the mass shooting after the Chiefs’ Super Bowl parade, police say","KANSAS CITY, Mo. — The mass shooting that unfolded amid throngs of people at the Kansas City Chiefs’ Super Bowl celebration, killing one person and wounding almost two dozen others, appeared to stem from a dispute between several people, authorities...","KANSAS CITY, Mo. — The mass shooting that unfolded amid throngs of people at the Kansas City Chiefs’ Super Bowl celebration, killing one person and wounding almost two dozen others, appeared to stem from a dispute between several people, authorities ..."
1801,5865,0.9631,"Sparatoria di Kansas City, un morto e 21 feriti. Il video dei tifosi che bloccano uno dei killer",Sparatoria di Kansas City | un morto e 21 feriti Il video dei tifosi che bloccano uno dei killer,"Un morto, almeno 21 feriti e tre arresti. È il bilancio della sparatoria di Kansas City nel Missouri, scatenata durante la celebrazione della vittoria dei Chiefs al Super Bowl. Il capo della polizia cittadina Stacey Graves ha detto che tre persone so...","Un morto, almeno 21 feriti e tre arresti. È il bilancio della sparatoriaKansas City nel Missouri, scatenata durante la celebrazione della vittoria dei Chiefs al Super Bowl . Il capo della polizia cittadina Stacey Graves ha detto che tre persone sono ..."
1811,3542,1.0,Chiefs' Harrison Butker Sends Jersey to Family of Woman Killed in SB Parade Shooting,Chiefs' Harrison Butker Sends Jersey to Family of Woman Killed in SB Parade Shooting,"Kansas City Chiefs kicker Harrison Butker sent one of his jerseys to the family of Lisa Lopez-Galvan, the woman shot and killed during the team's Super Bowl parade. ""I am honored to provide a jersey to the family for her to wear,"" he said Tuesday in...","Kansas City Chiefs kicker Harrison Butker sent one of his jerseys to the family of Lisa Lopez-Galvan, the woman shot and killed during the team's Super Bowl parade. ""I am honored to provide a jersey to the family for her to wear,"" he said Tuesday in ..."
1823,3161,1.0,Acusan a dos hombres ​​de asesinato por tiroteo en desfile de los Chiefs de Kansas City,Acusan a dos hombres ??de asesinato por tiroteo en desfile de los Chiefs de Kansas City,"(CNN) -- Dos hombres fueron acusados ​​de asesinato y otros delitos graves por su papel en el tiroteo masivo ocurrido después de un desfile por el campeonato de los Chiefs de Kansas City la semana pasada, informó el martes el fiscal del condado de Ja...","(CNN) -- Dos hombres fueron acusados ??de asesinato y otros delitos graves por su papel en el tiroteo masivo ocurrido después de un desfile por el campeonato de los Chiefs de Kansas City la semana pasada, informó el martes el fiscal del condado de Ja..."
1827,7390,1.0,Understanding Missouri self-defense laws after men charged for Chiefs Super Bowl rally shooting,Understanding Missouri self-defense laws after men charged for Chiefs Super Bowl rally shooting,"COLUMBIA, Mo. (KMIZ) A Columbia criminal defense attorney said she believes the two men charged with murder and other crimes after the Kansas City rally shooting could claim self-defense, but it won't be easy. Missouri prosecutors said on Tuesday t...","COLUMBIA, Mo. (KMIZ) A Columbia criminal defense attorney said she believes the two men charged with murder and other crimes after the Kansas City rally shooting could claim self-defense, but it won't be easy. Missouri prosecutors said on Tuesday ..."
1832,2397,0.9693,Kansas City Radio DJ Confirmed as Victim in Super Bowl Parade Shooting,Kansas City Radio DJ Confirmed as Victim in Super Bowl Parade Shoot...,"A radio DJ for KKFI, Lisa Lopez-Galvan, has been confirmed as the victim of the senseless act of violence that occurred during the Kansas City Chiefs Super Bowl victory parade on Wednesday (February 14). Both her employer and her family confirmed th...","A radio DJ for KKFI, Lisa Lopez-Galvan, has been confirmed as the victim of the senseless act of violence that occurred during the Kansas City Chiefs Super Bowl victory parade on Wednesday (February 14). Both her employer and her family confirmed tha..."
1839,2305,1.0,Taylor Swift Donates To Family Of Super Bowl Parade Shooting Victim,Taylor Swift Donates To Family Of Super Bowl Parade Shooting Victim,"More than 20 people were shot and wounded in the mass shooting. Taylor Swift has donated $100,000 to a GoFundMe account set up by the family of a woman who was killed on Wednesday during a mass shooting at the Kansas City Chiefs’ Super Bowl victory ...","More than 20 people were shot and wounded in the mass shooting. Taylor Swift has donated $100,000 to a GoFundMe account set up by the family of a woman who was killed on Wednesday during a mass shooting at the Kansas City Chiefs' Super Bowl victory ..."
1844,5353,0.9501,Kansas City police ID victims in multiple deadly shootings,Kansas City police ID victims in multiple deadly shootings,"KANSAS CITY, Mo. — Kansas City police have identified victims in multiple other homicides that happened last week as the city was also reeling from a deadly shooting at the Super Bowl rally. Eight people died from Feb. 12-16 in Kansas City, including...","KANSAS CITY, Mo. — Kansas City police have identified victims in multiple other homicides that happened last week as the city was also reeling from a deadly shooting at the Super Bowl rally. Eight people died from Feb. 12-16 in Kansas City, includin..."
1852,6785,0.9821,Alleged Parade Shooter Lyndell Mays Appears In Court In Shackles,Alleged Parade Shooter Lyndell Mays Appears In Court In Shackles,Lyndell Mays -- the man who cops say fired the first gunshots at the Chiefs' Super Bowl parade last week -- appeared in a Missouri courtroom on Wednesday for the first time since he was hit with a murder charge over the shooting during the K.C. celeb...,Lyndell Mays -- the man who cops say fired the first gunshots at the Chiefs' Super Bowl parade last week -- appeared in a Missouri courtroom on Wednesday for the first time since he was hit with a murder charge over the shooting during the K.C.... Perm...
1862,2117,0.9685,Two juveniles charged in Kansas City Super Bowl rally shooting,Two juveniles charged in Kansas City Super Bowl rally shooting,"Two teenagers have been charged as juveniles in connection with the shooting that killed one person and wounded 22 others in Kansas City, Missouri, near a Super Bowl victory rally for the city's NFL champion Chiefs, authorities said on Friday. The t...","Two teenagers have been charged as juveniles in connection with the shooting that killed one person and wounded 22 others in Kansas City, Missouri, near a Super Bowl victory rally for the city’s NFL champion Chiefs, authorities said on Friday, Februa..."
1862,2370,1.0,Two juveniles charged in Kansas City Super Bowl rally shooting,Kansas Police charges two juveniles in shooting at Super Bowl rally,"Two teenagers have been charged as juveniles in connection with the shooting that killed one person and wounded 22 others in Kansas City, Missouri, near a Super Bowl victory rally for the city's NFL champion Chiefs, authorities said on Friday. The t...","Two teenagers have been charged as juveniles in connection with the shooting that killed one person and wounded 22 others in Kansas City, Missouri, near a Super Bowl victory rally for the city’s NFL champion Chiefs, authorities said on Friday. The t..."
1862,3437,0.9754,Two juveniles charged in Kansas City Super Bowl rally shooting,Two juveniles charged in Kansas City Super Bowl rally shooting | Law-Order,"Two teenagers have been charged as juveniles in connection with the shooting that killed one person and wounded 22 others in Kansas City, Missouri, near a Super Bowl victory rally for the city's NFL champion Chiefs, authorities said on Friday. The t...","Two teenagers have been charged as juveniles in connection with the shooting that killed one person and wounded 22 others in Kansas City, Missouri, near a Super Bowl victory rally for the city's NFL champion Chiefs, authorities said on Friday. The tw..."
1864,6459,0.9547,"Kansas City police link Super Bowl rally shooting to dispute, not terror | Entertainment","Kansas City police link Super Bowl rally shooting to dispute, not terror","An altercation involving several people sparked a shooting spree in Kansas City that killed one person and wounded 22 after a celebration for the city's Super Bowl-winning NFL team, authorities said on Thursday, adding they saw no link to extremism. ...","(Reuters) -An altercation involving several people sparked a shooting spree in Kansas City that killed one person and wounded 22 after a celebration for the city’s Super Bowl-winning NFL team, authorities said on Thursday, adding they saw no link to ..."
1881,7955,1.0,Prosecutors charge 2 men with murder in Kansas City Super Bowl parade shooting,Prosecutors charge 2 men with murder in Kansas City Super Bowl parade shooting | CBC Sports,Missouri prosecutors said Tuesday that two men have been charged with murder in last week’s shooting that killed one person and injured 22 others after the Kansas City Super Bowl parade. Both adults are charged with second-degree murder and other ch...,Missouri prosecutors said Tuesday that two men have been charged with murder in last week's shooting that killed one person and injured 22 others after the Kansas City Super Bowl parade. Both adults are charged with second-degree murder and other ch...
1883,5737,1.0,Fatal Shooting at Indianapolis Waffle House Highlights Weekend of Gun Violence in the US – Archyde,"Taylor Swift Donates $100,000 to Family of Kansas City Chiefs Parade Shooting Victim – Archyde",@media screen and (min-width: 1201px) { .kasmo65d37af40da81 { display: block; } } @media screen and (min-width: 993px) and (max-width: 1200px) { .kasmo65d37af40da81 { display: block; } } @media screen and (min-width: 769px) and (max-width: ...,@media screen and (min-width: 1201px) { .zhaxr65cfaab3be633 { display: block; } } @media screen and (min-width: 993px) and (max-width: 1200px) { .zhaxr65cfaab3be633 { display: block; } } @media screen and (min-width: 769px) and (max-width: ...
1884,3468,1.0,影》畫面曝光！超級盃封王遊行槍響連爆 球迷英勇制伏嫌犯,影》畫面曝光！超級盃封王遊行槍響連爆 球迷英勇制伏嫌犯,"影》畫面曝光!超級盃封王遊行槍響連爆 球迷英勇制伏嫌犯 美式足球堪薩斯市酋長隊(Kansas City Chiefs)14日的超級盃封王遊行變調為血腥槍擊,美媒捕捉到現場傳出連環槍響後、群眾驚慌逃竄的混亂畫面。另外案發時,現場一批球迷英勇制伏一名嫌疑人,警方表示仍在釐清這名嫌疑人是否是槍手。 綜合美國有線電視新聞網(CNN)、《紐約時報》(New York Times)報導,密蘇里州堪薩斯市警消14日稍早表示,封王遊行槍擊案釀成至少22人中彈,當中1人死亡、21人受傷,傷者中有8名孩童,其中...","美式足球堪薩斯市酋長隊(Kansas City Chiefs)14日的超級盃封王遊行變調為血腥槍擊,美媒捕捉到現場傳出連環槍響後、群眾驚慌逃竄的混亂畫面。另外案發時,現場一批球迷英勇制伏一名嫌疑人,警方表示仍在釐清這名嫌疑人是否是槍手。 綜合美國有線電視新聞網(CNN)、《紐約時報》(New York Times)報導,密蘇里州堪薩斯市警消14日稍早表示,封王遊行槍擊案釀成至少22人中彈,當中1人死亡、21人受傷,傷者中有8名孩童,其中15名傷者有生命危險。 不過根據當地4間醫院提供的數據,..."
1885,5710,1.0,Things to know about the shooting at the Kansas City Chiefs’ Super Bowl celebration,Things to know about the shooting at the Kansas City Chiefs’ Super Bowl celebration,"Things to know about the shooting at the Kansas City Chiefs’ Super Bowl celebration Feb 20, 2024 | 8:20 AM KANSAS CITY, Mo. (AP) — Members of the Kansas City community gathered Saturday afternoon to “demand a future free from gun violence” a day af...","Things to know about the shooting at the Kansas City Chiefs’ Super Bowl celebration Feb 20, 2024 | 9:20 AM KANSAS CITY, Mo. (AP) — Members of the Kansas City community gathered Saturday afternoon to “demand a future free from gun violence” a day af..."
1899,5745,1.0,Kansas City shooting: At least 8 children shot at Super Bowl parade,Kansas City shooting: At least 8 children shot at Super Bowl parade,"One person has died and 22 people were wounded in a shooting at the end of a parade to celebrate the Kansas City Chiefs’ Super Bowl win, authorities said. Terrified fans ran for cover in Missouri on Wednesday as yet another high-profile public event...","One person has died and 22 people were wounded in a shooting at the end of a parade to celebrate the Kansas City Chiefs' Super Bowl win, authorities said. Terrified fans ran for cover in Missouri on Wednesday as yet another high-profile public event..."
1923,8120,0.9518,Taylor Swift tặng 100 nghìn USD cho gia đình nạn nhân vụ xả súng,Gia đình nạn nhân vụ xả súng được Taylor Swift tặng 100 nghìn USD,"#1 Taylor Swift tặng 100 nghìn USD cho gia đình nạn nhân vụ xả súng Taylor Swift gửi 100.000 USD (hơn 2,4 tỷ đồng) cho gia đình DJ Lisa Lopez-Galvan - nạn nhân vụ xả súng tại lễ diễu hành Super Bowl 2024. Theo Variety, thông qua trang nền tảng quyên ...","Taylor Swift tặng 100 nghìn USD cho gia đình nạn nhân vụ xả súng. Ngày 16/2, Taylor Swift gửi 100.000 USD (hơn 2,4 tỷ đồng) cho gia đình DJ Lisa Lopez-Galvan - nạn nhân vụ xả súng tại lễ diễu hành Super Bowl 2024. Theo Variety, thông qua trang nền tả..."
1937,7988,0.9861,"Patrick Mahomes, wife Brittany visit wounded children from Super Bowl parade shooting in hospital","Patrick Mahomes, wife Brittany visit wounded children from Super Bowl parade shooting in hospital","What was supposed to be a celebration for the Kansas City Chiefs turned into a life or death situation on Wednesday. One person was killed, and 22 others were injured, in a shooting outside of Union Station in Kansas City, Missouri, shortly after th...","What was supposed to be a celebration for the Kansas City Chiefs turned into a life or death situation on Wednesday.One person was killed, and 22 others were injured, in a shooting outside of Union Station in Kansas City, Missouri, shortly after the ..."
1937,8101,0.9861,"Patrick Mahomes, wife Brittany visit wounded children from Super Bowl parade shooting in hospital","Patrick Mahomes, wife Brittany visit wounded children from Super Bowl parade shooting in hospital","What was supposed to be a celebration for the Kansas City Chiefs turned into a life or death situation on Wednesday. One person was killed, and 22 others were injured, in a shooting outside of Union Station in Kansas City, Missouri, shortly after th...","What was supposed to be a celebration for the Kansas City Chiefs turned into a life or death situation on Wednesday. One person was killed, and 22 others were injured, in a shooting outside of Union Station in Kansas City, Missouri, shortly after the..."
1953,5012,1.0,Taylor Swift Donates To Family Of Super Bowl Parade Shooting Victim,"Taylor Swift Donates $100,000 To Family Of Woman Killed In Super Bowl Parade Shooting","Taylor Swift has donated $100,000 to a GoFundMe account set up by the family of a woman who was killed on Wednesday during a mass shooting at the Kansas City Chiefs’ Super Bowl victory parade. The pop star, who is in a highly publicised relationship ...","Taylor Swift has donated $100,000 to a GoFundMe account set up by the family of a woman who was killed on Wednesday during a mass shooting at the Kansas City Chiefs' Super Bowl victory parade. The pop star, who is in a highly publicised relationship ..."
1959,6472,1.0,"Quién era Lisa López Galván, la mexicana que murió en el tiroteo del desfile de Kansas City Chiefs","Quién era Lisa López Galván, la mexicana que murió en el tiroteo del desfile de Kansas City Chiefs","Durante la tarde del pasado miércoles 14 de febrero, se desató un tiroteo mientras se realizaba el desfile en celebración por la victoria de los Kansas City Chiefs, dejando múltiples heridos y la lamentable muerte de Lisa López Galván, quien era una...","Durante la tarde del pasado miércoles 14 febrero, se desató un tiroteo mientras se realizaba el desfile en celebración por la victoria de los Kansas City Chiefs, dejando múltiples heridos y la lamentable muerte de Lisa López Galván, quien era una fig..."
1967,4049,0.9661,"OPERATION FEMME FATALE: CIA PLOTTING FEBRUARY 19, 2024, MADE-FOR-TV FEMALE-BASED MASS SHOOTING EVENT TARGETING TEXAS AND/OR GREATER UNITED STATES SPECIFICALLY TO GARNER POLITICAL SUPPORT FOR US SENATE PASSAGE OF DRACONIAN ANTI-SECOND AMMENDMENT LEGISLATION ENTITLED ‘H.R. 1808 — ASSAULT WEAPONS BAN OF 2022’, LIKELY HIGH-FATALITY AND/OR HIGH-VICTIM COUNT IN NATURE (FEBRUARY 17, 2024): CIA Headquarters Located Beneath CERN at Lake Geneva in Switzerland Plotting Female-Based Mass Shooting Event Targ","OPERATION FEMME FATALE: CIA PLOTTING FEBRUARY 17, 2024, MADE-FOR-TV FEMALE-BASED MASS SHOOTING EVENT TARGETING TEXAS AND/OR GREATER UNITED STATES SPECIFICALLY TO GARNER POLITICAL SUPPORT FOR US SENATE PASSAGE OF DRACONIAN ANTI-SECOND AMMENDMENT LEGISLATION ENTITLED ‘H.R. 1808 — ASSAULT WEAPONS BAN OF 2022’, LIKELY HIGH-FATALITY AND/OR HIGH-VICTIM COUNT IN NATURE (FEBRUARY 17, 2024): CIA Headquarters Located Beneath CERN at Lake Geneva in Switzerland Plotting Female-Based Mass Shooting Event Targ","OPERATION FEMME FATALE: CIA PLOTTING FEBRUARY 19, 2024, MADE-FOR-TV FEMALE-BASED MASS SHOOTING EVENT TARGETING TEXAS AND/OR GREATER UNITED STATES SPECIFICALLY TO GARNER POLITICAL SUPPORT FOR US SENATE PASSAGE OF DRACONIAN ANTI-SECOND AMMENDMENT LEGIS...","OPERATION FEMME FATALE: CIA PLOTTING FEBRUARY 17, 2024, MADE-FOR-TV FEMALE-BASED MASS SHOOTING EVENT TARGETING TEXAS AND/OR GREATER UNITED STATES SPECIFICALLY TO GARNER POLITICAL SUPPORT FOR US SENATE PASSAGE OF DRACONIAN ANTI-SECOND AMMENDMENT LEGIS..."
1982,7917,1.0,"LISA LÓPEZ-GALVÁN, LA FANÁTICA DE ORIGEN MEXICANO QUE MURIÓ EN EL TIROTEO DE KANSAS CITY","Lisa López-Galván, la fanática de origen mexicana que murió en el tiroteo de Kansas City","La celebración por el triunfo del Super Bowl LVIII de los Kansas City Chiefs se vistió de luto este miércoles, al darse un tiroteo durante los festejos que dejó una persona fallecida y varios heridos. Por desgracia, con el paso de los minutos se con...","La celebración por el triunfo del Super Bowl LVIII de los Kansas City Chiefs se vistió de luto este miércoles, al darse un tiroteo durante los festejos que dejó una persona fallecida y varios heridos. Por desgracia, con el paso de los minutos se co..."
1983,3942,0.9839,"US local radio DJ killed, 22 injured in shooting in Kansas after Super Bowl celebration parade | International","US local radio DJ killed, 22 injured in shooting in Kansas after Super Bowl celebration parade","Disc jockey Lisa Lopez-Galvan, a mother of two children, was killed in the shooting in Kansas City, Missouri, in the United States on Wednesday local time, the KKFI radio station confirmed as per a report in the People magazine. The shooting occurred...","Disc jockey Lisa Lopez-Galvan, a mother of two children, was killed in the shooting in Kansas City, Missouri, in the United States on Wednesday local time, the KKFI radio station confirmed as per a report in the People magazine. The shooting occurre..."
1994,5999,1.0,Kansas City Chiefs’ Super Bowl parade shooting leaves one dead and 21 injured | US News,Kansas City Chiefs' Super Bowl parade shooting leaves one dead and 21 injured,"One person has been killed and 21 others were injured, including eight children, after a shooting at the end of the Kansas City Chiefs' Super Bowl victory parade.The dead victim has been named as mother-of-two and radio DJ Lisa Lopez-Galvan. Local re...","One person has been killed and 21 others were injured, including eight children, after a shooting at the end of the Kansas City Chiefs' Super Bowl victory parade. The dead victim has been named as mother-of-two and radio DJ Lisa Lopez-Galvan. Local ..."
2006,8481,1.0,"Gunfire at Chiefs’ Super Bowl celebration kills 1 and wounds nearly two dozen, including children","Gunfire at Chiefs’ Super Bowl celebration kills 1 and wounds nearly two dozen, including children","Gunfire at Chiefs’ Super Bowl celebration kills 1 and wounds nearly two dozen, including children Feb 15, 2024 | 6:37 AM KANSAS CITY, Mo. (AP) — A historic railway station on the edge of downtown Kansas City became the latest backdrop for a mass sh...","Gunfire at Chiefs’ Super Bowl celebration kills 1 and wounds nearly two dozen, including children Feb 15, 2024 | 7:37 AM KANSAS CITY, Mo. (AP) — A historic railway station on the edge of downtown Kansas City became the latest backdrop for a mass sh..."
2017,7767,0.9631,Patrick Mahomes and wife Brittany visit two young sisters related to shooting victim Lisa Lopez-Galvan at Kansas City children's hospital after the girls were shot in their legs at Chiefs victory parade,Patrick Mahomes And Wife Brittany Visit Two Young Sisters Related To Shooting Victim Lisa Lopez-Galvan At Kansas City Children's Hospital After The Girls Were Shot In Their Legs At Chiefs Victory Parade - Ny Breaking News,"Patrick Mahomes and his wife Brittany visited two young sisters recovering in the hospital after they were shot at the Kansas City Chiefs’ Super Bowl victory parade earlier this week. The NFL star and his wife, both 28, can be seen posing alongside ...","Patrick Mahomes and his wife Brittany visited two young sisters who were recovering in the hospital after being shot during the Kansas City Chiefs’ Super Bowl victory parade earlier this week. The NFL star and his wife, both 28, are seen posing next..."
2018,7512,1.0,"Taylor Swift donates $100,000 to family of woman killed in Kansas City Chiefs' Super Bowl celebrations - Seaside FM","Taylor Swift donates $100,000 to family of woman killed in Kansas City Chiefs’ Super Bowl celebrations | Ents & Arts News","Taylor Swift has donated $100,000 to the family of a woman killed during Kansas City Chiefs' Super Bowl celebrations. Lisa Lopez-Galvan, a local radio DJ, was killed in the shooting, which left more than 20 injured.Three suspects, including two child...","Taylor Swift has donated $100,000 to the family of a woman killed during Kansas City Chiefs' Super Bowl celebrations.Lisa Lopez-Galvan, a local radio DJ, was killed in the shooting, which left more than 20 injured. Three suspects, including two child..."
2022,3646,0.9513,Tirs lors de la parade du Super Bowl: deux adultes inculpés de meurtre,Deux adultes accusés de meurtre lors d’une fusillade à Kansas City,Les procureurs du Missouri ont déclaré mardi que deux hommes avaient été accusés de meurtre lors de la fusillade de la semaine dernière qui a tué une personne et en a blessé 22 autres après le défilé du Super Bowl des Chiefs de Kansas City. Les deux...,"KANSAS CITY, Missouri — Les procureurs du Missouri ont déclaré mardi que deux hommes avaient été accusés de meurtre lors de la fusillade de la semaine dernière qui a tué une personne et en a blessé 22 autres après le défilé du Super Bowl des Chiefs d..."
2023,8437,0.9668,"‘not A Monster’: Family Of Lyndell Mays, Charged In Chiefs Rally Shooting, Speaks Out","Comment on ‘Not a monster’: Family of Lyndell Mays, charged in Chiefs rally shooting, speaks out","‘Not a monster’: Family of Lyndell Mays, charged in Chiefs rally shooting, speaks out","Comment on ‘Not a monster’: Family of Lyndell Mays, charged in Chiefs rally shooting, speaks out"
2031,8422,1.0,Breaking: Kansas City Shooting Suspects Have Been Identified,Kansas City Shooting Suspects Have Been Identified,"The suspects in the shooting at the Kansas City Chiefs’ Super Bowl championship parade last week were identified Tuesday afternoon by a local prosecutor. Jean Peters Baker, prosecutor of Jackson County, Missouri, announced that Dominic Miller and Lyn...","The suspects in the shooting at the Kansas City Chiefs' Super Bowl championship parade last week were identified Tuesday afternoon by a local prosecutor. Jean Peters Baker, prosecutor of Jackson County, Missouri, announced that Dominic Miller and Lyn..."
2037,3580,1.0,2 adults charged in deadly Kansas City Chiefs Super Bowl victory parade shooting,2 adults charged in Kansas City Chiefs Super Bowl parade shooting,"Two adult men have been charged in connection with last week’s deadly shooting that killed one person and wounded 22 others during the Kansas City Chiefs Super Bowl victory rally, prosecutors said Tuesday. Two men face murder and other felony charge...","Two adult men have been charged in connection with last week's deadly shooting that killed one person and wounded 22 others during the Kansas City Chiefs Super Bowl victory rally, prosecutors said Tuesday. Two men face murder and other felony charge..."
2049,4609,0.9706,Trump entre cortes en semana noticiosa de EEUU,Trump entre cortes en semana noticiosa de EEUU,"Washington-. La presencia en cortes del expresidente de Estados Unidos Donald Trump y el tiroteo en Kansas City durante un desfile por la victoria en el Super Bowl, destacaron en la agenda mediática que hoy concluye. Amplios espacios ocupó el anunci...","Washington, 17 feb.- La presencia en cortes del expresidente de Estados Unidos Donald Trump y el tiroteo en Kansas City durante un desfile por la victoria en el Super Bowl, destacaron en la agenda mediática que hoy concluye. Amplios espacios ocupó e..."
2062,2211,1.0,2 adults are charged with murder in the deadly shooting at Kansas City's Super Bowl celebration,2 adults are charged with murder in the deadly shooting at Kansas City's Super Bowl celebration,"KANSAS CITY, Mo. (AP) — Missouri prosecutors said Tuesday that two men have been charged with murder in last week’s shooting that killed one person and injured 22 others after the Kansas City Chiefs’ Super Bowl parade. Dominic Miller and Lyndell May...","KANSAS CITY, Mo. (AP) — Missouri prosecutors said Tuesday that two men have been charged with murder in last week's shooting that killed one person and injured 22 others after the Kansas City Chiefs' Super Bowl parade. Dominic Miller and Lyndell May..."
2062,3900,1.0,2 adults are charged with murder in the deadly shooting at Kansas City's Super Bowl celebration,2 adults are charged with murder in the deadly shooting at Kansas City's Super Bowl celebration,"KANSAS CITY, Mo. (AP) — Missouri prosecutors said Tuesday that two men have been charged with murder in last week’s shooting that killed one person and injured 22 others after the Kansas City Chiefs’ Super Bowl parade. Dominic Miller and Lyndell May...","KANSAS CITY, Mo. — (AP) — Missouri prosecutors said Tuesday that two men have been charged with murder in last week’s shooting that killed one person and injured 22 others after the Kansas City Chiefs’ Super Bowl parade. Dominic Miller and Lyndell M..."
2062,4241,1.0,2 adults are charged with murder in the deadly shooting at Kansas City's Super Bowl celebration,2 adults are charged with murder in the deadly shooting at Kansas City’s Super Bowl celebration – 104.5 WOKV,"KANSAS CITY, Mo. (AP) — Missouri prosecutors said Tuesday that two men have been charged with murder in last week’s shooting that killed one person and injured 22 others after the Kansas City Chiefs’ Super Bowl parade. Dominic Miller and Lyndell May...","KANSAS CITY, Mo. — (AP) â€” Missouri prosecutors said Tuesday that two men have been charged with murder in last week’s shooting that killed one person and injured 22 others after the Kansas City Chiefs’ Super Bowl parade. Dominic Miller and Lyndell..."
2063,8052,0.9505,"Two men charged with murder in shooting at Chiefs' Super Bowl parade that left one dead, 22 injured","Two men charged with murder after shooting near Chiefs' Super Bowl parade that left one dead, 22 injured","Two men have been charged with murder after a deadly shooting near the Kansas City Chiefs' Super Bowl parade last week, the Associated Press reported Tuesday. One person died and 22 others were injured during the shooting. Both adults face second-de...","Two men have been charged with murder after a deadly shooting near the Kansas City Chiefs' parade last week, the Associated Press reported Tuesday. One person died and 22 others were injured during the shooting. Both adults face second-degree murder..."
2076,4594,1.0,Abn Archives,Our Deepest Prayers & Condolences For All Impacted at the Parade,Statement of Condolence Office of Archbishop Naumann My prayers and deepest condolences go out to the family of Lisa Lopez-Galvan. We are surrounding her family with our love and support. She was a beloved member of our faith community. Our prayers...,Statement of Condolence Office of Archbishop Naumann Our prayers and deepest condolences go out to the family of Lisa Lopez-Galvan. We are surrounding her family with our love and support. She was a beloved member of our faith community. Our prayers...
2083,4786,0.9788,Survivor says Chiefs parade shooter was “shooting and spinning in a circle”,"Survivor says Chiefs parade shooter was ""shooting and spinning in a circle""",Jacob Gooch Sr. said he hasn't begun to process the tragedy that unfolded before his family's eyes on Wednesday when they were shot during the Kansas City Chiefs' Super Bowl victory parade. One person died and multiple others were wounded.Gooch said ...,Jacob Gooch Sr. said he hasn't begun to process the tragedy that unfolded before his family's eyes on Wednesday when they were shot during the Kansas City Chiefs' Super Bowl victory parade . One person died and multiple others were wounded. Gooch ...
2092,3082,1.0,AP News in Brief at 12:04 a.m. EST,AP News in Brief at 12:04 a.m. EST,"Food deliveries into northern Gaza are halted because of the war’s chaos, increasing famine risk RAFAH, Gaza Strip (AP) — The World Food Program said Tuesday it has paused deliveries of food to isolated northern Gaza because of increasing chaos acro...","Food deliveries into northern Gaza are halted because of the war's chaos, increasing famine risk RAFAH, Gaza Strip (AP) — The World Food Program said Tuesday it has paused deliveries of food to isolated northern Gaza because of increasing chaos acro..."
2092,3199,0.9612,AP News in Brief at 12:04 a.m. EST,AP News Summary at 12:17 a.m. EST,"Food deliveries into northern Gaza are halted because of the war’s chaos, increasing famine risk RAFAH, Gaza Strip (AP) — The World Food Program said Tuesday it has paused deliveries of food to isolated northern Gaza because of increasing chaos acro...","Food deliveries into northern Gaza are halted because of the war's chaos, increasing famine risk RAFAH, Gaza Strip (AP) — The World Food Program has paused deliveries of food to isolated northern Gaza because of increasing chaos across the territory..."
2092,7663,1.0,AP News in Brief at 12:04 a.m. EST,AP News in Brief at 12:04 a.m. EST,"Food deliveries into northern Gaza are halted because of the war’s chaos, increasing famine risk RAFAH, Gaza Strip (AP) — The World Food Program said Tuesday it has paused deliveries of food to isolated northern Gaza because of increasing chaos acro...","Food deliveries into northern Gaza are halted because of the war's chaos, increasing famine risk RAFAH, Gaza Strip (AP) - The World Food Program said Tuesday it has paused deliveries of food to isolated northern Gaza because of increasing chaos acro..."
2094,8286,1.0,Kansas City rally shooting: Suspect's disturbing past uncovered in police investigation,Kansas City rally shooting: Suspect's disturbing past uncovered in police investigation,"Kansas City rally shooting: Suspect's disturbing past uncovered in police investigation Kansas City rally shooting: Suspect's disturbing past uncovered in police investigation February 21, 2024 0 Lyndell Mays was charged with second-degree felony ...","Kansas City rally shooting: Suspect's disturbing past uncovered in police investigation Kansas City rally shooting: Suspect's disturbing past uncovered in police investigation 0 February 21, 2024 Lyndell Mays was charged with second-degree felony m..."
2098,7313,1.0,Chiefs’ Super Bowl Parade Shooters Identified – Alleged Shooter Lyndell,"Chiefs' Super Bowl Parade Shooters Identified - Alleged Shooter Lyndell Mayes Used Stolen Gun - 25 Injured, 1 Dead","The fake news media said the shooters were minors. Then suddenly on Tuesday, a week after the shooting, the media admitted the shooters were Dominic Miller, 18, and 23-year-old Lyndell Mays. The media said the Kansas City mass shooters were “juvenil...","The fake news media said the shooters were minors. Then suddenly on Tuesday, a week after the shooting, the media admitted the shooters were Dominic Miller, 18, and 23-year-old Lyndell Mays. The media said the Kansas City mass shooters were ""juvenil..."
2102,8189,0.9506,Kansas City Chiefs parade suspects charged in deadly Super Bowl victory parade shooting,Kansas City Chiefs parade suspects charged in deadly Super Bowl victory parade shooting,"Two people have been charged in connection with last week’s deadly shooting that killed one person and wounded 23 others during the Kansas City Chiefs Super Bowl victory rally, prosecutors said Tuesday. Two men face murder and other felony charges i...","Two people have been charged in connection with last week's deadly shooting that killed one person and wounded 23 others during the Kansas City Chief's Super Bowl victory rally, prosecutors said Tuesday. Two men face murder and other felony charges ..."
2105,2443,1.0,Things to know about the shooting at the Kansas City Chiefs' Super Bowl celebration,Things to know about the shooting at the Kansas City...,Things to know about the shooting at the Kansas City Chiefs' Super Bowl celebration Shots rang out at the end of the outside the city’s historic Union Station. Fans had lined the parade route and some even climbed trees and street poles or stood on ...,Things to know about the shooting at the Kansas City Chiefs' Super Bowl celebration Shots rang out at the end of the outside the city ́s historic Union Station. Fans had lined the parade route and some even climbed trees and street poles or stood on ...
2111,5004,1.0,Two men charged with murder in deadly K.C. Chiefs Super Bowl parade shooting,Two men charged with murder in deadly K.C. Chiefs Super Bowl parade shooting,(KANSAS CITY STAR) -- Jackson County Prosecutor Jean Peters Baker on Tuesday announced that two adults each have been charged with felony murder in the mass shooting at the Kansas City Chiefs’ Super Bowl victory rally last week. Lyndell Mays of Rayt...,(KANSAS CITY STAR) — Jackson County Prosecutor Jean Peters Baker on Tuesday announced that two adults each have been charged with felony murder in the mass shooting at the Kansas City Chiefs’ Super Bowl victory rally last week. Lyndell Mays of Rayto...
2119,5379,1.0,Chiefs' Harrison Butker Gives Lisa-Lopez Galvan's Family Jersey For Burial,Chiefs’ Harrison Butker Gives Lisa-Lopez Galvan’s Family Jersey For Burial,Chiefs' Harrison Butker Gives Lisa-Lopez Galvan's Family Jersey For Burial The woman who lost her life in the Super Bowl parade shooting last week will be laid to rest in a Harrison Butker jersey that the Chiefs star personally gave to her family hi...,Chiefs’ Harrison Butker Gives Lisa-Lopez Galvan’s Family Jersey For Burial The woman who lost her life in the Super Bowl parade shooting last week will be laid to rest in a Harrison Butker jersey that the Chiefs star personally gave to her family hi...
2120,5467,0.9582,The Kansas City Super Bowl Parade Shooting: What We Know,The Kansas City Super Bowl Parade Shooting: What We Know,"A shooting near Union Station in Kansas City, Mo., on Wednesday afternoon left one person dead and at least 22 others with gunshot wounds, including nine children. The eruption of violence came as thousands of people had gathered for a public celebr...","A shooting near Union Station in Kansas City, Mo., on Wednesday afternoon left one person dead and at least 22 others with gunshot wounds, including nine children.The eruption of violence came as thousands of people had gathered for a public celebrat..."
2151,7892,0.9609,Taylor Swift Donates $100K to Family of Woman Killed at Chiefs Parade,Taylor Swift Donates $100K to Family of Woman Killed at Chiefs Victory Parade,"Taylor Swift has contributed $100,000 to a GoFundMe page set up for the family of Lisa Lopez-Galvan, who was killed in a mass shooting at the Kansas City Chiefs’ victory parade earlier this week. The Elizabeth Lopez-Galvan Memorial page was set up T...","Taylor Swift has contributed $100,000 to a GoFundMe page set up for the family of Lisa Lopez-Galvan, who was killed in a mass shooting at the Kansas City Chiefs’ victory parade earlier this week. The Elizabeth Lopez-Galvan Memorial page was set up Th..."
2153,3876,1.0,Travis Kelce Makes a Generous Donation to Parade Shooting Victims,Travis Kelce Makes a Generous Donation to Parade Shooting Victims,"Kansas City Chiefs tight end Travis Kelce has made a generous donation to one of the families impacted by the shooting that occurred earlier this week at his team’s Super Bowl LVIII victory parade and rally. Kelce, who was addressing the crowd along...","Kansas City Chiefs tight end Travis Kelce has made a generous donation to one of the families impacted by the shooting that occurred earlier this week at his team’s Super Bowl LVIII victory parade and rally. Kelce, who was addressing the crowd alo..."
2157,2986,1.0,"Acusan a 2 adultos de homicidio, por tiroteo en desfile de celebración de los Chiefs",Acusan a dos adultos de homicidio por tiroteo en desfile en Kansas City,"KANSAS CITY, Missouri.- Dos hombres acusados de homicidio por el tiroteo de la semana pasada durante el desfile para celebrar la victoria de los Chiefs de Kansas City en el Super Bowl eran desconocidos que desenfundaron sus pistolas y comenzaron a di...","Kansas City, Missouri.- Dos hombres acusados de homicidio por el tiroteo de la semana pasada durante el desfile para celebrar la victoria de los Chiefs de Kansas City en el Super Bowl eran desconocidos que desenfundaron sus pistolas y comenzaron a di..."
2157,6082,0.9585,"Acusan a 2 adultos de homicidio, por tiroteo en desfile de celebración de los Chiefs",Acusan dos hombres de homicidio por tiroteo durante desfile de los Chiefs,"KANSAS CITY, Missouri.- Dos hombres acusados de homicidio por el tiroteo de la semana pasada durante el desfile para celebrar la victoria de los Chiefs de Kansas City en el Super Bowl eran desconocidos que desenfundaron sus pistolas y comenzaron a di...","Kansas City, Missouri. Dos hombres acusados de homicidio por el tiroteo de la semana pasada durante el desfile para celebrar la victoria de los Chiefs de Kansas City en el Super Bowl eran desconocidos que desenfundaron sus pistolas y comenzaron a dis..."
2157,6498,0.9746,"Acusan a 2 adultos de homicidio, por tiroteo en desfile de celebración de los Chiefs",Acusan a 2 adultos de homicidio por tiroteo en desfile de celebración de los Chiefs,"KANSAS CITY, Missouri.- Dos hombres acusados de homicidio por el tiroteo de la semana pasada durante el desfile para celebrar la victoria de los Chiefs de Kansas City en el Super Bowl eran desconocidos que desenfundaron sus pistolas y comenzaron a di...","Kansas City, Missouri — Dos hombres acusados de homicidio por el tiroteo de la semana pasada durante el desfile para celebrar la victoria de los Chiefs de Kansas City en el Super Bowl eran desconocidos que desenfundaron sus pistolas y comenzaron a..."
2177,5325,0.9513,Radio Host Killed in Kansas City Chiefs Victory Parade Shooting,Radio Host Lisa Lopez-Galvan Killed in Kansas City Chiefs Victory Parade Shooting,"Police have now identified the person who was fatally shot Wednesday after gunfire erupted in downtown Kansas City just moments after the Chiefs wrapped up their Super Bowl Victory Parade. Lisa Lopez-Galvan, 43, was among the 23 people shot. Accord...","Police have now identified the person who was fatally shot Wednesday after gunfire erupted in downtown Kansas City just moments after the Chiefs wrapped up their Super Bowl Victory Parade. Lisa Lopez-Galvan, 43, was among the 23 people shot. Accordi..."
2183,6200,0.9518,Taylor Swift dona 100 mil dólares a la familia de la víctima del tiroteo en Kansas City,Taylor Swift dona 100 mil dólares a la familia de la víctima del tiroteo en Kansas City,"Diego RodríguezLa reconocida cantante estadunidense Taylor Swift donó 100 mil dólares a la familia de Lisa López Galván, la madre trágicamente asesinada a tiros durante el desfile del Super Bowl de los Kansas City Chiefs el pasado miércoles, según Th...","EXCELSIOR La reconocida cantante estadunidense Taylor Swift donó 100 mil dólares a la familia de Lisa López Galván , la madre trágicamente asesinada a tiros durante el desfile del Super Bowl de los Kansas City Chiefs el pasado miércoles, según The N..."
2208,2576,1.0,Mass Shooting Mars Kansas City Chiefs' Super Bowl Win Parade,At least 8 children among 22 hit by gunfire at Chiefs' Super Bowl parade; 1 killed,"KANSAS CITY, Mo. – Eight children were among 22 people hit by gunfire in a shooting at the end of Wednesday’s parade to celebrate the Kansas City Chiefs’ Super Bowl win, authorities said, as terrified fans ran for cover and yet another high-profile ...","KANSAS CITY, Mo. — Eight children were among 22 people hit by gunfire in a shooting at the end of Wednesday's parade to celebrate the Kansas City Chiefs' Super Bowl win, authorities said, as terrified fans ran for cover and yet another high-profile ..."
2208,3605,1.0,Mass Shooting Mars Kansas City Chiefs' Super Bowl Win Parade,"1 dead, 22 injured in parade shooting","KANSAS CITY, Mo. – Eight children were among 22 people hit by gunfire in a shooting at the end of Wednesday’s parade to celebrate the Kansas City Chiefs’ Super Bowl win, authorities said, as terrified fans ran for cover and yet another high-profile ...","KANSAS CITY, Mo. — Eight children were among 22 people hit by gunfire in a shooting at the end of Wednesday’s parade to celebrate the Kansas City Chiefs’ Super Bowl win, authorities said, as terrified fans ran for cover and yet another high-profile p..."
2208,4174,0.9686,Mass Shooting Mars Kansas City Chiefs' Super Bowl Win Parade,"22 shot, 1 fatally in wake of Chiefs’ victory parade | The Arkansas Democrat-Gazette","KANSAS CITY, Mo. – Eight children were among 22 people hit by gunfire in a shooting at the end of Wednesday’s parade to celebrate the Kansas City Chiefs’ Super Bowl win, authorities said, as terrified fans ran for cover and yet another high-profile ...","KANSAS CITY, Mo. — Eight children were among 22 people hit by gunfire in a shooting at the end of Wednesday’s parade to celebrate the Kansas City Chiefs’ Super Bowl win, authorities said, as terrified fans ran for cover and another high-profile publi..."
2208,4875,0.9689,Mass Shooting Mars Kansas City Chiefs' Super Bowl Win Parade,At least 8 kids among 22 hit by gunfire at Chiefs’ parade,"KANSAS CITY, Mo. – Eight children were among 22 people hit by gunfire in a shooting at the end of Wednesday’s parade to celebrate the Kansas City Chiefs’ Super Bowl win, authorities said, as terrified fans ran for cover and yet another high-profile ...","KANSAS CITY, Montana—Eight children were among 22 people hit by gunfire in a shooting at the end of Wednesday’s parade to celebrate the Kansas City Chiefs’ Super Bowl win, authorities said, as terrified fans ran for cover and yet another high-profile..."
2208,6161,0.9686,Mass Shooting Mars Kansas City Chiefs' Super Bowl Win Parade,"22 shot, 1 fatally in wake of Chiefs’ victory parade","KANSAS CITY, Mo. – Eight children were among 22 people hit by gunfire in a shooting at the end of Wednesday’s parade to celebrate the Kansas City Chiefs’ Super Bowl win, authorities said, as terrified fans ran for cover and yet another high-profile ...","KANSAS CITY, Mo. -- Eight children were among 22 people hit by gunfire in a shooting at the end of Wednesday's parade to celebrate the Kansas City Chiefs' Super Bowl win, authorities said, as terrified fans ran for cover and another high-profile publ..."
2208,7612,1.0,Mass Shooting Mars Kansas City Chiefs' Super Bowl Win Parade,"Super Bowl parade shooting: 1 killed, at least 22 injured","KANSAS CITY, Mo. – Eight children were among 22 people hit by gunfire in a shooting at the end of Wednesday’s parade to celebrate the Kansas City Chiefs’ Super Bowl win, authorities said, as terrified fans ran for cover and yet another high-profile ...","KANSAS CITY, Mo. - Eight children were among 22 people hit by gunfire in a shooting at the end of Wednesday's parade to celebrate the Kansas City Chiefs' Super Bowl win, authorities said, as terrified fans ran for cover and yet another high-profile ..."
2209,8744,0.9732,Défilé des Chiefs: Deux adultes sont accusés de meurtre en lien avec la fusillade,Défilé des Chiefs | Deux adultes sont accusés de meurtre en lien avec la fusillade,"KANSAS CITY, Mo. — Les procureurs de l’État du Missouri ont indiqué mardi que deux adultes avaient été formellement accusés de meurtre en lien avec la fusillade qui a éclaté la semaine dernière lors du défilé du Super Bowl des Chiefs de Kansas City, ...","(Kansas City) Les procureurs de l’État du Missouri ont indiqué mardi que deux adultes avaient été formellement accusés de meurtre en lien avec la fusillade qui a éclaté la semaine dernière lors du défilé du Super Bowl des Chiefs de Kansas City, entra..."
2225,4407,1.0,Police believe Kansas City shooting at Chiefs party was sparked by fight,Police believe Kansas City shooting at Chiefs party was sparked by fight,"A fight between several fans led to the shooting that has stained the Kansas City Chiefs' third NFL title. Stacey Graves, the head of the city's Police Department, assures that this is the main line of investigation into the events that led to the d...","A fight between several fans led to the shooting that has stained the Kansas City Chiefs' third NFL title. Stacey Graves, the head of the city's Police Department, assures that this is the main line of investigation into the events that led to the de..."
2228,3142,0.9663,Vigil prompted by deadly Chiefs rally shooting highlights Kansas City’s ongoing gun violence,Vigil prompted by deadly Chiefs rally shooting highlights Kansas City’s ongoing gun violence,"KANSAS CITY, Mo. — They stood in a circle in the parking lot of an East Side community center on a chilly Monday afternoon, five days after Kansas City’s Super Bowl parade and rally ended with the death of Lisa Lopez-Galvan and nearly two dozen wound...","KANSAS CITY, Mo. — They stood in a circle in the parking lot of an East Side community center on a chilly Monday afternoon, five days after Kansas City’s Super Bowl parade and rally ended with the death of Lisa Lopez-Galvan and nearly two dozen woun..."
2229,3735,1.0,How Taylor Swift Is Supporting the Family of the Woman Who Died During Kansas City Shooting,How Taylor Swift Is Supporting the Family of the Woman Who Died During Kansas City Shooting,"Less than a day after Lisa Lopez-Galvan, 44, was identified as the woman tragically killed during the shooting at the Kansas City Chiefs' Super Bowl parade, her family's GoFundMe has greatly surpassed its goal, thanks in large part to Taylor Swift...","Less than a day after Lisa Lopez-Galvan, 44, was identified as the woman tragically killed during the shooting at the Kansas City Chiefs' Super Bowl parade, her family's GoFundMe has greatly surpassed its goal, thanks in large part to Taylor Swift. ..."
2236,3657,1.0,Investigan el motivó de un tiroteo que dejó un muerto y más de 20 heridos en la celebración del Super Bowl de los Chiefs,Investigan el motivó de un tiroteo que dejó un muerto y más de 20 heridos en la celebración del Super Bowl de los Chiefs,Testigo del tiroteo en Kansas City describe los momentos de pánico 4:26 La Policía está trabajando para determinar quién abrió fuego y qué motivó un tiroteo que mató a una persona e hirió a más de 20 al final del mitin por la victoria de los Kansas...,Testigo del tiroteo en Kansas City describe los momentos de pánico 4:26 La Policía está trabajando para determinar quién abrió fuego y qué motivó un tiroteo que mató a una persona e hirió a más de 20 al final del mitin por la victoria de los Kansas ...
2247,3565,0.9503,Taylor Swift dona 100 mil dólares a familia de víctima del tiroteo de Kansas City,Taylor Swift dona 100 mil dólares a familia de víctima del tiroteo de Kansas City,"Kansas City. Taylor Swift donó 100 mil dólares la familia de Lisa Lopez-Galvan, la mujer que falleció en el tiroteo al final del desfile por la celebración del triunfo de los Jefes de Kansas City en el Supertazón. Dos donativos de 50 mil dólares apa...","Ap Taylor Swift donó 100 mil dólares la familia de Lisa Lopez-Galvan, la mujer que falleció en el tiroteo al final del desfile por la celebración del triunfo de los Jefes de Kansas City en el Supertazón. Dos donativos de 50 mil dólares aparecieron ..."
2250,2518,0.9716,"Hija de mexicanos murió en tiroteo de Kansas City, confirma Gobierno","Hija de mexicanos murió en tiroteo de Kansas City, confirma Gobierno","CIUDAD DE MÉXICO, 15 de febrero de 2024.- El gobierno de México espera la lista de lesionados por el tiroteo durante el desfile de los Chiefs de Kansas City para conocer si hay más mexicanos entre los heridos. Esto, tras confirmar la muerte de Lisa ...","CIUDAD DE MÉXICO, 15 de febrero de 2024.- El gobierno de México espera la lista de lesionados por el tiroteo durante el desfile de los Jefes de Kansas City para conocer si hay más mexicanos entre los heridos. Esto, tras confirmar la muerte de Lisa L..."
2264,6892,1.0,Jackson County prosecutor shares updates on Chiefs parade shooting,Jackson County prosecutor shares updates on Chiefs parade shooting,"KANSAS CITY, Mo. — The Jackson County Prosecutor’s Office is sharing new information about the investigation into the shooting that immediately followed the Kansas City Chiefs Super Bowl parade and rally on February 14. Prosecutor Jean Peters Baker ...","KANSAS CITY, Mo. -- The Jackson County Prosecutor's Office is sharing new information about the investigation into the shooting that immediately followed the Kansas City Chiefs Super Bowl parade and rally on February 14. Prosecutor Jean Peters Baker..."
2274,5013,1.0,Mother of Two Tragically Killed in Super Bowl Parade Shooting – Details Revealed,Mother of Two Tragically Killed in Super Bowl Parade Shooting – Details Revealed,"In a tragic turn of events at the Kansas City Chiefs’ Super Bowl parade, a beacon of the community was lost. The event has sent shockwaves through the community. Lisa Lopez-Galvan, a cherished mother of two and fan of football, was the victim of a s...","In a tragic turn of events at the Kansas City Chiefs’ Super Bowl parade, a beacon of the community was lost. The event has sent shockwaves through the community. Lisa Lopez-Galvan, a cherished mother of two and fan of football, was the victim of a ..."
2275,8100,0.9622,Shaq Style: Local teen thanks basketball legend for huge donation | KCTV 5,Shaq Style: A local teen thanks a basketball legend for his super-sized donation,"INDEPENDENCE, Mo. (KCTV) – The Independence teen who wears a size 23 shoe is finally comfortable thanks to the Kansas City community and a major celebrity. Jor’el Bolden first sat down with KCTV 5 in January to discuss his struggle to find shoes. T...","INDEPENDENCE, Mo. (KCTV) - The Independence teen who wears a size 23 shoe is finally comfortable thanks to the Kansas City community and one big-name celebrity. Jor’el Bolden first sat down with KCTV 5 in January to discuss his struggle to find shoe..."
2276,7100,0.9559,Víctima del tiroteo en el desfile de los Chiefs era hija de padres mexicanos: SRE,Víctima fatal del tiroteo en el desfile de los Chiefs en Kansas City era hija de padres mexicanos: SRE,"Estados Unidos. La canciller Alicia Bárcena informó este jueves en conferencia matutina que dos hijos de mexicanos fueron baleados ayer durante el tiroteo que se registró en el desfile por el campeonato de los Chiefs en Kansas City, que dejó hasta el...","La canciller Alicia Bárcena informó este jueves en conferencia matutina que dos hijos de mexicanos fueron baleados ayer durante el tiroteo que se registró en el desfile por el campeonato de los Chiefs en Kansas City, que dejó hasta el momento una per..."
2284,6135,0.952,"Travis Kelce donates $100,000 to GoFundMe for 2 girls injured in Chiefs parade shooting","Travis Kelce donates $100,000 to GoFundMe for 2 girls injured in Chiefs parade shooting","Travis Kelce donates $100,000 to GoFundMe for 2 girls injured in Chiefs parade shooting Published: Feb. 18, 2024 at 5:59 PM CST|Updated: 53 minutes ago KANSAS CITY, Mo. (KCTV/Gray News) - The family of two girls who suffered gunshot wounds from a m...","Travis Kelce donates $100,000 to GoFundMe for 2 girls injured in Chiefs parade shooting Published: Feb. 18, 2024 at 6:59 PM EST|Updated: 53 minutes ago KANSAS CITY, Mo. (KCTV/Gray News) - The family of two girls who suffered gunshot wounds from a m..."
2292,6356,1.0,Kansas City Chiefs parade mass shooting: 2 adults arrested for murder,Kansas City Chiefs parade mass shooting: 2 adults arrested for murder,"Two adults have been arrested in connection with the mass shooting at the Chiefs' Super Bowl parade last week, prosecutors announced Tuesday. Dominic Miller and Lyndell Mays each face charges of second-degree murder, two counts of armed criminal act...","Two adults have been arrested in connection with the mass shooting at the Chiefs’ Super Bowl parade last week, prosecutors announced Tuesday. Dominic Miller and Lyndell Mays each face charges of second-degree murder, two counts of armed criminal act..."
2309,4718,1.0,"Kansas City, spari a parata Super Bowl: 3 arresti. Vittima era Dj","Kansas City, spari a parata Super Bowl: 3 arresti. Vittima era Dj","Kansas City, spari a parata Super Bowl: 3 arresti. Vittima era Dj (Adnkronos) - Era una conduttrice di una radio locale, la KKFI 90, Lisa Lopez-Galvan la donna rimasta uccisa quando è stato aperto il fuoco sull'immensa folla, si parla di un milione ...","Kansas City, spari a parata Super Bowl: 3 arresti. Vittima era Dj (Adnkronos) – Era una conduttrice di una radio locale, la KKFI 90, Lisa Lopez-Galvan la donna rimasta uccisa quando è stato aperto il fuoco sull'immensa folla, si parla di un milione ..."
2309,8443,1.0,"Kansas City, spari a parata Super Bowl: 3 arresti. Vittima era Dj","Kansas City, spari a parata Super Bowl: 3 arresti. Vittima era Dj","Kansas City, spari a parata Super Bowl: 3 arresti. Vittima era Dj (Adnkronos) - Era una conduttrice di una radio locale, la KKFI 90, Lisa Lopez-Galvan la donna rimasta uccisa quando è stato aperto il fuoco sull'immensa folla, si parla di un milione ...","Kansas City, spari a parata Super Bowl: 3 arresti. Vittima era Dj (Adnkronos) – Era una conduttrice di una radio locale, la KKFI 90, Lisa Lopez-Galvan la donna rimasta uccisa quando è stato aperto il fuoco sull’immensa folla, si parla di un milione ..."
2337,2787,1.0,Travis Kelce Donates $100K To Children Injured In Kansas City Shooting,Travis Kelce Donates $100k To Children Injured In Kansas City Shooting,"Travis Kelce has donated $100,000 to a GoFundMe set up to help cover the medical costs of two children injured in this week's mass shooting at the Chiefs Super Bowl parade. The two girls whom Kelce donated to are reportedly related to local radio DJ ...","Travis Kelce has donated $100,000 to a GoFundMe set up to help cover the medical costs of two children injured in this week’s mass shooting at the Chiefs Super Bowl parade. The two girls whom Kelce donated to are reportedly related to local radio DJ ..."
2357,7311,0.9593,Filtran video sobre el comienzo del tiroteo en festejos de Kansas City,Asesinan a balazos al menos a cinco personas; podrían ser menores de edad,"▲ Flores, carteles y otros artículos permanecen frente a Union Station, en recuerdo de Lisa López-Galván y las demás víctimas del ataque.Foto Ap De La Redacción Periódico La Jornada Domingo 18 de febrero de 2024, p. 9 La comunidad de Kansas comien...","La Jornada ▲ Flores, carteles y otros artículos permanecen frente a Union Station, en recuerdo de Lisa López-Galván y las demás víctimas del ataque.Foto Ap De La Redacción Periódico La JornadaDomingo 18 de febrero de 2024, p. 9 La comunidad de Kansa..."
2364,5824,1.0,Terrorism ruled out in deadly Kansas City Chiefs parade shooting as cops cite personal dispute,Terrorism ruled out in deadly Kansas City Chiefs parade shooting as cops cite personal dispute,"The deadly shooting at the Kansas City Chiefs’ victory parade that killed one and injured nearly two dozen was the result of a personal dispute that exploded into violence — and cops have detained three people who may be at fault, authorities said Th...","The deadly shooting at the Kansas City Chiefs’ victory parade that killed one and injured nearly two dozen was the result of a personal dispute that exploded into violence – and cops have detained three people who may be at fault, authorities said Th..."
2367,5731,0.9839,"2 Juveniles Face Gun Charges, Resisting Arrest After Chiefs Parade Shooting","2 Juveniles Face Gun Charges, Resisting Arrest After Chiefs Parade Shooting","Two juveniles have reportedly been charged with the shooting that killed one person and left 22 injured at the Kansas City Chiefs’ Super Bowl parade on Wednesday. According to the Kansas City Star (h/t ProFootballTalk’s Michael David Smith), two te...","Two juveniles have reportedly been charged with the shooting that killed one person and left 22 injured at the Kansas City Chiefs' Super Bowl parade on Wednesday. According to the Kansas City Star (h/t ProFootballTalk's Michael David Smith), two tee..."
2382,5980,0.9781,Super-Bowl-Parade: Anklage gegen zwei Schützen,Schüsse bei Super-Bowl-Feier: 2 Männer offiziell beschuldigt,"Nach dem Schusswaffenangriff während der Feier zum Super-Bowl-Sieg der Kansas City Chiefs sind zwei Männer offiziell des Mordes beschuldigt worden. Dominic Miller und Lyndell Mays, die beide aus Kansas City stammen, werde Totschlag in einem besonders...","Nach dem Schusswaffenangriff während der Feier zum Super-Bowl-Sieg der Kansas City Chiefs sind zwei Männer offiziell des Mordes beschuldigt worden. Dominic Miller und Lyndell Mays, die beide aus Kansas City stammen, werde Totschlag in einem besond..."
2386,3803,0.9559,"An ecstatic Super Bowl rally, upended by the terror of a mass shooting. How is Kansas City faring?","An ecstatic Super Bowl rally, upended by the terror of a mass shooting. How is Kansas City faring?","HEATHER HOLLINGSWORTH, Associated Press Feb 17, 2024 / 08:36 AM CST Feb 17, 2024 / 08:41 AM CST KANSAS CITY, Mo. (AP) — “Are you feeling good today, Chiefs Kingdom?” Kansas City Mayor Quinton Lucas shouted to a sea of football fans fresh from thei...","HEATHER HOLLINGSWORTH, Associated Press Feb 17, 2024 / 08:36 AM CST Feb 17, 2024 / 08:42 AM CST KANSAS CITY, Mo. (AP) — “Are you feeling good today, Chiefs Kingdom?” Kansas City Mayor Quinton Lucas shouted to a sea of football fans fresh from thei..."
2393,3794,0.9915,Κάνσας: Σκηνές χάους στο πάρτι για την κατάκτηση του Super Bowl,Κάνσας: Σκηνές χάους στο πάρτι για την κατάκτηση του Super Bowl,Σοκ προκαλεί στις ΗΠΑ το νέο επεισόδιο με μαζικούς πυροβολισμούς κατά την διάρκεια της πανηγυρικής παρέλασης στο Κάνσας για την κατάκτηση του τίτλου στο φετινό Super Bowl από την ομάδα των Kansas City Chiefs. Από την επίθεση τουλάχιστον τριών ενόπλων...,Σοκ προκαλεί στις ΗΠΑ το νέο επεισόδιο με μαζικούς πυροβολισμούς κατά την διάρκεια της πανηγυρικής παρέλασης στο Κάνσας για την κατάκτηση του τίτλου στο φετινό Super Bowl από την ομάδα των Kansas City Chiefs. Από την επίθεση τουλάχιστον τριών ενόπλω...
2398,5000,0.9829,How Chiefs’ Butker helped family of Johnson County mom killed in KC,How Chiefs’ Butker helped family of Johnson County mom killed in KC parade shooting,"Last Wednesday’s mass shooting at the conclusion of the Chiefs’ Super Bowl victory parade and rally at Union Station wounded at least 39 and killed one, identified as Johnson County mom and disc jockey Lisa Lopez-Galvan. Lopez-Galvan went to the par...","Last Wednesday’s mass shooting at the conclusion of the Chiefs’ Super Bowl victory parade and rally at Union Station wounded at least 39 and killed one, identified as Johnson County mom and disc jockey Lisa Lopez-Galvan. Lopez-Galvan went to the para..."
2400,3680,0.9689,Presas El Bosque y Villa Victoria registran una ligera recuperación | Noticentro,Presas El Bosque y Villa Victoria registran una ligera recuperación,Presas El Bosque y Villa Victoria registran una ligera recuperación description -Batres aseguró que el abasto de agua en la capital está garantizado -CFE pondrá en marcha nueva fase para el rescate de mineros en El Pinabete -Lyndell Mays y Domini...,"Presas El Bosque y Villa Victoria registran una ligera recuperación -Batres aseguró que el abasto de agua en la capital está garantizado -CFE pondrá en marcha nueva fase para el rescate de mineros en El Pinabete -Lyndell Mays y Dominic Miller, acusa..."
2407,5042,1.0,2 juveniles charged in mass shooting at the Kansas City Chiefs Super Bowl parade,2 juveniles charged in mass shooting at the Kansas City Chiefs Super Bowl parade,"KANSAS CITY, Mo. — Two juveniles were charged with crimes connected to the mass shooting at the Kansas City Chiefs’ Super Bowl rally, authorities said Friday, as the city tries to recover in the aftermath of the violence. A news release from the Ja...","KANSAS CITY, Mo. -- Two juveniles were charged with crimes connected to the mass shooting at the Kansas City Chiefs' Super Bowl rally, authorities said Friday, as the city tries to recover in the aftermath of the violence. A news release from the Ja..."
2420,3639,0.9635,2 adults charged with murder in Kansas City parade shooting,2 adults charged with murder in Kansas City parade shooting,"Two adults have been charged with murder in the deadly shooting that occurred at Kansas City’s Super Bowl celebration Sunday, according to the prosecutor. Lyndell Mays and Dominic Miller now face charges of second-degree murder, armed criminal actio...","Two adults have been charged with murder in the deadly shooting that occurred at Kansas Citys Super Bowl celebration Sunday, according to the prosecutor. Lyndell Mays and Dominic Miller now face charges of second-degree murder, armed criminal action..."
2421,3054,0.9515,"Taylor Swift Donates $100,000 to Kansas City Shooting Victim’s Family","Taylor Swift Donates $100,000 to Kansas City Shooting Victim","After Kansas City welcomed Taylor Swift during the football season, it’s her turn to support Kansas City. The star donated $100,000 to the family of Lisa Lopez-Galvan, who was killed in a shooting after the Kansas City Chiefs’ Super Bowl LVIII victor...","After Kansas City welcomed Taylor Swift during the football season, it’s her turn to support Kansas City. The star donated $100,000 to the family of Lisa Lopez-Galvan, who was killed in a shooting after the Kansas City Chiefs’ Super Bowl LVIII vict..."
2429,7015,1.0,"What we know about the Kansas City shooting, plus Caitlin Clark’s big night","What we know about the Kansas City shooting, plus Caitlin Clark’s big night","This is the digital version of The Pulse. If you want it earlier, start every morning with The Pulse delivered to your inbox. Sign up here. Good morning. First, some sad news. Serious Matters: Kansas City catastrophe Yesterday was supposed to be ...","This is the digital version of The Pulse. If you want it earlier, start every morning with The Pulse delivered to your inbox. Sign up here. Good morning. First, some sad news. Serious Matters: Kansas City catastrophe Yesterday was supposed to be a..."
2432,4052,0.9646,Mike Sielski: The Chiefs’ Super Bowl parade turned into an atrocity. Don’t think it couldn’t happen here.,The Chiefs’ Super Bowl parade turned into an atrocity. Don’t think it couldn’t happen here.,"PHILADELPHIA — Charles Ramsey had his television tuned to the Kansas City Chiefs’ Super Bowl parade Wednesday afternoon, watching the event with a cop’s eye, with an understanding of how quickly calm can turn to chaos and then into horror. One dead, ...","Charles Ramsey had his television tuned to the Kansas City Chiefs’ Super Bowl parade Wednesday afternoon, watching the event with a cop’s eye, with an understanding of how quickly calm can turn to chaos and then into horror. One dead, 22 wounded, the..."
2433,2782,1.0,"Mother Blames MTA, Social Media for Son's Subway Surfing Death","Mother Blames MTA, Social Media for Son's Subway Surfing Death","In Exodus 32, God sends Moses down from the mountain because the Children of Israel have been “running wild” in Moses’ absence. Moses finds that Aaron has not exactly maintained order while he has been away and pulls Aaron aside for a little chat, pa...","In Exodus 32, God sends Moses down from the mountain because the Children of Israel have been ""running wild"" in Moses' absence. Moses finds that Aaron has not exactly maintained order while he has been away and pulls Aaron aside for a little chat, pa..."
2434,6590,1.0,Things to know about the shooting at the Kansas City Chiefs’ Super Bowl celebration,Things to know about the shooting at the Kansas City Chiefs' Super Bowl celebration,"KANSAS CITY, Mo. (AP) — Investigators in Kansas City on Thursday tried to untangle who is responsible for a shooting at the Chiefs’ Super Bowl celebration that killed one woman, injured more than 20 people and panicked thousands of people who moments...","KANSAS CITY, Mo. (AP) — Investigators in Kansas City on Thursday tried to untangle who is responsible for a shooting at the Chiefs' Super Bowl celebration that killed one woman, injured more than 20 people and panicked thousands of people who moments..."
2445,3141,1.0,Panicked Taylor Swift called Travis Kelce from Australia after Chiefs' shooting,Panicked Taylor Swift called Travis Kelce from Australia after Chiefs' shooting,"Just hours after her plane touched Australian soil, Taylor Swift was left ‘shaken’ upon learning about the Kansas City Chiefs parade mass shooting. Struck by panic, she rang up her boyfriend, Travis Kelce, in the wee hours. Swift had jumped on her p...","Just hours after her plane touched Australian soil, Taylor Swift was left ‘shaken’ upon learning about the Kansas City Chiefs parade mass shooting. Struck by panic, she rang up her boyfriend, Travis Kelce, in the wee hours. Swift, who had jumped on ..."
2470,4687,1.0,Two youths charged in connection with Kansas City Chiefs Super Bowl parade shooting | US News,Two youths charged in connection with Kansas City Chiefs Super Bowl parade shooting - Seaside FM,"Two youths have been charged in connection with a deadly shooting at a Kansas City Chiefs’ Super Bowl parade. Gunfire outside a nearby former train station in Kansas City, Missouri, sent crowds of fans at the rally running for safety on Wednesday. ...","Two youths have been charged in connection with a deadly shooting at a Kansas City Chiefs' Super Bowl parade. Gunfire outside a nearby former train station in Kansas City, Missouri, sent crowds of fans at the rally running for safety on Wednesday.One..."
2470,5848,1.0,Two youths charged in connection with Kansas City Chiefs Super Bowl parade shooting | US News,Two youths charged in connection with Kansas City Chiefs Super Bowl parade shooting,"Two youths have been charged in connection with a deadly shooting at a Kansas City Chiefs’ Super Bowl parade. Gunfire outside a nearby former train station in Kansas City, Missouri, sent crowds of fans at the rally running for safety on Wednesday. ...","Two youths have been charged in connection with a deadly shooting at a Kansas City Chiefs' Super Bowl parade. Gunfire outside a nearby former train station in Kansas City, Missouri, sent crowds of fans at the rally running for safety on Wednesday. ..."
2471,6922,1.0,Kansas City Super Bowl parade shooting result of 'dispute',Kansas City Super Bowl parade shooting result of 'dispute',"The shooting at the Kansas City Chiefs' Super Bowl victory rally that left one person dead and 22 injured, including several children, was a personal altercation and two juveniles were among those detained, police said Thursday. Up to a million jubi...","The shooting at the Kansas City Chiefs’ Super Bowl victory rally that left one person dead and 22 injured, including several children, was a personal altercation and two juveniles were among those detained, police said Thursday. Up to a million jubi..."
2473,8684,0.9687,16-year-old Taylor Swift fan killed while on the way to megastar’s concert in Australia,16-year-old Taylor Swift fan killed while on the way to megastar’s concert in Australia,"16-year-old Taylor Swift fan killed while on the way to megastar’s concert in Australia Published: Feb. 19, 2024 at 3:05 PM CST|Updated: 21 minutes ago (Gray News) - Tragedy struck when a 16-year-old Taylor Swift superfan was killed while on the wa...","16-year-old Taylor Swift fan killed while on the way to megastar’s concert in Australia Published: Feb. 19, 2024 at 3:05 PM CST|Updated: 17 minutes ago (Gray News) - Tragedy struck when a 16-year-old Taylor Swift superfan was killed while on the wa..."
2490,3268,0.9591,Travis Kelce donates $100K to 2 children injured in Chiefs parade shooting,Travis Kelce donates $100K to 2 children injured in Chiefs parade shooting,"Travis Kelce donates $100K to 2 children injured in Chiefs parade shooting Eighty-Seven & Running, an organization founded by Travis Kelce, made two $50,000 donations to a GoFundMe page on Friday. TEGNA Digital 12:41 PM EST February 17, 2024 1:41...","Travis Kelce donates $100K to 2 children injured in Chiefs parade shooting Eighty-Seven & Running, an organization founded by Travis Kelce, made two $50,000 donations to a GoFundMe page on Friday. TEGNA Digital 12:41 PM EST February 17, 2024 5:23..."
2490,5201,0.9638,Travis Kelce donates $100K to 2 children injured in Chiefs parade shooting,Travis Kelce makes $100K donation to 2 girls injured in shooting,"Travis Kelce donates $100K to 2 children injured in Chiefs parade shooting Eighty-Seven & Running, an organization founded by Travis Kelce, made two $50,000 donations to a GoFundMe page on Friday. TEGNA Digital 12:41 PM EST February 17, 2024 1:41...","Travis Kelce donates $100K to 2 children injured in Chiefs parade shooting Eighty-Seven & Running, an organization founded by Travis Kelce, made two $50,000 donations to a GoFundMe page on Friday. TEGNA Digital 12:41 PM EST February 17, 2024 12:4..."
2491,5519,0.9528,Super Bowl: Η στιγμή που το πλήθος αφοπλίζει έναν από τους δράστες των πυροβολισμών στο Κάνσας,Super Bowl: Η στιγμή που το πλήθος αφοπλίζει έναν από τους δράστες των πυροβολισμών στο Κάνσας,"Σε τραγωδία μετατράπηκε στο Κάνσας των ΗΠΑ, η παρέλαση για την νίκη των Kansas City Chiefs στον τελικό του Super Bowl, καθώς έπεσαν πυροβολισμοί με μια γυναίκα να χάνει τη ζωή της και περίπου 29 άτομα να τραυματίζονται ανάμεσά τους και παιδιά. Όλα συ...","Σε τραγωδία μετατράπηκε στο Κάνσας η παρέλαση για την νίκη των Kansas City Chiefs στον τελικό του Super Bowl, καθώς έπεσαν πυροβολισμοί με μια γυναίκα να χάνει τη ζωή της και περίπου 29 άτομα να τραυματίζονται ανάμεσά τους και παιδιά. Όλα συνέβησαν ..."
2491,8094,0.9528,Super Bowl: Η στιγμή που το πλήθος αφοπλίζει έναν από τους δράστες των πυροβολισμών στο Κάνσας,"Η στιγμή που το πλήθος αφοπλίζει έναν από τους δράστες των πυροβολισμών στην παρέλαση των Kansas City Chiefs - Νεκρή μια γυναίκα, πολλοί οι σοβαρά τραυματίες","Σε τραγωδία μετατράπηκε στο Κάνσας των ΗΠΑ, η παρέλαση για την νίκη των Kansas City Chiefs στον τελικό του Super Bowl, καθώς έπεσαν πυροβολισμοί με μια γυναίκα να χάνει τη ζωή της και περίπου 29 άτομα να τραυματίζονται ανάμεσά τους και παιδιά. Όλα συ...","Σε τραγωδία μετατράπηκε στο Κάνσας η παρέλαση για την νίκη των Kansas City Chiefs στον τελικό του Super Bowl, καθώς έπεσαν πυροβολισμοί με μια γυναίκα να χάνει τη ζωή της και περίπου 29 άτομα να τραυματίζονται ανάμεσά τους και παιδιά. Όλα συνέβησαν σ..."
2501,4994,0.9628,"Kansas City Chiefs parade mass shooting stemmed from dispute, two juveniles detained","Kansas City Chiefs parade mass shooting stemmed from dispute, two juveniles detained","(KANSAS CITY, Mo.) -- The mass shooting that erupted at the end of the Chiefs' Super Bowl celebration in Kansas City, Missouri, appeared to stem from a dispute, according to police. The shooting, in which one person was killed and 22 were hurt, unfo...","(KANSAS CITY, Mo.) — The mass shooting that erupted at the end of the Chiefs’ Super Bowl celebration in Kansas City, Missouri, appeared to stem from a dispute, according to police. The shooting, in which one person was killed and 22 were hurt, unfol..."
2501,5857,1.0,"Kansas City Chiefs parade mass shooting stemmed from dispute, two juveniles detained","Kansas City Chiefs parade mass shooting stemmed from dispute, two juveniles detained","(KANSAS CITY, Mo.) -- The mass shooting that erupted at the end of the Chiefs' Super Bowl celebration in Kansas City, Missouri, appeared to stem from a dispute, according to police. The shooting, in which one person was killed and 22 were hurt, unfo...","KANSAS CITY, Mo. — The mass shooting that erupted at the end of the Chiefs' Super Bowl celebration in Kansas City, Missouri, appeared to stem from a dispute, according to police. The shooting, in which one person was killed and 22 were hurt, unfolde..."
2513,6116,0.9882,Schüsse bei Super-Bowl-Parade: Radio-Moderatorin (44) stirbt - Augenzeugen schildern tragischen Moment,Schüsse bei Super-Bowl-Parade: Radio-Moderatorin (44) stirbt - Augenzeugen schildern tragischen Moment,"Schüsse bei Super-Bowl-Parade: Radio-Moderatorin (44) stirbt - Augenzeugen schildern tragischen Moment 15.02.2024, 17:47 Uhr Während der Super-Bowl-Parade der Kansas City Chiefs fallen Schüsse. Ein Mensch stirbt, mehr als 20 werden verletzt. Wieder...","Schüsse bei Super-Bowl-Parade: Radio-Moderatorin (44) stirbt - Augenzeugen schildern tragischen Moment 15.02.2024, 17:41 Uhr Während der Super-Bowl-Parade der Kansas City Chiefs fallen Schüsse. Ein Mensch stirbt, mehr als 20 werden verletzt. Wieder..."
2528,5674,1.0,美国再发生大规模枪击事件，拜登敦促国会通过枪支安全法,美国再发生大规模枪击事件，拜登敦促国会通过枪支安全法,"界面新闻记者 | 陈升龙 界面新闻编辑 | 刘海川 当地时间2024年2月14日中午,位于美国中西部的堪萨斯城球迷庆祝现场突发枪击事件,已造成1名女子遇害、29人在医院接受治疗。死者为当地电台节目主持人Lisa Lopez-Galvan。 据堪萨斯城警方消息,截至发稿时已有3人被拘,作案枪械已被发现。经中国驻芝加哥总领馆确认,这起枪击事件中没有中国公民受伤。 堪萨斯城是密苏里州最大的城市。中国驻芝加哥总领事馆领区业务涵盖密苏里等中西部9个州。 在连续第二年拿到NFL超级碗胜利3天之后,...","当地时间2024年2月14日中午,位于美国中西部的堪萨斯城球迷庆祝现场突发枪击事件,已造成1名女子遇害、29人在医院接受治疗。死者为当地电台节目主持人Lisa Lopez-Galvan。 据堪萨斯城警方消息,截至发稿时已有3人被拘,作案枪械已被发现。经中国驻芝加哥总领馆确认,这起枪击事件中没有中国公民受伤。 堪萨斯城是密苏里州最大的城市。中国驻芝加哥总领事馆领区业务涵盖密苏里等中西部9个州。 在连续第二年拿到NFL超级碗胜利3天之后,堪萨斯城酋长队举行了盛大的游行活动。组织者预计,当天约有..."
2534,8374,0.994,"Lyndell Mays Admitted To Firing First Shots During Super Bowl Parade, Cops Say","Lyndell Mays Admitted To Firing First Shots During Super Bowl Parade, Cops Say","Lyndell Mays Admitted To Firing First Shots During Super Bowl Parade, Cops Say Police officers in Kansas City claim Lyndell Mays admitted he fired the first shots at the Chiefs' Super Bowl parade last week ... before he allegedly said he ""shouldn't ...","Lyndell Mays Admitted To Firing First Shots During Super Bowl Parade, Cops Say Police officers in Kansas City claim Lyndell Mays admitted he fired the first shots at the Chiefs’ Super Bowl parade last week ... before he allegedly said he “shouldn’t ha..."
2545,4149,0.9783,Mom of Chiefs Shooting Suspect Starts GoFundMe to Get Him Through This ‘Tragic Time’,Mom of Chiefs Shooting Suspect Starts GoFundMe to Get Him Through This ‘Tragic Time’,"New York Post reported the mother of Kansas City Chiefs parade shooting suspect Lyndell Mays has launched a GoFundMe for him, stressing that she wants to help him get through this “tragic time.” Breitbart News noted that two adults were charged Tues...","The New York Post reported the mother of Kansas City Chiefs parade shooting suspect Lyndell Mays has launched a GoFundMe for him, stressing that she wants to help him get through this “tragic time.” Breitbart News noted that two adults were charged ..."
2550,8200,0.9881,23-year-old man accused of murder in Chiefs rally shooting makes first court appearance,23-year-old man accused of murder in Chiefs rally shooting makes first court appearance,"KANSAS CITY, Mo. — Lyndell Mays, 23, of Raytown, Mo., appeared for the first time in Jackson County Circuit Court Wednesday since being charged with murder for his alleged role in the shooting at the Chiefs Super Bowl victory rally. Mays faces one c...","KANSAS CITY, Mo. — Lyndell Mays, 23, of Raytown, Mo., appeared for the first time in Jackson County Circuit Court Wednesday since being charged with murder for his alleged role in the shooting at the Chiefs Super Bowl victory rally. Mays faces one ch..."
2558,2930,1.0,"Lisa Lopez-Galvan's family hoped to lay her to rest in Harrison Butker jersey, Chiefs kicker delivered","Go Fund Me, who confiscated donations to the truckers protest in Canada, allows a campaign for one of the Kansas City Shooting suspects ""Lyndell Mays""",Did we ever find out who they were?,They did!
2598,4048,0.9715,Schießerei in Kansas City: Nach Angaben der Polizei führte der Streit zu einer Schießerei bei der Super-Bowl-Parade,Schießerei in Kansas City: Ein Streit führte nach Angaben der Polizei zu Schüssen nach der Super-Bowl-Parade,"15. Februar 2024, 16:02 GMT Vor 8 Minuten aktualisiert Um diesen Inhalt abzuspielen, aktivieren Sie bitte JavaScript oder versuchen Sie es mit einem anderen Browser Videounterschrift, Anschauen: Die Polizei von Kansas City lobt nach der Schießerei de...","15. Februar 2024, 16:02 GMT Vor 2 Stunden aktualisiert Um diesen Inhalt abzuspielen, aktivieren Sie bitte JavaScript oder versuchen Sie es mit einem anderen Browser Videounterschrift, Anschauen: Die Polizei von Kansas City lobt nach der Schießerei de..."
2598,7976,1.0,Schießerei in Kansas City: Nach Angaben der Polizei führte der Streit zu einer Schießerei bei der Super-Bowl-Parade,Schießerei in Kansas City: Nach Angaben der Polizei führte der Streit zu einer Schießerei bei der Super-Bowl-Parade,"15. Februar 2024, 16:02 GMT Vor 8 Minuten aktualisiert Um diesen Inhalt abzuspielen, aktivieren Sie bitte JavaScript oder versuchen Sie es mit einem anderen Browser Videounterschrift, Anschauen: Die Polizei von Kansas City lobt nach der Schießerei de...","15. Februar 2024, 16:02 GMT Vor 6 Minuten aktualisiert Um diesen Inhalt abzuspielen, aktivieren Sie bitte JavaScript oder versuchen Sie es mit einem anderen Browser Videounterschrift, Anschauen: Die Polizei von Kansas City lobt nach der Schießerei de..."
2634,4771,0.9771,Défilé des Chiefs: Taylor Swift fait un don de 100 000$ à la famille de la victime,Défilé des Chiefs: Taylor Swift fait un don de 100 000$ à la famille de la victime,"KANSAS CITY, Mo. — Taylor Swift a fait un don de 100 000 dollars à la famille de Lisa Lopez-Galvan, la femme tuée dans la fusillade lors du défilé des Chiefs de Kansas City pour commémorer leur triomphe au Super Bowl. Deux dons de 50 000 dollars ont...","Taylor Swift a fait un don de 100 000 dollars à la famille de Lisa Lopez-Galvan, la femme tuée dans la fusillade lors du défilé des Chiefs de Kansas City pour commémorer leur triomphe au Super Bowl. Deux dons de 50 000 dollars ont été publiés vendre..."
2657,6971,0.9888,‘shaken’ Taylor Swift Called Travis Kelce In Panic When News Of Kansas City Shooting Reached Australia,'shaken' Taylor Swift Called Travis Kelce In Panic When News Of Kansas City Shooting Reached Australia,Taylor Swift had an experience this week that far too many parents and loved ones have been facing for years now in this country. She learned of a mass shooting in the vicinity of those she cared about. We’ve seen a lot in the past couple days about...,had an experience this week that far too many parents and loved ones have been facing for years now in this country. She learned of a mass shooting in the vicinity of those she cared about. We’ve seen a lot in the past couple days about the tragic s...
2663,2743,0.9555,"Taylor Swift gives $100,000 to the family of the woman killed in the Chiefs parade shooting","Taylor Swift gives $100,000 to the family of the woman killed in the Chiefs parade shooting","Associated Press 16 February 2024 at 4:49 pm ·2-min read 1/4 66th Annual Grammy Awards - Arrivals Taylor Swift arrives at the 66th annual Grammy Awards on Sunday, Feb. 4, 2024, in Los Angeles. (Photo by Jordan Strauss/Invision/AP) Jordan Strauss...","Associated Press 16 February 2024 at 4:49 pm · 1/4 66th Annual Grammy Awards - Arrivals Taylor Swift arrives at the 66th annual Grammy Awards on Sunday, Feb. 4, 2024, in Los Angeles. (Photo by Jordan Strauss/Invision/AP) Jordan Strauss/Invision/..."
2673,3049,0.9897,2 adults are charged with murder in the deadly shooting at Kansas City’s Super Bowl celebration,2 adults are charged with murder in the deadly shooting at Kansas City’s Super Bowl celebration,"The Associated Press | ap@dfmdev.com February 20, 2024 at 3:09 p.m. February 20, 2024 at 3:17 p.m. By NICK INGRAM (Associated Press) KANSAS CITY, Mo. (AP) — Missouri prosecutors said Tuesday that two adults have been charged with murder in last we...","Associated Press | ap@dfmdev.com February 20, 2024 at 3:09 p.m. February 20, 2024 at 3:17 p.m. By NICK INGRAM (Associated Press) KANSAS CITY, Mo. (AP) — Missouri prosecutors said Tuesday that two adults have been charged with murder in last week’s..."
2677,3042,0.9738,Families Of Kansas City Shooting Suspects Launch GoFundMe Pages To Pay *Their* Medical Bills,Families Of Kansas City Shooting Suspects Launch GoFundMe Pages To Pay *Their* Medical Bills,"The families of the suspects in the Kansas City Super Bowl parade shooting have asked for help with medical bills, food, and transportation. Hundreds of thousands have been sent to the victims of the shooting on GoFundMe, including some huge donatio...","The families of the suspects in the Kansas City Super Bowl parade shooting have asked for help with medical bills, food, and transportation. Hundreds of thousands have been sent to the victims of the shooting on GoFundMe, including some huge donation..."
2680,5829,1.0,Dos personas imputadas por el tiroteo en el desfile del Super Bowl,Dos acusados de asesinato tras tiroteo en el desfile del Super Bowl,WASHINGTON.- Una fiscal en Misuri (Estados Unidos) anunció este martes la imputación de cargos contra dos personas por el tiroteo que la semana pasada dejó un muerto y 22 heridos durante el desfile de celebración del Super Bowl en la ciudad de Kansas...,Washington.- Una fiscal en Misuri (Estados Unidos) anunció este martes la imputación de cargos contra dos personas por el tiroteo que la semana pasada dejó un muerto y 22 heridos durante el desfile de celebración del Super Bowl en la ciudad de Kansas...
2685,8123,1.0,Μακελειό στο Κάνσας | Μητέρα δύο παιδιών η νεκρή από τους πυροβολισμούς στην παρέλαση για το Super Bowl,Μακελειό στο Κάνσας | Μητέρα δύο παιδιών η νεκρή από τους πυροβολισμούς στην παρέλαση για το Super Bowl,"Μια μητέρα δύο παιδιών που εργαζόταν ως DJ σκοτώθηκε από τους πυροβολισμούς το απόγευμα της Τετάρτης κοντά στην παρέλαση της ομάδας για την κατάκτηση του Super Bowl, σύμφωνα με δημοσίευμα. Η Λίζα Λόπεζ Γκαλβάν πέθανε κατά τη διάρκεια χειρουργικής επέ...","Μια μητέρα δύο παιδιών που εργαζόταν ως DJ σκοτώθηκε από τους πυροβολισμούς το απόγευμα της Τετάρτης κοντά στην παρέλαση της ομάδας για την κατάκτηση του Super Bowl, σύμφωνα με δημοσίευμα. Η Λίζα Λόπεζ Γκαλβάν πέθανε κατά τη διάρκεια χειρουργικής επ..."
2690,3952,1.0,Taylor Swift:Η στήριξή της στην οικογένεια θύματος των πυροβολισμών στους εορτασμούς για το Super Bowl,Taylor Swift:Η στήριξή της στην οικογένεια θύματος των πυροβολισμών στους εορτασμούς για το Super Bowl,"Η Taylor Swift δώρισε 100.000 δολάρια στην οικογένεια της Lisa Lopez-Galvan, θύμα των πυροβολισμών που έγιναν την Τετάρτη, 14 Φεβρουαρίου, στην παρέλαση των Kansas City Chiefs. Η 43χρονη Dj Lisa Lopez ήταν μητέρα δύο παιδιών και βρέθηκε εκεί για να ...","Η Taylor Swift δώρισε 100.000 δολάρια στην οικογένεια της Lisa Lopez-Galvan, θύμα των πυροβολισμών που έγιναν την Τετάρτη, 14 Φεβρουαρίου, στην παρέλαση των Kansas City Chiefs. Η 43χρονη Dj Lisa Lopez ήταν μητέρα δύο παιδιών και βρέθηκε εκεί για να γ..."
2729,3374,0.9852,Vádat emeltek két férfi ellen a Kansas City Chiefs ünneplésén kitört lövöldözés miatt,Vádat emeltek két férfi ellen a Kansas City Chiefs ünneplésén kitört lövöldözés miatt,"Vádat emeltek két férfi ellen a Kansas City Chiefs ünneplésén kitört lövöldözés miatt Frissítve: 2024. február 21. 6:25 Vádat emeltek két férfi ellen kedden a Kansas City-ben múlt héten kitört lövöldözés miatt, amelyben egy ember meghalt és 22-en m...","Vádat emeltek két férfi ellen a Super Bowl-győzelmet követő ünneplésén kitört lövöldözés miatt + videó Forrás: MTI Vádat emeltek két férfi ellen kedden a Kansas City-ben múlt héten kitört lövöldözés miatt, amelyben egy ember meghalt és 22-en megsér..."
2759,5250,1.0,"An ecstatic Super Bowl rally, upended by the terror of a mass shooting. How is Kansas City faring?","An ecstatic Super Bowl rally, upended by the terror of...","An ecstatic Super Bowl rally, upended by the terror of a mass shooting. How is Kansas City faring? KANSAS CITY, Mo. (AP) — “Are you feeling good today, Chiefs Kingdom?” Kansas City Mayor Quinton Lucas shouted to a sea of football fans fresh from the...","An ecstatic Super Bowl rally, upended by the terror of a mass shooting. How is Kansas City faring? KANSAS CITY, Mo. (AP) - ""Are you feeling good today, Chiefs Kingdom?"" Kansas City Mayor Quinton Lucas shouted to a sea of football fans fresh from the..."
2762,3270,1.0,Taylor Swift Donates $100k to Lisa Lopez-Galvan’s family,"Lisa Lopez-Galvan's family hoped to lay her to rest in Harrison Butker jersey, Chiefs kicker delivered",lol,Lol no
2762,4043,1.0,Taylor Swift Donates $100k to Lisa Lopez-Galvan’s family,"Lisa Lopez-Galvan's family hoped to lay her to rest in Harrison Butker jersey, Chiefs kicker delivered",lol,“You all”? LOL
2768,8179,0.9817,Taylor Swift ha donato 100mila dollari alla famiglia della donna uccisa durante la sparatoria della parata dei Chiefs,Taylor Swift ha donato 100mila dollari alla famiglia della donna uccisa durante la sparatoria della parata dei Chiefs,Taylor Swift ha donato 100mila dollari alla famiglia della donna uccisa durante la sparatoria della parata dei Chiefs Taylor Swift ha donato 100K dollari alla famiglia della donna uccisa durante la sparatoria della parata per la vittoria dei Kansas C...,Taylor Swift ha donato 100K dollari alla famiglia della donna uccisa durante la sparatoria della parata per la vittoria dei Kansas City Chiefs. Taylor Swift ha donato 100mila dollari alla famiglia della donna uccisa durante la sparatoria della parat...
2769,4036,0.9985,Patrick And Brittany Mahomes Donate $50k To Chiefs' Fund For Shooting Victims - let’s see what Travis does,"Travis Kelce, Brittany Mahomes Pictured at Private Dinner After K.C. Shooting","The Mahomes family is doing whatever it can to help following the Kansas City shooting ... with Patrick, Brittany and their foundation donating $50,000 to the Chiefs' fundraiser for victims and others impacted by the tragedy. The Super Bowl champions launched the campaign with United Way on Friday ... kicking things off with a $200,000 contribution. The three-time S.B. MVP and his wife were quick to join in, too ... with their names and the 15 and the Mahomies Foundation popping up under the top donors list. Patrick called on his followers to also chip in if they're able ... saying, ""Just like #ChiefsKingdom has always been there for me and my family, we want to be there for them.❤️"" ""The @Chiefs have launched #KCStrong, an emergency response fund supporting victims and their families, violence prevention and mental health services, and first responders."" T-Mobile threw in $20,000, too ... bringing the total to $345,500 just one hour after Patrick posted on X about the fundraiser. The gesture comes on the heels of Patrick and Brittany's visit with shooting victims in the hospital ... and Taylor Swift's $100,000 contribution to support the family of Lisa Lopez-Galvan, who was killed in the tragedy. The team spoke about the campaign ... saying, ""We've all been affected by this moment -- and if you’re compelled to act, we encourage you to turn your outrage into action and contribute to this fund and share it with others."" ""We can assure you that 100% of funds raised will go directly to these causes and organizations, with no administrative fees whatsoever. The true strength of champions is revealed in how they respond in the face of adversity. The only question that remains is -- how will we respond, Kansas City?""","Via TMZ - The Mahomes family is doing whatever it can to help following the Kansas City shooting ... with Patrick, Brittany and their foundation donating $50,000 to the Chiefs' fundraiser for victims and others impacted by the tragedy. The Super Bowl champions launched the campaign with United Way on Friday ... kicking things off with a $200,000 contribution. The three-time S.B. MVP and his wife were quick to join in, too ... with their names and the 15 and the Mahomies Foundation popping up under the top donors list. Patrick called on his followers to also chip in if they're able ... saying, ""Just like #ChiefsKingdom has always been there for me and my family, we want to be there for them.❤️"" ""The @Chiefs have launched #KCStrong, an emergency response fund supporting victims and their families, violence prevention and mental health services, and first responders."" T-Mobile threw in $20,000, too ... bringing the total to $345,500 just one hour after Patrick posted on X about the fundraiser. The gesture comes on the heels of Patrick and Brittany's visit with shooting victims in the hospital ... and Taylor Swift's $100,000 contribution to support the family of Lisa Lopez-Galvan, who was killed in the tragedy. The team spoke about the campaign ... saying, ""We've all been affected by this moment -- and if you’re compelled to act, we encourage you to turn your outrage into action and contribute to this fund and share it with others."" ""We can assure you that 100% of funds raised will go directly to these causes and organizations, with no administrative fees whatsoever. The true strength of champions is revealed in how they respond in the face of adversity. The only question that remains is -- how will we respond, Kansas City?"""
2777,6010,1.0,"SAD: U pucnjavi tokom proslave Kansas City Chiefsa poginula jedna, ranjene 22 osobe","Pucnjava na proslavi Super Bowl titule: Poginula jedna, ranjene 22 osobe","Najmanje jedna osoba je ubijena, a 22 su povrijeđene u pucnjavi u Kansas Cityju u američkoj državi Missouri nakon pobjedničke parade povodom osvajanja Super Bowla Kansas City Chiefsa, saopćila je policija u srijedu, javlja Anadolu. ""Ovo je još uvije...","Najmanje jedna osoba je ubijena, a 22 su povrijeđene u pucnjavi u Kansas Cityju u američkoj državi Missouri nakon pobjedničke parade povodom osvajanja Super Bowla Kansas City Chiefsa, saopćila je policija u srijedu, javlja Anadolu. “Ovo je još uvije..."
2791,3564,0.9797,"2 adulti sono accusati di omicidio nella sparatoria mortale avvenuta alla celebrazione del Super Bowl di Kansas City – 104,5 WOKV",2 adulti sono accusati di omicidio nella sparatoria mortale avvenuta alla celebrazione del Super Bowl di Kansas City,"KANSAS CITY, Missouri – (AP) – I pubblici ministeri del Missouri hanno detto martedì che due uomini sono stati accusati di omicidio nella sparatoria della scorsa settimana che ha ucciso una persona e ferito altre 22 dopo la parata del Super Bowl dei ...","KANSAS CITY, Missouri (AP) – I pubblici ministeri del Missouri hanno detto martedì che due uomini sono stati accusati di omicidio nella sparatoria della scorsa settimana che ha ucciso una persona e ferito altre 22 dopo la parata del Super Bowl dei Ka..."
2820,8440,0.9676,"Taylor Swift donates $100,000 to family of woman fatally shot at the Chiefs victory parade","Taylor Swift donates 100,000 to family of woman fatally shot at the Chiefs victory parade","Taylor Swift donates $100,000 to family of woman fatally shot at the Chiefs victory parade A GoFundMe page set up for the family of Lisa Lopez-Galvan, the woman killed in a mass shooting at the Kansas City Chiefs’ victory parade, has caught the atte...","Taylor Swift donates 100,000 to family of woman fatally shot at the Chiefs victory parade A GoFundMe page set up for the family of Lisa Lopez-Galvan, the woman killed in a mass shooting at the Kansas City Chiefs victory parade, has caught the attent..."
2823,4740,1.0,"Taylor Swift Donates $100,000 to Family of Mass Shooting Victim Lisa Lopez-Galvan","Taylor Swift Donates $100,000 to Family of Mass Shooting Victim Lisa Lopez-Galvan","Pop superstar Taylor Swift has made headlines yet again, this time for her heartfelt gesture towards the family of Lisa Lopez-Galvan, a victim of the recent mass shooting at the Kansas City Chiefs' victory parade. Setting up a GoFundMe page titled ""E...","Pop superstar Taylor Swift has made headlines yet again, this time for her heartfelt gesture towards the family of Lisa Lopez-Galvan, a victim of the recent mass shooting at the Kansas City Chiefs’ victory parade. Setting up a GoFundMe page titled “E..."
2826,8007,1.0,Travis Kelce Makes Generous Donation To 2 Children Injured In Parade Shooting,Travis Kelce Makes Generous Donation To 2 Children Injured In Parade Shooting,"Wednesday afternoon’s Kansas City Chiefs Super Bowl parade turned deadly when a shooting broke out. One woman was killed and 22 others were wounded in the shooting. The victim was later identified as Lisa Lopez-Galvan, 45, who worked as a DJ and was...","Wednesday afternoon's Kansas City Chiefs Super Bowl parade turned deadly when a shooting broke out. One woman was killed and 22 others were wounded in the shooting. The victim was later identified as Lisa Lopez-Galvan, 45, who worked as a DJ and was..."
2827,3072,1.0,Taylor Swift Donates a MASSIVE Amount To Family of Woman Killed At Kansas City Chiefs Parade Shooting,"Taylor Swift gives $100,000 to family of woman killed in Chiefs parade shooting","Taylor Swift donated $100,000 to the family of Lisa Lopez-Galvan, the woman killed in the shooting at the Kansas City Chiefs’ Super Bowl victory parade. Two $50,000 donations were posted on Friday under the singer’s name on a GoFundMe page. Swift’s r...","Taylor Swift has donated $100,000 to the family of Lisa Lopez-Galvan, the woman killed in the shooting at the Kansas City Chiefs' Super Bowl victory parade. Two $50,000 donations were posted Friday under the singer's name on a GoFundMe page. Swift’s..."
2827,4485,1.0,Taylor Swift Donates a MASSIVE Amount To Family of Woman Killed At Kansas City Chiefs Parade Shooting,"Taylor Swift donates $100,000 to the family of the woman killed in the Chiefs' parade shooting","Taylor Swift donated $100,000 to the family of Lisa Lopez-Galvan, the woman killed in the shooting at the Kansas City Chiefs’ Super Bowl victory parade. Two $50,000 donations were posted on Friday under the singer’s name on a GoFundMe page. Swift’s r...","Taylor Swift donated $100,000 to the family of Lisa Lopez-Galvan, the woman killed in the shooting at the Kansas City Chiefs' Super Bowl victory parade. Two $50,000 donations were posted Friday under the singer's name on a GoFundMe page. Swift's r..."
2844,3482,1.0,"Survivor says Chiefs parade shooter was ""shooting and spinning in a circle""","Survivor says Chiefs parade shooter was ""shooting and spinning in a circle""",Jacob Gooch Sr. said he hasn't begun to process the tragedy that unfolded before his family's eyes on Wednesday when they were shot during the Kansas City Chiefs' Super Bowl victory parade. One person died and multiple others were wounded. Gooch sai...,Jacob Gooch Sr. said he hasn’t begun to process the tragedy that unfolded before his family’s eyes on Wednesday when they were shot during the Kansas City Chiefs’ Super Bowl victory parade. One person died and multiple others were wounded. Gooch sai...
2859,8237,0.9563,"Kansas City parade shooting victim remembered as ""the life of the party""",Deadly Chiefs Super Bowl parade shooting: What we know,"Family members of Lisa Lopez-Galvan, who was killed in the Kansas City Chiefs Super Bowl parade shooting, told CBS News her death ""feels like a bad dream."" CBS News correspondent Charlie De Mar reports. CBS News Streaming Network is the premier 24/7 anchored streaming news service from CBS News and Stations, available free to everyone with access to the Internet. The CBS News Streaming Network is your destination for breaking news, live events and original reporting locally, nationally and around the globe. Launched in November 2014 as CBSN, the CBS News Streaming Network is available live in 91 countries and on 30 digital platforms and apps, as well as on CBSNews.com and Paramount+. Subscribe to the CBS News YouTube channel: Watch CBS News: Download the CBS News app: Follow CBS News on Instagram: Like CBS News on Facebook: Follow CBS News on Twitter: Subscribe to our newsletters: Try Paramount+ free: For video licensing inquiries, contact: licensing@veritone.com","Lisa Lopez-Galvan, a mother of two, has been identified as the person killed in the shooting after the Kansas City Chiefs' Super Bowl parade on Wednesday. Kansas City radio station KKFI, where Lopez-Galvan worked as a DJ, announced her death on Facebook. CBS News correspondent Charlie De Mar reports on what we know about the shooting. And Eric Bunch, a Kansas City councilman who was at the parade with his children, joined CBS News to describe what he witnessed. CBS News Streaming Network is the premier 24/7 anchored streaming news service from CBS News and Stations, available free to everyone with access to the Internet. The CBS News Streaming Network is your destination for breaking news, live events and original reporting locally, nationally and around the globe. Launched in November 2014 as CBSN, the CBS News Streaming Network is available live in 91 countries and on 30 digital platforms and apps, as well as on CBSNews.com and Paramount+. Subscribe to the CBS News YouTube channel: Watch CBS News: Download the CBS News app: Follow CBS News on Instagram: Like CBS News on Facebook: Follow CBS News on Twitter: Subscribe to our newsletters: Try Paramount+ free: For video licensing inquiries, contact: licensing@veritone.com"
2859,8518,0.9596,"Kansas City parade shooting victim remembered as ""the life of the party""",Kansas City radio host killed in Chiefs parade shooting,"Family members of Lisa Lopez-Galvan, who was killed in the Kansas City Chiefs Super Bowl parade shooting, told CBS News her death ""feels like a bad dream."" CBS News correspondent Charlie De Mar reports. CBS News Streaming Network is the premier 24/7 anchored streaming news service from CBS News and Stations, available free to everyone with access to the Internet. The CBS News Streaming Network is your destination for breaking news, live events and original reporting locally, nationally and around the globe. Launched in November 2014 as CBSN, the CBS News Streaming Network is available live in 91 countries and on 30 digital platforms and apps, as well as on CBSNews.com and Paramount+. Subscribe to the CBS News YouTube channel: Watch CBS News: Download the CBS News app: Follow CBS News on Instagram: Like CBS News on Facebook: Follow CBS News on Twitter: Subscribe to our newsletters: Try Paramount+ free: For video licensing inquiries, contact: licensing@veritone.com","A woman who was killed in the deadly mass shooting at the end of the Kansas City Chiefs Super Bowl parade has been identified as local radio host Lisa Lopez-Galvan, authorities said Thursday. CBS News correspondent Charlie De Mar spoke with Lopez-Galvan's family. CBS News Streaming Network is the premier 24/7 anchored streaming news service from CBS News and Stations, available free to everyone with access to the Internet. The CBS News Streaming Network is your destination for breaking news, live events and original reporting locally, nationally and around the globe. Launched in November 2014 as CBSN, the CBS News Streaming Network is available live in 91 countries and on 30 digital platforms and apps, as well as on CBSNews.com and Paramount+. See more at Subscribe to the CBS News YouTube channel: Watch CBS News: Download the CBS News app: Follow CBS News on Instagram: Like CBS News on Facebook: Follow CBS News on Twitter: Subscribe to our newsletters: Try Paramount+ free: For video licensing inquiries, contact: licensing@veritone.com"
2879,5055,0.982,"1 dead, at least 21 others wounded in shooting following Chiefs Super Bowl celebration rally, officials say","1 dead, at least 21 others wounded in shooting following Chiefs Super Bowl celebration rally, officials say","A shooting at the Kansas City Chiefs’ Super Bowl victory rally left at least one person dead and at least 21 others wounded Wednesday, officials said, shattering a joyous afternoon for the massive crowd celebrating the Chiefs latest NFL title. Three ...","A shooting at the Kansas City Chiefs’ victory rally left at least one person dead and at least 21 others wounded Wednesday, officials said, shattering a joyous afternoon for the massive crowd celebrating the Chiefs latest NFL title. Three people are ..."
2892,7105,1.0,Two adults charged with murder in Chiefs parade shooting,Two adults charged with murder in Chiefs parade shooting,"KANSAS CITY, Mo. -- Missouri prosecutors said Tuesday that two adults have been charged with murder in last week's shooting that killed one person and injured 22 others after the Kansas City Chiefs' Super Bowl parade. Dominic Miller and Lyndell Mays...","KANSAS CITY, Mo. — Missouri prosecutors said Tuesday that two adults have been charged with murder in last week’s shooting that killed one person and injured 22 others after the Kansas City Chiefs’ Super Bowl parade. Dominic Miller and Lyndell Mays ..."
2911,5193,0.9922,Una mujer mexicana murió en el tiroteo de Kansas City,Lisa López-Galván fue la aficionada mexicana que murió en el tiroteo en Kansas City,SyndicationLisa López-Galván fue la aficionada mexicana que murió en el tiroteo en Kansas City La mujer resultó gravemente herida el miércoles durante el tiroteo que se presentó en el desfile de los Chiefs luego de ganar el Super Bowl LVIII Credit:...,SyndicationLisa López-Galván fue la aficionada mexicana que murió en el tiroteo en Kansas City La mujer resultó gravemente herida el miércoles durante el tiroteo que se presentó en el desfile de los Chiefs luego de ganar el Super Bowl LVIII Erick M...
2921,4539,1.0,Drive-by-shooting victim near Chiefs rally was parade-goer,Shooting victim near Kansas City Chiefs rally was parade-goer,"KANSAS CITY, Mo. — Moments before nearly two dozen were shot outside Union Station as the Chiefs Super Bowl rally was ending, two others were shot less than a mile away. Jenipher Cabrera, 20, was wounded a few blocks away at 27th and McGee about 25 ...","KANSAS CITY, Mo. — Moments before nearly two dozen were shot outside Union Station as the Chiefs Super Bowl rally was ending, two others were shot less than a mile away. Jenipher Cabrera, 20, was wounded a few blocks away at 27th and McGee about 25..."
2953,4779,0.9547,Clyde Edwards-Helaire receives heroism award for protecting teen during Kansas City parade shooting,Clyde Edwards-Helaire receives heroism award for protecting teen during Kansas City parade shooting,"Clyde Edwards-Helaire receives heroism award for protecting teen during Kansas City parade shooting Published: Feb. 22, 2024 at 7:40 AM CST|Updated: 13 minutes ago NEW ORLEANS ( WVUE/Gray News) - Kansas City Chiefs running back Clyde Edwards-Helair...","Clyde Edwards-Helaire receives heroism award for protecting teen during Kansas City parade shooting Published: Feb. 22, 2024 at 8:40 AM EST|Updated: 13 minutes ago NEW ORLEANS ( WVUE/Gray News) - Kansas City Chiefs running back Clyde Edwards-Helair..."
2967,7016,1.0,Travis Kelce and Jason Kelce Discuss “Deeply Tragic” Kansas City Super Bowl Parade Shooting,Travis Kelce and Jason Kelce Discuss “Deeply Tragic” Kansas City Super Bowl Parade Shooting,"Travis KelceJason Kelce released a special message Monday about last week’s Kansas City Super Bowl parade shooting that left one dead and dozens of bystanders injured, via their New Heights podcast. “Attention 92 Percenters, we have a pre-recorded e...","Travis KelceJason Kelce released a special message Monday about last week's Kansas City Super Bowl parade shooting that left one dead and dozens of bystanders injured, via their New Heights podcast. “Attention 92 Percenters, we have a pre-recorded e..."
2970,5228,1.0,"SHBA, një i vrarë dhe 22 të plagosur në të shtënat gjatë festimeve të Super Bowl","SHBA, një i vrarë dhe 22 të plagosur në të shtënat gjatë festimeve të Super Bowl","Të paktën një person u vra dhe 22 të tjerë u plagosën në të shtënat në Kansas City në shtetin amerikan të Misurit pas një parade të fitores së Super Bowl për Kansas City Chiefs, tha policia të mërkurën, raporton Anadolu. “Ky është ende një hetim akt...","Të paktën një person u vra dhe 22 të tjerë u plagosën në të shtënat në Kansas City në shtetin amerikan të Misurit pas një parade të fitores së Super Bowl për Kansas City Chiefs, tha policia të mërkurën, raporton Anadolu. ""Ky është ende një hetim akt..."
2970,7358,0.9577,"SHBA, një i vrarë dhe 22 të plagosur në të shtënat gjatë festimeve të Super Bowl","SHBA, një i vrarë dhe 22 të plagosur në të shtënat gjatë festimeve në Kansas","Të paktën një person u vra dhe 22 të tjerë u plagosën në të shtënat në Kansas City në shtetin amerikan të Misurit pas një parade të fitores së Super Bowl për Kansas City Chiefs, tha policia të mërkurën, raporton Anadolu. “Ky është ende një hetim akt...","Të paktën një person u vra dhe 22 të tjerë u plagosën në të shtënat në Kansas City në shtetin amerikan të Misurit pas një parade të fitores së Super Bowl për Kansas City Chiefs, tha policia të mërkurën. “Ky është ende një hetim aktiv”, tha shefja e ..."
2978,7194,0.9709,Tragedie ryster USA: Radiovært død i masseskyderi,Tragedie ryster USA: Radiovært dræbt i masseskyderi,"USA er rystet. Onsdagens masseskyderi Super Bowl-paraden i Kansas City har nemlig efterladt befolkningen i chok de seneste timer. Indtil videre har de lokale myndigheder oplyst, at én person er blevet dræbt og mindst 21 såret. Og nu meddeler den a...","USA er rystet. Onsdagens masseskyderi ved Super Bowl-paraden i Kansas City har nemlig efterladt befolkningen i chok. Indtil videre har de lokale myndigheder oplyst, at én person er blevet dræbt og mindst 21 såret. Og nu meddeler den amerikanske ra..."
2985,4230,1.0,La Policía informó que el tiroteo durante los festejos por el Super Bowl habría sido por una disputa entre varias personas,La Policía informó que el tiroteo durante los festejos por el Super Bowl habría sido por una disputa entre varias personas – Diario La Página,Las autoridades de Kansas City informaron este jueves que el tiroteo que se produjo en medio de una multitud de personas en la celebración del Super Bowl de los Chiefs parecía tener su origen en una disputa entre varias personas. “No hay ningún nex...,Las autoridades de Kansas City informaron este jueves que el tiroteo que se produjo en medio de una multitud de personas en la celebración del Super Bowl de los Chiefs parecía tener su origen en una disputa entre varias personas. “No hay ningún nexo...
2990,4866,1.0,Taylor Swift Made Two Big Donations to Victim's Family in KC Shooting,Taylor Swift Made Two Big Donations to Victim’s Family in KC Shooting,"Taylor Swift made two donations of $50,000 on Friday to a GoFundMe created to benefit the family of Lisa Lopez-Galvan, the woman killed in a shooting following Wednesday's Super Bowl parade celebrating the Kansas City Chiefs' Super Bowl win. Swift's...","Taylor Swift made two donations of $50,000 on Friday to a GoFundMe created to benefit the family of Lisa Lopez-Galvan, the woman killed in a shooting following Wednesday’s Super Bowl parade celebrating the Kansas City Chiefs’ Super Bowl win. Swift’s..."
2994,4232,1.0,Kansas City Chiefs: Two charged with murder for Super Bowl parade shooting | BBC News,Kansas City Chiefs: Two charged with murder for Super Bowl parade shooting | BBC News,"Two men have been charged with murder for last week’s deadly shooting at a Super Bowl victory parade in Kansas City, prosecutors said. A woman died and 22 others were injured during the shooting, which police said stemmed from the two men arguing. ...","Two men have been charged with murder for last week's deadly shooting at a Super Bowl victory parade in Kansas City, prosecutors said. A woman died and 22 others were injured during the shooting, which police said stemmed from the two men arguing. ..."
3002,3003,1.0,Travis Kelce donates $100K to 2 children injured in Chiefs parade shooting,Travis Kelce makes $100K donation to 2 girls injured in shooting,"Travis Kelce donates $100K to 2 children injured in Chiefs parade shooting Eighty-Seven & Running, an organization founded by Travis Kelce, made two $50,000 donations to a GoFundMe page on Friday. TEGNA Digital 11:41 AM CST February 17, 2024 12:5...","Travis Kelce donates $100K to 2 children injured in Chiefs parade shooting Eighty-Seven & Running, an organization founded by Travis Kelce, made two $50,000 donations to a GoFundMe page on Friday. TEGNA Digital 11:41 AM CST February 17, 2024 12:4..."
3014,4208,0.9858,"Felon arrested for allegedly pocketing gun after Kansas City Chiefs parade shooting was ‘just trying to help,’ – The News Beyond Detroit","Felon arrested for allegedly pocketing gun after Kansas City Chiefs parade shooting was ‘just trying to help,’ friend insists",Deirdre Bardolf A third person arrested in the aftermath of the deadly Kansas City Chiefs Super Bowl parade shooting allegedly pocketed a gun dropped by one of the suspects — but he and family and friends claim he was “just trying to help.” Jose Ca...,"A third person arrested in the aftermath of the deadly Kansas City Chiefs Super Bowl parade shooting allegedly pocketed a gun dropped by one of the suspects — but he and family and friends claim he was “just trying to help.” Jose Castillo, who was c..."
3020,5896,0.955,2 adults charged with murder of Lisa Lopez-Galvan at Chiefs parade: 'We are not done yet',2 adults charged with murder of Lisa Lopez-Galvan at Chiefs parade: 'We are not done yet',Jackson County Prosecutor Jean Peters Baker announced homicide charges Tuesday afternoon against two adult men accused of causing the fatal shooting during the Chiefs championship rally last Wednesday. Lindell Mays of Raytown and Dominic Miller of K...,Jackson County Prosecutor Jean Peters Baker announced homicide charges Tuesday afternoon against two adult men accused of causing the fatal shooting during the Chiefs championship rally last Wednesday. Lyndell Mays of Raytown and Dominic Miller of K...
3031,7453,0.9853,"A Game, a Parade, a Shooting: The Story of America in Three Acts","A Game, a Parade, a Shooting: The Story of America in Three Acts","America’s most communal cultural event, the Super Bowl, featured a wildly popular team from Kansas City cheered by a global pop star who is dating the tight end. After the Chiefs won, she kissed her boyfriend under the falling confetti. Three days l...","America’s most communal cultural event, the Super Bowl, featured a wildly popular team from Kansas City cheered by a global pop star who is dating the tight end. After the Chiefs won, she kissed her boyfriend under the falling confetti.Three days lat..."
3035,5979,1.0,"Taylor Swift donates $100,000 US to family of woman killed in Kansas City parade shooting","Taylor Swift donates $100,000 US to family of woman killed in Kansas City parade shooting","Taylor Swift donated $100,000 US to the family of Lisa Lopez-Galvan, the woman killed in the shooting at Kansas City's Super Bowl victory parade. Two $50,000 donations were posted Friday under the singer's name on a GoFundMe page. Swift's representa...","Taylor Swift donated $100,000 US to the family of Lisa Lopez-Galvan, the woman killed in the shooting at Kansas City’s Super Bowl victory parade. Two $50,000 donations were posted Friday under the singer’s name on a GoFundMe page. Swift’s representa..."
3036,5344,1.0,Two adults charged with murder in Chiefs’ Super Bowl parade shooting,2 Adults are Charged with Murder in the Deadly Shooting at Kansas City’s Super Bowl Celebration,"KANSAS CITY, Mo. — Missouri prosecutors said Tuesday that two men have been charged with murder in last week’s shooting that killed one person and injured 22 others after the Kansas City Chiefs’ Super Bowl parade. Both adults are charged with second...","KANSAS CITY, Mo — Missouri prosecutors said Tuesday that two men have been charged with murder in last week’s shooting that killed one person and injured 22 others after the Kansas City Chiefs’ Super Bowl parade. Both adults are charged with second-..."
3036,6354,1.0,Two adults charged with murder in Chiefs’ Super Bowl parade shooting,2 adults are charged with murder in the deadly shooting at Kansas City's Super Bowl celebration,"KANSAS CITY, Mo. — Missouri prosecutors said Tuesday that two men have been charged with murder in last week’s shooting that killed one person and injured 22 others after the Kansas City Chiefs’ Super Bowl parade. Both adults are charged with second...","KANSAS CITY, Mo. — Missouri prosecutors said Tuesday that two men have been charged with murder in last week's shooting that killed one person and injured 22 others after the Kansas City Chiefs' Super Bowl parade. Both adults are charged with second..."
3036,8192,1.0,Two adults charged with murder in Chiefs’ Super Bowl parade shooting,2 adults are charged with murder in the deadly shooting at Kansas City's Super Bowl celebration,"KANSAS CITY, Mo. — Missouri prosecutors said Tuesday that two men have been charged with murder in last week’s shooting that killed one person and injured 22 others after the Kansas City Chiefs’ Super Bowl parade. Both adults are charged with second...","KANSAS CITY, Mo.: Missouri prosecutors said Tuesday that two men have been charged with murder in last week’s shooting that killed one person and injured 22 others after the Kansas City Chiefs’ Super Bowl parade. Both adults are charged with second-..."
3051,3139,0.9502,Presentan cargos contra los 2 menores detenidos tras el tiroteo en el desfile de los Chiefs,Acusan a dos menores por el tiroteo,"KANSAS CITY, Misuri, EE.UU. – Presentan cargos contra los dos menores en conexión con el tiroteo durante el desfile para celebrar el campeonato en el Super Bowl de los Chiefs de Kansas City, indicaron el viernes las autoridades. En un comunicado, el...","Kansas City, Misuri.- Presentan cargos contra los dos menores en conexión con el tiroteo durante el desfile para celebrar el campeonato en el Super Bowl de los Chiefs de Kansas City, indicaron el viernes las autoridades. En un comunicado, el Tribuna..."
3051,4972,1.0,Presentan cargos contra los 2 menores detenidos tras el tiroteo en el desfile de los Chiefs,Presentan cargos contra los 2 menores detenidos tras tiroteo,"KANSAS CITY, Misuri, EE.UU. – Presentan cargos contra los dos menores en conexión con el tiroteo durante el desfile para celebrar el campeonato en el Super Bowl de los Chiefs de Kansas City, indicaron el viernes las autoridades. En un comunicado, el...","KANSAS CITY, Misuri, EE.UU. — Presentan cargos contra los dos menores en conexión con el tiroteo durante el desfile para celebrar el campeonato en el Super Bowl de los Chiefs de Kansas City, indicaron el viernes las autoridades. En un comunicado, el..."
3056,3415,0.9575,"2 adultos, acusados de asesinato en desfile de KC","2 adultos, acusados de asesinato en desfile de KC","Servicio de Noticias de ESPN 20 de feb, 2024, 18:50 Dos adultos han sido acusados ​​de asesinato en el tiroteo de la semana pasada en el desfile del Super Bowl de los Chiefs. KANSAS CITY, Missouri -- Fiscales de Missouri señalaron este martes que ...","Servicio de Noticias de ESPN 20 de feb, 2024, 16:50 Dos adultos han sido acusados ​​de asesinato en el tiroteo de la semana pasada en el desfile del Super Bowl de los Chiefs. KANSAS CITY, Missouri -- Fiscales de Missouri señalaron este martes que ..."
3061,4636,0.9724,"Kansas City shooting was not an act of terrorism or homegrown violence, say police","Kansas City shooting was not an act of terrorism or homegrown violence, say police","Kansas City shooting was not an act of terrorism or homegrown violence, say police Jaclyn Diaz, Vanessa Romo, Amanda Orr Published February 14, 2024 at 3:33 PM EST Listen • 3:42 Andrew Caballero-Reynolds / Updated February 15, 2024 at 1:20 PM ...","Kansas City shooting was not an act of terrorism or homegrown violence, say police Jaclyn Diaz, Vanessa Romo, Amanda Orr Published February 14, 2024 at 1:33 PM MST Listen • 3:42 Andrew Caballero-Reynolds / Updated February 15, 2024 at 1:20 PM ..."
3061,6319,0.9641,"Kansas City shooting was not an act of terrorism or homegrown violence, say police","Kansas City shooting was not an act of terrorism or homegrown violence, say police","Kansas City shooting was not an act of terrorism or homegrown violence, say police Jaclyn Diaz, Vanessa Romo, Amanda Orr Published February 14, 2024 at 3:33 PM EST Listen • 3:42 Andrew Caballero-Reynolds / Updated February 15, 2024 at 1:20 PM ...","Kansas City shooting was not an act of terrorism or homegrown violence, say police By Jaclyn Diaz, Vanessa Romo, Amanda Orr Published February 14, 2024 at 2:33 PM CST Listen • 3:42 Andrew Caballero-Reynolds / Updated February 15, 2024 at 1:20..."
3065,7885,0.9975,"Chi è Lisa Lopez-Galvan, la vittima della sparatoria alla parata del Super Bowl a Kansas City","Chi è Lisa Lopez-Galvan, la vittima della sparatoria alla parata del Super Bowl a Kansas City","Chi è Lisa Lopez-Galvan, la vittima della sparatoria alla parata del Super Bowl a Kansas City Chi è Lisa Lopez-Galvan, la vittima della sparatoria alla parata del Super Bowl a Kansas City: madre di due figli e DJ della stazione radio KKFI di KC. di...","Chi è Lisa Lopez-Galvan, la vittima della sparatoria alla parata del Super Bowl a Kansas City Chi è Lisa Lopez-Galvan, la vittima della sparatoria alla parata del Super Bowl a Kansas City: madre di due figli e DJ della stazione radio KKFI di KC."
3070,3844,0.9758,Η μεγάλη δωρεά της Taylor Swift στα θύματα του Super Bowl,Η Taylor Swift έδωσε 100.000 δολάρια στην οικογένεια της μητέρας που πέθανε μετά τη νίκη των Chiefs,Η Taylor Swift έδωσε 100.000 δολάρια στην οικογένεια της μητέρας που πέθανε από πυροβολισμούς μετά τη νίκη των Chiefs και οι δωρεές από άλλους πολίτες εκτοξεύθηκαν μέσα σε μία μέρα. Δωρεά στο GoFundMe που δημιουργήθηκε για την οικογένεια της Lisa Lop...,Η Taylor Swift έδωσε 100.000 δολάρια στην οικογένεια της μητέρας που πέθανε από πυροβολισμούς μετά τη νίκη των Chiefs και οι δωρεές από άλλους πολίτες εκτοξεύθηκαν μέσα σε μία μέρα. Δωρεά στο GoFundMe που δημιουργήθηκε για την οικογένεια της Lisa Lo...
3087,6042,0.952,"Acusan a 2 adultos de homicidio, por tiroteo en desfile de celebración de los Chiefs","Acusan a 2 adultos de homicidio, por tiroteo en desfile de celebración de los Chiefs","KANSAS CITY, Missouri, EE.UU. (AP) — Dos hombres acusados de homicidio por el tiroteo de la semana pasada durante el desfile para celebrar la victoria de los Chiefs de Kansas City en el Super Bowl eran desconocidos que desenfundaron sus pistolas y co...","KANSAS CITY, Missouri, EE.UU. — Dos hombres acusados de homicidio por el tiroteo de la semana pasada durante el desfile para celebrar la victoria de los Chiefs de Kansas City en el Super Bowl eran desconocidos que desenfundaron sus pistolas y comenza..."
3107,8692,1.0,"Taylor Swift donates $100,000 to aid family of Chiefs’ parade shooting victim","Taylor Swift donates $100,000 to aid family of Chiefs’ parade shooting victim",Taylor Swift has made a major financial contribution to the Elizabeth Lopez-Galvan Memorial via a GoFundMe page created for the family of the woman killed in the shooting at the Kansas City Chiefs’ Super Bowl celebration parade. With an initial goal...,Taylor Swift has made a major financial contribution to the Elizabeth Lopez-Galvan Memorial via a GoFundMe page created for the family of the woman killed in the shooting at the Kansas City Chiefs Super Bowl celebration parade. With an initial goal ...
3158,7399,0.982,Sparatoria a Kansas City: una donna morta e 22 feriti. Biden: “Insensata epidemia di violenza”,Sparatoria a Kansas City: una donna morta e 22 feriti. Biden: “Insensata epidemia di violenza”,"Kansas City, 15 febbraio 2024 – Una donna è morta e altre 22 persone sono rimaste ferite: 11 vittime hanno tra i 6 e i 15 anni. Sale il terribile bilancio della sparatoria avvenuta ieri pomeriggio a Kansas City, nel Missuori, durante la parata celebr...","Kansas City, 15 febbraio 2024 – Una donna è morta e altre 22 persone sono rimaste ferite: 11 vittime hanno tra i 6 e i 15 anni. Sale il terribile bilancio della sparatoria avvenuta ieri pomeriggio a Kansas City, nel Missuori, durante la parata celeb..."
3176,3271,1.0,T. Swift gives $100K to shooting victim’s family,T. Swift gives $100K to shooting victim's family,"Taylor Swift has donated $100,000 to the family of Lisa Lopez-Galvan, the popular local DJ who was killed in the shooting at the Kansas City Chiefs’ Super Bowl victory parade.","Taylor Swift has donated $100,000 to the family of Lisa Lopez-Galvan, the popular local DJ who was killed in the shooting at the Kansas City Chiefs’ Super Bowl victory parade..."
3180,7458,1.0,"Taylor Swift, solidaria: a quién donó 100 mil dólares y por qué","Taylor Swift, solidaria: a quién donó 100 mil dólares y por qué · Examedia","Taylor Swift, solidaria: a quién donó 100 mil dólares y por qué Hace unos días, recorrían el mundo las imágenes de Taylor Swift festejando el triunfo de los Kansas City Chiefs en el campo de juego del Super Bowl, junto a su novio Travis Kelce. Sin...","Taylor Swift, solidaria: a quién donó 100 mil dólares y por qué Hace unos días, recorrían el mundo las imágenes de Taylor Swift festejando el triunfo de los Kansas City Chiefs en el campo de juego del Super Bowl, junto a su novio Travis Kelce. Sin e..."
3194,7144,0.9614,Dos acusados ​​de asesinato en tiroteo en el Super Bowl de Kansas City,Dos acusados ​​de asesinato en tiroteo en el Super Bowl de Kansas City,"KANSAS CITY, Missouri (AP) — Dos hombres acusados ​​de asesinato en tiroteo de la semana pasada Después del desfile del Super Bowl de los Kansas City Chiefs, unos extraños sacaron armas y comenzaron a disparar segundos después de iniciar una discusió...","KANSAS CITY, Missouri (AP) — Dos hombres acusados ​​de asesinato en tiroteo de la semana pasada Después del desfile del Super Bowl de los Kansas City Chiefs, unos desconocidos sacaron armas y comenzaron a disparar segundos después de iniciar una disc..."
3207,4165,0.9614,Thousands report national AT&T cellphone outage,Thousands report national AT&T cellphone outage,Many Americans woke up Thursday without cellphone service as it appears AT&T is undergoing a nationwide outage. Thousands of AT&T customers began reporting outages on the website Down Detector before 4 a.m. ET. The outage continued for several hours...,Many Americans woke up Thursday without cellphone service as it appears AT&T is undergoing a massive outage. Thousands of AT&T customers across the country began reporting outages on the website Down Detector before 4 a.m. ET. The outage continued f...
3220,4344,0.9727,Κάνσας: Τραγωδία στη φιέστα για το Super Bowl – Σκηνές χάους και μία νεκρή μετά από πυροβολισμούς,Κάνσας: Τραγωδία στη φιέστα για το Super Bowl – Σκηνές χάους και μία νεκρή μετά από πυροβολισμούς,"Σε τραγωδία μετατράπηκε η πανηγυρική παρέλαση στο Κάνσας για την κατάκτηση του τίτλου στο φετινό Super Bowl. Ενοπλοι άνοιξαν πυρ, με αποτέλεσμα συνολικά 22 άνθρωποι να τραυματιστούν από τα πυρά, εκ των οποίων μία γυναίκα θανάσιμα. WATCH: Moment gun...","Σε τραγωδία μετατράπηκε η πανηγυρική παρέλαση στο Κάνσας για την κατάκτηση του τίτλου στο φετινό Super Bowl. Ένοπλοι άνοιξαν πυρ, με αποτέλεσμα συνολικά 22 άνθρωποι να τραυματιστούν από τα πυρά, εκ των οποίων μια γυναίκα θανάσιμα. WATCH: Moment gun..."
3229,6986,0.9708,Chiefs Parade Victim To Be Buried In Jersey Of Harrison Butker,Chiefs Parade Victim To Be Buried In Jersey Of Harrison Butker,"Lisa Lopez-Galvan, the woman who was killed during the tragic shooting at the Kansas City Chiefs’ Super Bowl parade last week, will reportedly be laid to rest wearing a Chiefs jersey. According to reports Lopez-Galvan was laid to rest in the jersey ...","Lisa Lopez-Galvan, the woman who was killed during the tragic shooting at the Kansas City Chiefs’ Super Bowl parade last week, will reportedly be laid to rest wearing a Chiefs jersey. According to reports Lopez-Galvan will be laid to rest in the jer..."
3241,5658,1.0,Wichita family mourns after grandmother killed at Super Bowl parade,Wichita family mourns after grandmother killed at Super Bowl parade,"WICHITA, Kan. (KWCH) - Lisa Lopez-Galvan made a difference in the lives of many people. “My grandma was so cool. She was a DJ, she coached basketball, she coached softball, she was always just an amazing person, she was into everything,” said Lisa’s...","WICHITA, Kan. (KWCH) - Lisa Lopez-Galvan made a difference in the lives of many people. “My grandma was so cool she was a DJ, she coached basketball, she coached softball, she was always just an amazing person, she was into everything,” said Lisa’s ..."
3254,7538,0.972,Chiefs' Harrison Butker provides jersey to family of Super Bowl parade shooting victim,Chiefs' Harrison Butker provides jersey to family of Super Bowl parade shooting victim,Kansas City Chiefs kicker Harrison Butker responded to social media requests on Tuesday to help the family of Super Bowl parade shooting victim Lisa Lopez-Galvan. Lopez-Galvan was wearing a Butker jersey at the Super Bowl celebration when she was sh...,Kansas City Chiefs kicker Harrison Butker responded to social media requests on Tuesday to help the family of Super Bowl parade shooting victim Lisa Lopez-Galvan. Lopez-Galvan was wearing a Butker jersey at the Super Bowl celebration when she was sho...
3278,8291,0.986,Taylor Swift bantu korban penembakan dalam parade Kansas City Chiefs,Taylor Swift Bantu Keluarga Korban Penembakan dalam Parade Kansas City Chiefs,"Jakarta (ANTARA) - Bintang pop Taylor Swift memberikan bantuan dana sebanyak 100.000 dolar AS (sekitar Rp1,5 miliar) kepada keluarga Lisa Lopez-Galvan, seorang penyiar radio dan ibu dua anak yang tewas akibat penembakan yang terjadi dalam parade keme...","Ceknricek.com -- Bintang pop Taylor Swift memberikan bantuan dana sebanyak 100.000 dolar AS (sekitar Rp1,5 miliar) kepada keluarga Lisa Lopez-Galvan, seorang penyiar radio dan ibu dua anak yang tewas akibat penembakan yang terjadi dalam parade kemena..."
3293,7201,0.9526,Kansas City mourns Chiefs parade shooting victim DJ Lisa Lopez-Galvan,Kansas City mourns Chiefs parade shooting victim DJ Lisa Lopez-Galvan,"Lisa Lopez-Galvan, a beloved local radio disc jockey and mother of two, was killed as she celebrated the Chief’s 2024 Super Bowl win with family, including her son, who was also wounded when gunfire broke out shortly after the victory parade in Kansa...","Lisa Lopez-Galvan, a beloved local radio disc jockey and mother of two, was killed as she celebrated the Chief’s 2024 Super Bowl win with family, including her son, who was also wounded when gunfire broke out shortly after the victory parade in Kan..."
3295,4830,0.9607,2 men are charged with murder in the deadly shooting at Kansas City’s Super Bowl celebration,2 men are charged with murder in the deadly shooting at Kansas City’s Super Bowl celebration,"Associated Press | ap@dfmdev.com PUBLISHED: February 20, 2024 at 3:09 p.m. | UPDATED: February 20, 2024 at 6:46 p.m. By NICK INGRAM and MARGERY A. BECK (Associated Press) KANSAS CITY, Mo. (AP) — Two men charged with murder in last week’s shooting...","By Associated Press | ap@dfmdev.com PUBLISHED: February 20, 2024 at 3:09 p.m. | UPDATED: February 20, 2024 at 6:46 p.m. By NICK INGRAM and MARGERY A. BECK (Associated Press) KANSAS CITY, Mo. (AP) — Two men charged with murder in last week’s shoot..."
3317,4271,0.9943,"Beloved mother, radio DJ killed at Super Bowl victory parade shooting leaves a hole in her community","Beloved mother, radio DJ killed at Super Bowl victory parade shooting leaves a hole in her community","Local NewsBeloved mother, radio DJ killed at Super Bowl victory parade shooting leaves a hole in her community Lisa Lopez-Galvan was known for far more than being a radio personality in her community – she was an advocate for Latinos in Kansas City....","NationalBeloved mother, radio DJ killed at Super Bowl victory parade shooting leaves a hole in her community Lisa Lopez-Galvan was known for far more than being a radio personality in her community – she was an advocate for Latinos in Kansas City. ..."
3328,3756,0.9715,"In the chaos of the Kansas City parade shooting, he’s hit and doesn’t know where his kids are","In the chaos of the Kansas City parade shooting, he's hit and doesn't know where his kids are","By NICK INGRAM and JOHN HANNA Associated Press KANSAS CITY, Mo. (AP) — Jacob Gooch was having what was sure to be the best day of his year, hanging out with his wife and children and friends in the massive, happy, high-fiving crowd of fellow Kansas...","By NICK INGRAM and JOHN HANNA - Associated Press KANSAS CITY, Mo. (AP) — Jacob Gooch was having what was sure to be the best day of his year, hanging out with his wife and children and friends in the massive, happy, high-fiving crowd of fellow Kansa..."
3334,5955,0.9564,[WBALTV] Taylor Swift donates $100K to family of woman killed at Kansas City Chiefs parade shooting – The Baltimore Post,Taylor Swift donates US$100K to family of woman,"Taylor Swift made two $50,000 donations to a GoFundMe for the family of Lisa Lopez-Galvan, the woman killed in the mass shooting at a Super Bowl victory parade of the Kanas City Chiefs.","Taylor Swift made two US$50,000 donations to a GoFundMe for the family of Lisa Lopez-Galvan, the woman killed in the mass shooting at a Super Bowl victory parade of the Kanas City Chiefs on Wednesday."
3377,8181,0.9605,Donó Taylor 100 mil dólares a familia de mujer fallecida en tiroteo,Donó Taylor 100 mil dólares a familia de mujer fallecida en tiroteo,"Taylor Swift, la novia de Travis Kelce, jugador de los Jefes, donó unos 100 mil dólares a la familia de la mujer de ascendencia mexicana que murió en un tiroteo tras el desfile en las calles de Kansas City, en donde se celebraba el título de los Chie...","Taylor Swfit, la novia de Travis Kelce, jugador de los Jefes, donó unos 100 mil dólares a la familia de la mujer de ascendencia mexicana que murió en un tiroteo tras el desfile en las calles de Kansas City, en donde se celebraba el título de los Chie..."
3381,6362,0.9613,2 juveniles charged in deadly Super Bowl rally shooting,2 juveniles charged in deadly Super Bowl rally shooting,"Taylor Swift has donated $100,000 to the family of Lisa-Lopez Galvan, the woman who was killed in the mass shooting. ––– Subscribe to ABC News on YouTube: Watch 24/7 coverage of breaking news and live events on ...","Taylor Swift has donated $100,000 to the family of Lisa-Lopez Galvan, the woman who was killed in the mass shooting. ––– Subscribe to ABC News on YouTube: Watch 24/7 coverage of breaking news and live events on ABC..."
3410,6168,1.0,Taylor Swift Donates $100k to Family of Kansas City Shooting Victim,Taylor Swift Donates $100k to Family of Kansas City Shooting Victim,"Taylor Swift is offering her condolences and a sizable donation to the family of slain Kansas City radio DJ Lisa Lopez-Galvan. The 34-year-old songstress donated $100,000 to the family of Lopez-Galvan -- who died after being shot at the Kansas City...","Taylor Swift is offering her condolences and a sizable donation to the family of slain Kansas City radio DJ Lisa Lopez-Galvan. The 34-year-old songstress donated $100,000 to the family of Lopez-Galvan — who died after being shot at the Kansas City C..."
3410,7066,1.0,Taylor Swift Donates $100k to Family of Kansas City Shooting Victim,Taylor Swift Donates $100k to Family of Kansas City Shooting Victim,"Taylor Swift is offering her condolences and a sizable donation to the family of slain Kansas City radio DJ Lisa Lopez-Galvan. The 34-year-old songstress donated $100,000 to the family of Lopez-Galvan -- who died after being shot at the Kansas City...","Taylor Swift is offering her condolences and a sizable donation to the family of slain Kansas City radio DJ Lisa Lopez-Galvan. The 34-year-old songstress donated $100,000 to the family of Lopez-Galvan — who died after being shot at the Kansas City..."
3410,7717,1.0,Taylor Swift Donates $100k to Family of Kansas City Shooting Victim,Taylor Swift Donates $100k to Family of Kansas City Shooting Victim,"Taylor Swift is offering her condolences and a sizable donation to the family of slain Kansas City radio DJ Lisa Lopez-Galvan. The 34-year-old songstress donated $100,000 to the family of Lopez-Galvan -- who died after being shot at the Kansas City...","Taylor Swift is offering her condolences and a sizable donation to the family of slain Kansas City radio DJ Lisa Lopez-Galvan. The 34-year-old songstress donated $100,000 to the family of Lopez-Galvan -- who died after being shot at the Kansas City ..."
3434,4724,1.0,"Lyndell Mays Admitted To Firing First Shots During Super Bowl Parade, Cops Say","Lyndell Mays Admitted To Firing First Shots During Super Bowl Parade, Cops Say","Police officers in Kansas City claim Lyndell Mays admitted he fired the first shots at the Chiefs' Super Bowl parade last week ... before he allegedly said he ""shouldn't have done that."" In the docs, a KCPD detective wrote that Mays was interviewed...","Police officers in Kansas City claim Lyndell Mays admitted he fired the first shots at the Chiefs’ Super Bowl parade last week ... before he allegedly said he “shouldn’t have done that.” In the docs, a KCPD detective wrote that Mays was interviewed a..."
3451,4079,1.0,KANSAS CITY SHOOTERS CHARGED! Two Charged With Murder in Super Bowl Parade Shooting,KANSAS CITY SHOOTERS CHARGED! Two Charged With Murder in Super Bowl Parade Shooting,"According to a report from The New York Post, two adult males, Dominic Miller, 18, and Lyndell Mays, 22, have been charged with second-degree murder and two counts of armed criminal action and unlawful use of a weapon for the shooting at the Chiefs S...","According to a report from The New York Post, two adult males, Dominic Miller, 18, and Lyndell Mays, 22, have been charged with second-degree murder and two counts of armed criminal action and unlawful use of a weapon for the shooting at the Chiefs ..."
3497,7233,0.9525,The Truly Bizarre Reason Paper Gave for Delaying Publishing Pic of Accused KC Chiefs Parade Shooter,The Truly Bizarre Reason Paper Gave for Delaying Publishing Pic of Accused KC Chiefs Parade Shooter,"As RedState previously reported, there was a horrible shooting during the Kansas City Chiefs Super Bowl victory parade in the Union Station area on February 14. The shooting left one woman dead and at least 22 others were wounded, prosecutors said T...","By Nick Arama As RedState previously reported, there was a horrible shooting during the Kansas City Chiefs Super Bowl victory parade in the Union Station area on February 14. The shooting left one woman dead and at least 22 others were wounded, pro..."
3499,4806,1.0,2 men are charged with murder in the deadly shooting at Kansas City's Super Bowl celebration,Photos of Kansas City Chiefs shooter finally released,"Two men charged with murder in last week's shooting after the Kansas City Chiefs’ Super Bowl parade were strangers who pulled out guns and began firing within seconds of starting an argument, according to court documents released Tuesday. Missouri p...","Two men charged with murder in last week’s shooting after the Kansas City Chiefs’ Super Bowl parade were strangers who pulled out guns and began firing within seconds of starting an argument, according to court documents released Tuesday. Missouri p..."
3531,7622,0.9763,Kansas City police link Super Bowl rally shooting to dispute as Travis Kelce left 'heartbroken' over fatal tragedy,Kansas City police link Super Bowl rally shooting to dispute as Travis Kelce left 'heartbroken' over fatal tragedy,In short: Kansas City police have ruled out terrorism or homegrown violent extremism as the motive for the fatal shooting spree at a Super Bowl victory parade. The police chief says two minors remain in custody after several firearms were recovered f...,Kansas City police have ruled out terrorism or homegrown violent extremism as the motive for the fatal shooting spree at a Super Bowl victory parade. The police chief says two minors remain in custody after several firearms were recovered from the sh...
3548,3825,1.0,"[Highlight] Heroic Kansas City fans with the tackle of their lives, bringing down one of the shooting suspects at the Chiefs Super Bowl Parade🙏🏾","[tkelce] I am heartbroken over the tragedy that took place today. My heart is with all who came out to celebrate with us and have been affected. KC, you mean the world to me.","To go to a parade and not come home, no words, this is a really a day that feels so lost. Johnson County mom dies in KC Chiefs parade shooting, the second victim confirmed dead. Lisa Lopez-Galvan, a Johnson County mother of two and beloved disc jockey in Kansas City, was confirmed killed in the shooting at the end of the Kansas City Chiefs Super Bowl parade celebration Wednesday. RIP Lisa, forever a part of the Kingdom } :","To go to a parade and not come home, no words, this is a really a day that feels so lost. Johnson County mom dies in KC Chiefs parade shooting, the second victim confirmed dead. Lisa Lopez-Galvan, a Johnson County mother of two and beloved disc jockey in Kansas City, was confirmed killed in the shooting at the end of the Kansas City Chiefs Super Bowl parade celebration Wednesday. RIP Lisa, forever a part of the Kingdom } : ["
3550,5984,1.0,Social media is not for everyone,If he was white the gofundme would have been taken down,Lyndell Mays.,Lyndell Mays
3556,6254,1.0,Kansas City Super Bowl parade shooting: Darcy cartoon,Kansas City Super Bowl parade shooting: Darcy cartoon,"CLEVELAND, Ohio -- The Super Bowl trophy touched down in Kansas City and along with it the Not Super Ballistics Led of the mass shootings scourge that can and has hit any city in America. A parade celebrating the Chiefs’ Super Bowl victory ended in ...","CLEVELAND, Ohio — The Super Bowl trophy touched down in Kansas City and along with it the Not Super Ballistics Led of the mass shootings scourge that can and has hit any city in America. A parade celebrating the Chiefs’ Super Bowl victory ended in t..."
3575,3923,0.9609,Chiefs de Kansas City : deux personnes arrêtées lors de la fusillade du défilé du Super Bowl sont des enfants et plus de la moitié des victimes ont moins de 16 ans | Actualités américaines,Chiefs de Kansas City : deux personnes arrêtées lors de la fusillade du défilé du Super Bowl sont des enfants et plus de la moitié des victimes ont moins de 16 ans | Actualités américaines,"Selon la police, deux des personnes arrêtées suite à une fusillade lors du défilé du Super Bowl des Chiefs de Kansas City sont des enfants, et plus de la moitié des victimes ont moins de 16 ans. Le barrage de tirs devant une ancienne gare voisine à K...","Selon la police, deux des personnes arrêtées suite à une fusillade lors du défilé du Super Bowl des Chiefs de Kansas City sont des mineurs, et plus de la moitié des victimes ont moins de 16 ans. Le barrage de tirs devant une ancienne gare voisine à K..."
3581,5939,0.9878,泰勒絲捐贈10萬美元給堪薩斯城酋長隊遊行槍擊受害者家屬,泰勒絲捐贈10萬美元給堪薩斯城酋長隊遊行槍擊受害者家屬,"泰勒絲(Taylor Swift)已經向堪薩斯城酋長隊(Kansas City Chiefs)遊行槍擊事件中遇害的女性家屬捐款10萬美元,泰勒絲的代表告訴時報。 週五上午,兩筆每5萬美元的捐款以泰勒絲的名義出現在為當地廣播主持人兼兩個孩子的母親Lisa Lopez-Galvan家屬設立的捐款頁面上。「在您悲痛的損失中送上最深切的慰問與同情。以愛送上,泰勒絲。」捐款內容寫道。 泰勒絲週日出席超級盃賽,看著她男友堪薩斯城酋長隊的緊急接應選手Travis Kelce帶領球隊擊敗聖弗朗西斯科49人隊...","(SeaPRwire) – 泰勒絲(Taylor Swift)已經向堪薩斯城酋長隊(Kansas City Chiefs)遊行槍擊事件中遇害的女性家屬捐款10萬美元,泰勒絲的代表告訴時報。 週五上午,兩筆每5萬美元的捐款以泰勒絲的名義出現在為當地廣播主持人兼兩個孩子的母親Lisa Lopez-Galvan家屬設立的捐款頁面上。「在您悲痛的損失中送上最深切的慰問與同情。以愛送上,泰勒絲。」捐款內容寫道。 泰勒絲週日出席超級盃賽,看著她男友堪薩斯城酋長隊的緊急接應選手Travis Kelce帶領..."
3609,6233,1.0,Two Young Adults Charged With Murder In Kansas City Super Bowl Parade Shooting,Two Young Adults Charged With Murder In Kansas City Super Bowl Parade Shooting,"Two suspects have been charged in the horrifying Kansas City Super Bowl parade shooting. Nearly one week after the fatal shooting, 18-year-old Dominic Miller of Kansas City and 23-year-old Lyndell Mays of Raytown are both facing second-degree murder...","Two suspects have been charged in the horrifying Kansas City Super Bowl parade shooting. Nearly one week after the fatal shooting, 18-year-old Dominic Miller of Kansas City and 23-year-old Lyndell Mays of Raytown are both facing second-degree murder ..."
3614,8247,1.0,'Was Just Being Stupid': Kansas Super Bowl Parade Shooter To Cops,“Was Just Being Stupid”: Kansas Super Bowl Parade Shooter To Cops https://ift.tt/tMI6Kp9,"One of the two accused in the Kansas City Chief's Super Bowl victory parade shootout incident has said that he was ""just being stupid"". Dominic Miller, 18, and Lyndell Mays, 23, face charges of second-degree murder, armed criminal action, and unlawfu...","One of the two accused in the Kansas City Chief’s Super Bowl victory parade shootout incident has said that he was “just being stupid”. Dominic Miller, 18, and Lyndell Mays, 23, face charges of second-degree murder, armed criminal action, and unlawfu..."
3638,4362,0.9565,Friend remembers Kansas City DJ killed in Chiefs rally shooting,Friend remembers Kansas City DJ killed in shooting,"WICHITA, Kan. — Several people remain in the hospital with critical injuries after Wednesday’s shooting following the Kansas City Chiefs victory parade and rally. A friend of the woman who died is remembering her life. Lisa Lopez-Galvan was a well-...","WICHITA, Kan. (KSNW) – Several people remain in the hospital with critical injuries after Wednesday’s shooting following the Kansas City Chiefs victory parade and rally. A friend of the woman who died is remembering her life. Lisa Lopez-Galvan was a..."
3640,7095,0.9694,"Taylor Swift Donates $100,000 to Woman Killed at Chiefs’ Super Bowl Parade","Taylor Swift Donates $100,000 to Woman Killed at Kansas Chiefs’ Super Bowl Parade","Taylor Swift has donated $100,000 to the family of Lisa Lopez-Galvan, the woman who was killed during a mass shooting at the Kansas City Chiefs’ Super Bowl victory parade on Wednesday. Swift made the donation via a GoFundMe page set up to “provide v...","Taylor Swift has donated $100,000 to the family of Lisa Lopez-Galvan, the woman who was killed during a mass shooting at the Kansas City Chiefs’ Super Bowl victory parade on Wednesday. Swift made the donation via a GoFundMe page set up to “provide vi..."
3647,4760,1.0,Two men charged with murder over Kansas City Super Bowl parade shooting,Two men charged with murder over Kansas City Super Bowl parade shooting,"WASHINGTON - Two men have been charged with murder over the shooting at the Kansas City Chiefs Super Bowl parade which left one person dead and 22 wounded, officials said on Feb 21. Dominic Miller and Lyndell Mays, both local residents, were charged...","WASHINGTON – Two men have been charged with murder over the shooting at the Kansas City Chiefs Super Bowl parade which left one person dead and 22 wounded, officials said on Feb 21. Dominic Miller and Lyndell Mays, both local residents, were charged..."
3658,4865,1.0,"An ecstatic Super Bowl rally, upended by the terror of a mass shooting. How is Kansas City faring?","An ecstatic Super Bowl rally, upended by the terror of a mass shooting. How is Kansas City faring?","FILE - Kansas City Chiefs quarterback Patrick Mahomes, center, and defensive tackle Derrick Nnadi, left, join in the celebration as defensive tackle Chris Jones, right, announces he plans to return to the Chiefs for another season, during their victo...","FILE – Kansas City Chiefs quarterback Patrick Mahomes, center, and defensive tackle Derrick Nnadi, left, join in the celebration as defensive tackle Chris Jones, right, announces he plans to return to the Chiefs for another season, during their victo..."
3662,8593,1.0,'Our hearts go out' Travis and Jason Kelce pay tribute to Kansas City Chiefs parade shooting victims,'Our hearts go out' Travis and Jason Kelce pay tribute to Kansas City Chiefs parade shooting victims,"Travis and Jason Kelce have paid tribute to the victims of the Kansas City Chiefs' Super Bowl victory parade shooting. The Chiefs tight end and his brother Jason, who plays for NFL side Philadelphia Eagles, have issued a joint statement about the ""d...","Travis and Jason Kelce have paid tribute to the victims of the Kansas City Chiefs’ Super Bowl victory parade shooting. The Chiefs tight end and his brother Jason, who plays for NFL side Philadelphia Eagles, have issued a joint statement about the “d..."
3686,5002,0.9621,Tirs à Kansas City : deux inculpations pour meurtre après la fusillade lors de la parade du Super Bowl,deux inculpations pour meurtre après la fusillade lors de la parade du Super Bowl,"à l’instant Deux adultes ont été inculpés pour meurtre après la fusillade qui a fait un mort et 22 blessés le 14 février lors de la parade du Super Bowl à Kansas City, aux Etats-Unis. La procureure chargée d'enquêter sur les tirs qui ont fait un mo...","Deux adultes ont été inculpés pour meurtre après la fusillade qui a fait un mort et 22 blessés le 14 février lors de la parade du Super Bowl à Kansas City, aux Etats-Unis. La procureure chargée d’enquêter sur les tirs qui ont fait un mort et 22 bles..."
3716,7073,1.0,Funeral services for Lisa Lopez-Galvan today,Funeral services for Lisa Lopez-Galvan today,"KANSAS CITY, Mo. – Funeral services are being held Friday for the woman who died in the Kansas City Super Bowl parade shooting. Lisa Lopez Galvan was the only person killed in the mass shooting last Wednesday. 22 other people were injured. Two men an...","KANSAS CITY, Mo. – Funeral services are being held Friday for the woman who died in the Kansas City Super Bowl parade shooting. Lisa Lopez Galvan was the only person killed in the mass shooting last Wednesday. 22 other people were injured. Two men a..."
3723,3741,0.9815,"The Kansas City massacre, one dead and 21 children and teenagers injured","Shootings at the Super Bowl parade in Kansas City, one woman dead, 22 injured, 8 of them seriously","One dead and 21 injured. The victim is a woman, but children and teenagers were also injured. They were all defenseless, helpless, distracted by an event like the Super Bowl and no one would have ever imagined that yesterday afternoon in Kansas City,...","AGI – One dead and 21 injured. The victim is a woman, but children and teenagers were also injured. They were all defenseless, helpless, distracted by an event like the Super Bowl and no one would have ever imagined that yesterday afternoon in Kansas..."
3730,7227,1.0,Kansas City artist honors family friend killed at Chiefs parade with portrait,Kansas City artist honors family friend killed at Chiefs parade with portrait,"KANSAS CITY, Mo. — “There was a certain energy that you knew it was good. She was one of the good ones,” artist and owner of AOART5, Anthony Oropeza said. Oropeza grew up with Lisa Lopez-Galvan and her brothers and called her his little sister from t...","KANSAS CITY, Mo. — “There was a certain energy that you knew it was good. She was one of the good ones,” artist and owner of AOART5, Anthony Oropeza said. Oropeza grew up with Lisa Lopez-Galvan and her brothers and called her his little sister from ..."
3736,6190,1.0,Kansas City Chiefs parade mass shooting: Two adults arrested for murder,Kansas City Chiefs parade mass shooting: Two adults arrested for murder,"Jason Marz/Getty Images(KANSAS CITY, Mo.) -- Two adults have been arrested in connection with the mass shooting at the Chiefs' Super Bowl parade last week, prosecutors announced Tuesday.Dominic Miller and Lyndell Mays each face charges of second-degr...","Jason Marz/Getty Images (KANSAS CITY, Mo.) — Two adults have been arrested in connection with the mass shooting at the Chiefs’ Super Bowl parade last week, prosecutors announced Tuesday. Dominic Miller and Lyndell Mays each face charges of second-d..."
3761,7251,0.9705,Kyle Rittenhouse questions why identities of Kansas City shooters have not been revealed,Kyle Rittenhouse questions why identities of Kansas City shooters have not been revealed,"[*""The defendants were named by prosecutors as Dominic M. Miller of Kansas City and Lyndell Mays of Raytown. They each face charges of second-degree murder, armed criminal action, and unlawful use of a weapon, according to a statement from the Jackson County Prosecutor’s Office. ...*""]( --NBC News","[*""The defendants were named by prosecutors as Dominic M. Miller of Kansas City and Lyndell Mays of Raytown. They each face charges of second-degree murder, armed criminal action, and unlawful use of a weapon, according to a statement from the Jackson County Prosecutor’s Office. ...*""]("
3761,7369,0.9705,Kyle Rittenhouse questions why identities of Kansas City shooters have not been revealed,grandma seems to contradict her own message and being petty about it,"[*""The defendants were named by prosecutors as Dominic M. Miller of Kansas City and Lyndell Mays of Raytown. They each face charges of second-degree murder, armed criminal action, and unlawful use of a weapon, according to a statement from the Jackson County Prosecutor’s Office. ...*""]( --NBC News",">The defendants were named by prosecutors as Dominic M. Miller of Kansas City and Lyndell Mays of Raytown. They each face charges of second-degree murder, armed criminal action, and unlawful use of a weapon, according to a statement from the Jackson County Prosecutor’s Office."
3765,8501,0.9604,México lamenta tiroteo en Kansas City donde falleció mujer con raíces mexicanas,México lamenta tiroteo en Kansas City donde falleció mujer con raíces mexicanas,"15 de feb, 2024, 16:32 El gobierno mexicano mandó sus condolencias por la muerte de Lisa López-Galván durante los festejos por el campeonato de los Chiefs El Gobierno de México, en voz del titular del poder ejecutivo, Andrés Manuel López Obrador, ...","15 de feb, 2024, 14:32 El gobierno mexicano mandó sus condolencias por la muerte de Lisa López-Galván durante los festejos por el campeonato de los Chiefs El Gobierno de México, en voz del titular del poder ejecutivo, Andrés Manuel López Obrador, ..."
3770,4022,0.9589,NFL遊行槍擊案：電台DJ身亡 為酋長隊多年球迷,美國超級碗勝利巡遊槍擊案1死22傷 電台DJ身亡 拜登促加強槍管,"美國國家美式足球聯盟(NFL)冠軍戰“超級碗”(Super Bowl)11日落幕,由堪薩斯酋長隊(Kansas City Chiefs)奪冠。位於密蘇裏州的堪薩斯市14日舉行勝利巡遊期間發生槍擊案,至少1死22傷。死者身份確認為當地一名電台DJ,警方已拘留3人。 《堪薩斯城明星報》(Kansas City Star)14日報道,死者為40多歲的KKFI電台DJ洛佩斯–加爾萬(Lisa Lopez-Galvan)。她在當日的槍擊事件中腹部中槍,送院接受手術期間不治身亡。 死者為酋長隊多年球迷 ...","美國國家美式足球聯盟(NFL)冠軍戰「超級碗」(Super Bowl)11日落幕,由堪薩斯酋長隊(Kansas City Chiefs)奪冠。位於密蘇里州的堪薩斯市14日舉行勝利巡遊期間發生槍擊案,至少1死22傷。死者身份確認為當地一名電台DJ,警方已拘留3人。 《堪薩斯城明星報》(Kansas City Star)14日報道,死者為40多歲的KKFI電台DJ洛佩斯–加爾萬(Lisa Lopez-Galvan)。她在當日的槍擊事件中腹部中槍,送院接受手術期間不治身亡。 死者為酋長隊多年球迷 ..."
3770,4765,0.9589,NFL遊行槍擊案：電台DJ身亡 為酋長隊多年球迷,,"美國國家美式足球聯盟(NFL)冠軍戰“超級碗”(Super Bowl)11日落幕,由堪薩斯酋長隊(Kansas City Chiefs)奪冠。位於密蘇裏州的堪薩斯市14日舉行勝利巡遊期間發生槍擊案,至少1死22傷。死者身份確認為當地一名電台DJ,警方已拘留3人。 《堪薩斯城明星報》(Kansas City Star)14日報道,死者為40多歲的KKFI電台DJ洛佩斯–加爾萬(Lisa Lopez-Galvan)。她在當日的槍擊事件中腹部中槍,送院接受手術期間不治身亡。 死者為酋長隊多年球迷 ...","美國國家美式足球聯盟(NFL)冠軍戰「超級碗」(Super Bowl)11日落幕,由堪薩斯酋長隊(Kansas City Chiefs)奪冠。位於密蘇里州的堪薩斯市14日舉行勝利巡遊期間發生槍擊案,至少1死22傷。死者身份確認為當地一名電台DJ,警方已拘留3人。 《堪薩斯城明星報》(Kansas City Star)14日報道,死者為40多歲的KKFI電台DJ洛佩斯–加爾萬(Lisa Lopez-Galvan)。她在當日的槍擊事件中腹部中槍,送院接受手術期間不治身亡。 死者為酋長隊多年球迷 洛佩..."
3808,7132,0.9799,Kyle Rittenhouse's Viral Post About KC Parade Shooting Says Something Everyone Should Be Thinking About,Kyle Rittenhouse's Viral Post About KC Parade Shooting Says Something Everyone Should Be Thinking About — THE MILLENNIAL PRESS,"On Tuesday, we finally found out the names of the two adults who have been arrested and charged in the shooting during the Kansas City Chiefs Super Bowl championship parade last week. According to CBS News, Jackson County Prosecutor Jean Peters Bake...","On Tuesday, we finally found out the names of the two adults who have been arrested and charged in the shooting during the Kansas City Chiefs Super Bowl championship parade last week. According to CBS News, Jackson County Prosecutor Jean Peters Baker..."
3829,8360,1.0,Two men charged with murder for deadly Kansas Super Bowl shooting | News,Two men charged with murder in shooting at Kansas City Super Bowl parade,"Two men in the United States have been charged with murder for a gunfight on the fringe of a Super Bowl victory rally in Kansas City, which killed one person and wounded more than 20 others, according to prosecutors and court documents. Prosecutors ...","Two men in the United States have been charged with murder for a gunfight on the fringe of a Super Bowl victory rally in Kansas City, which killed one person and wounded more than 20 others, according to prosecutors and court documents.Prosecutors in..."
3839,6130,1.0,Lisa Lopez-Galvan Tributes Paid to Kansas City DJ Killed in Shooting,Lisa Lopez-Galvan tributes paid to Kansas City DJ killed in shooting,"Tributes have been paid to the radio DJ killed in a shooting at the end of Wednesday's parade to celebrate the Kansas City Chiefs' Super Bowl win. Lisa Lopez-Galvan, host of ""Taste of Tejano,"" was killed in the shooting, radio station KKFI said in a...","Tributes have been paid to the radio DJ killed in a shooting at the end of Wednesday's parade to celebrate the Kansas City Chiefs' Super Bowl win. Lisa Lopez-Galvan, host of ""Taste of Tejano,"" was killed in the shooting, radio station KKFI said in a ..."
3843,7798,1.0,Taylor donó 100 mil dólares a la familia de la mujer asesinada en un tiroteo tras el Super Bowl,Taylor Swift donó ‘millonaria’ suma a familia de mujer asesinada en el tiroteo de la victoria de los Chiefs en el Super Bowl,"Taylor Swift donó 100.000 dólares a la familia de Lisa Lopez-Galvan, la mujer asesinada en el tiroteo en el desfile de la victoria de los Chiefs de Kansas City tras el Super Bowl. Dos donaciones de 50.000 dólares fueron publicadas el viernes bajo el...","Taylor Swift donó 100.000 dólares a la familia de Lisa Lopez-Galvan, la mujer asesinada en el tiroteo en el desfile de la victoria de los Chiefs de Kansas City tras el Super Bowl.Dos donaciones de 50.000 dólares fueron publicadas el viernes bajo el n..."
3872,4963,0.9813,DJ conhecida e mãe de dois jovens: vítima de ataque a tiros em celebração do Super Bowl é identificada,DJ conhecida e mãe de dois jovens: vítima de ataque a tiros em celebração do Super Bowl é identificada,"Ao menos uma pessoa morreu e outras 21 ficaram feridas, incluindo crianças, durante um ataque a tiros em Kansas City, no estado americano do Missouri, nesta quarta-feira. Milhares de pessoas celebravam o título do Super Bowl do Kansas City Chiefs qua...","Ao menos uma pessoa morreu e outras 21 ficaram feridas, incluindo crianças, durante um ataque a tiros em Kansas City, no estado americano do Missouri, nesta quarta-feira. Milhares de pessoas celebravam o título do Super Bowl do Kansas City Chiefs qu..."
3881,4184,0.9586,AMLO lamenta muerte de mujer con raíces mexicanas tras tiroteo en Kansas,López Obrador lamenta muerte de mujer con raíces mexicanas tras tiroteo en Kansas,"Previo a finalizar su tradicional conferencia mañanera que este jueves tuvo lugar en Acapulco, Guerrero, el presidente de México, Andrés Manuel López Obrador, se refirió a los hechos ocurridos ayer en Kansas City, Estados Unidos, donde una mujer con ...","Fernando Dávila Previo a finalizar su tradicional conferencia mañanera que este jueves tuvo lugar en Acapulco, Guerrero, el presidente de México, Andrés Manuel López Obrador, se refirió a los hechos ocurridos ayer en Kansas City, Estados Unidos, dond..."
3895,4623,0.981,"Patrick Mahomes, wife Brittany visit 2 girls shot at Chiefs rally - UPI.com","Patrick Mahomes, wife Brittany visit 2 girls shot at Chiefs rally",Feb. 17 (UPI) -- Kansas City Chiefs quarterback Patrick Mahomes and his wife Brittany Mahomes have visited two young victims of the Super Bowl parade mass shooting that left one dead and 22 others injured. The Reyes family said in a statement to med...,Feb. 17 (UPI) — Kansas City Chiefs quarterback Patrick Mahomes and his wife Brittany Mahomes have visited two young victims of the Super Bowl parade mass shooting that left one dead and 22 others injured. The Reyes family said in a statement to medi...
3898,4447,0.9637,"Local DJ and Mom of 2 Killed in Super Bowl Parade Shooting, Station Says","Local DJ and Mom of 2 Killed in Super Bowl Parade Shooting, Station Says","Glenn E. Rice/The Kansas City Star/Tribune News Service via Getty Images A Kansas City radio DJ died from injuries sustained in a shooting near a parade to celebrate the Chiefs’ Super Bowl victory on Wednesday, according to family members and her rad...","Glenn E. Rice/The Kansas City Star/Tribune News Service via Getty Images A Kansas City radio DJ died from injuries sustained in a shooting near a parade to celebrate the Chiefs’ Super Bowl victory on Wednesday, according to family members and her ra..."
3908,4980,0.9653,"Travis Kelce, heartbroken Chiefs offer help, prayer to parade shooting victims - UPI.com","Travis Kelce, heartbroken Chiefs offer help, prayer to parade shooting victims","Feb. 15 (UPI) -- Football star Travis Kelce says he was ""heartbroken"" by the shooting near the Kansas City Chiefs Super Bowl parade Wednesday that left one woman dead and nearly two dozen others injured. Chiefs players offered help to the victims, wh...","Feb. 15 (UPI) — Football star Travis Kelce says he was “heartbroken” by the shooting near the Kansas City Chiefs Super Bowl parade Wednesday that left one woman dead and nearly two dozen others injured. Chiefs players offered help to the victims, whi..."
3914,5077,0.9553,Τέιλορ Σουίφτ: Δώρισε 100.000 δολάρια στην οικογένεια θύματος των πυροβολισμών στο Κάνσας,Τέιλορ Σουίφτ: Δώρισε 100.000 δολάρια στην οικογένεια θύματος των πυροβολισμών στο Κάνσας,"17/02/2024 20:13 Τέιλορ Σουίφτ: Δώρισε 100.000 δολάρια στην οικογένεια θύματος των πυροβολισμών στο Κάνσας Η Σουίφτ προηγουμένως είχε κάνει μία μεγάλη δωρεά για λογαριασμό των θυμάτων του 2018, για το March for Our Lives, γράφοντας στο Instagram, τ...","Τέιλορ Σουίφτ: Δώρισε 100.000 δολάρια στην οικογένεια θύματος των πυροβολισμών στο Κάνσας Η Σουίφτ προηγουμένως είχε κάνει μία μεγάλη δωρεά για λογαριασμό των θυμάτων του 2018, για το March for Our Lives, γράφοντας στο Instagram, τότε ότι κανένας δε..."
3940,5887,1.0,Gun violence rally held after shooting at Chiefs Super Bowl parade,Gun violence rally held after shooting at Chiefs Super Bowl parade,"KANSAS CITY, Mo. — People gathered Saturday afternoon at Washington Square Park for a gun violence prevention rally in response to the shooting after the Kansas City Chiefs Super Bowl Victory parade Wednesday. The rally started with a moment of sile...","KANSAS CITY, Mo. — People gathered Saturday afternoon at Washington Square Park for a gun violence prevention rally in response to the shooting after the Kansas City Chiefs Super Bowl Victory parade Wednesday. The rally started with a moment of silen..."
3948,7515,0.9525,Due adulti accusati di omicidio nella sparatoria a Kansas City,2 adulti accusati di omicidio nella sparatoria durante la celebrazione del Super Bowl,"KANSAS CITY, Missouri – I pubblici ministeri del Missouri hanno detto martedì che due uomini sono stati accusati di omicidio nella sparatoria della scorsa settimana che ha ucciso una persona e ne ha ferite altre 22 dopo la parata del Super Bowl dei K...","KANSAS CITY, Missouri >> I pubblici ministeri del Missouri hanno detto oggi che due uomini sono stati accusati di omicidio nella sparatoria della scorsa settimana che ha ucciso una persona e ne ha ferite altre 22 dopo la parata del Super Bowl dei Kan..."
3949,6618,1.0,Entretenimiento – Page 6 – LAREMIX,Taylor Swift sends $100K to family of Kansas City mom who died in Chiefs parade shooting,"The family of late Kansas City radio DJ Lisa Lopez-Galvan received $100,000 from singer and Chiefs fan Taylor Swift. ‘Sending my deepest sympathies,’ she said on GoFundMe.","The family of late Kansas City radio DJ Lisa Lopez-Galvan received $100,000 from singer and Chiefs fan Taylor Swift. 'Sending my deepest sympathies,' she said on GoFundMe."
3962,4580,0.9792,Family of Kansas City shooting suspect set up GoFundMe to help him through ‘tragic time’,Family of Kansas City shooting suspect set up GoFundMe to help him through ‘tragic time’,"The mother of one of the accused Kansas City Super Bowl parade shooters set up a GoFundMe for him, saying he needed help through a “tragic time.” Teneal Burnside created the online fundraiser for her son Lyndell Mays, 23, showing him lying in a hosp...","The mother of one of the accused Kansas City Super Bowl parade shooters set up a GoFundMe for him, saying he needed help through a “tragic time.”Teneal Burnside created the online fundraiser for her son Lyndell Mays, 23, showing him lying in a hospit..."
3962,6969,0.9792,Family of Kansas City shooting suspect set up GoFundMe to help him through ‘tragic time’,The Family Of Kansas City Shooting Suspect Did The Unthinkable,"The mother of one of the accused Kansas City Super Bowl parade shooters set up a GoFundMe for him, saying he needed help through a “tragic time.” Teneal Burnside created the online fundraiser for her son Lyndell Mays, 23, showing him lying in a hosp...","The mother of one of the accused Kansas City Super Bowl parade shooters set up a GoFundMe for him, saying he needed help through a “tragic time.” Teneal Burnside created the online fundraiser for her son Lyndell Mays, 23, showing him lying in a hospi..."
3974,8214,1.0,Two juveniles charged in Kansas City Super Bowl rally shooting | Law-Order,Two juveniles charged in Kansas City Super Bowl rally shooting,"Two juveniles were charged in a Kansas City family court in the deadly mass shooting that sparked chaos at a rally celebrating the Chiefs Super Bowl victory, authorities said on Friday. One person was killed and 22 others, including nine children, we...","Two juveniles were charged in a Kansas City family court in the deadly mass shooting that sparked chaos at a rally celebrating the Chiefs Super Bowl victory, authorities said on Friday. One person was killed and 22 others, including nine children, w..."
3985,6240,1.0,Two juveniles charged in mass shooting at Chiefs’ parade,Two juveniles charged in mass shooting at Chiefs’ parade,"Feb 16, 2024, 01:25 PM ET KANSAS CITY, Mo. — Two juveniles were charged with crimes connected to the mass shooting at the Kansas City Chiefs’ Super Bowl rally, authorities said Friday, as the city tries to recover in the aftermath of the violence. ...","Feb 16, 2024, 01:25 PM ET KANSAS CITY, Mo. — Two juveniles were charged with crimes connected to the mass shooting at the Kansas City Chiefs‘ Super Bowl rally, authorities said Friday, as the city tries to recover in the aftermath of the violence. ..."
4003,5637,0.9596,"Super Bowl parade victim was Kansas City radio DJ, her son was also shot","Kansas rally violence victim was city radio DJ, her son was shot in leg","Lisa Lopez-Galvan, the woman killed in Wednesday's mass shooting at a rally to celebrate the Kansas City Chiefs Super Bowl victory, was a popular radio disc jockey who also played music she loved at weddings, her station and friends said. KKFI radio ...","Lisa Lopez-Galvan, the woman killed in Wednesday's mass shooting at a rally to celebrate the Kansas City Chiefs' Super Bowl victory, was a popular radio disc jockey who also played music she loved at weddings, her station and friends said. KKFI radi..."
4008,4937,1.0,Two juveniles charged in shooting at Kansas City Chiefs parade,Two juveniles charged in shooting at Kansas City Chiefs parade,"Two juveniles have been charged for the mass shooting that left one woman dead and 22 people injured at the Chiefs’ championship parade in Kansas City. The juveniles, whose names have not been released, are facing gun charges and resisting arrest, w...","Two juveniles have been charged for the mass shooting that left one woman dead and 22 people injured at the Chiefs' championship parade in Kansas City. The juveniles, whose names have not been released, are facing gun charges and resisting arrest, w..."
4028,8608,1.0,"In the chaos of the Kansas City parade shooting, he's hit and doesn't know where his kids are","In the chaos of the Kansas City parade shooting, he's...","In the chaos of the Kansas City parade shooting, he’s hit and doesn’t know where his kids are KANSAS CITY, Mo. (AP) — Jacob Gooch was having what was sure to be the best day of his year, hanging out with his wife and children and friends in the mass...","In the chaos of the Kansas City parade shooting, he's hit and doesn't know where his kids are KANSAS CITY, Mo. (AP) - Jacob Gooch was having what was sure to be the best day of his year, hanging out with his wife and children and friends in the mass..."
4051,5626,0.9509,"Gunfire at Chiefs’ Super Bowl celebration kills 1 and wounds nearly two-dozen, including children","Gunfire at Chiefs’ Super Bowl celebration kills 1 and wounds nearly two-dozen, including children","HEATHER HOLLINGSWORTH and NICK INGRAM, Associated Press Feb 14, 2024 / 09:30 PM PST Feb 14, 2024 / 09:35 PM PST KANSAS CITY, Mo. (AP) — A historic railway station on the edge of downtown Kansas City became the latest backdrop for a mass shooting a...","HEATHER HOLLINGSWORTH and NICK INGRAM, Associated Press Feb 14, 2024 / 09:30 PM PST Feb 14, 2024 / 09:30 PM PST KANSAS CITY, Mo. (AP) — A historic railway station on the edge of downtown Kansas City became the latest backdrop for a mass shooting a..."
4061,7735,0.9629,Vigil held to remember woman killed in Chiefs Super Bowl rally shooting – KX NEWS,Vigil held to remember woman killed in Chiefs Super Bowl rally shooting – FOX31 Denver,"Vigil held to remember woman killed in Chiefs Super Bowl rally shooting Toggle header content News A vigil was held to remember Lisa Lopez-Galvan, who lost her life in the shooting at the Chiefs Super Bowl rally.","Vigil held to remember woman killed in Chiefs Super Bowl rally shooting Toggle header content A vigil was held to remember Lisa Lopez-Galvan, who lost her life in the shooting at the Chiefs Super Bowl rally."
4077,8691,1.0,Sparatoria a Kansas City: la polizia afferma che la disputa ha portato alla sparatoria alla parata del Super Bowl,Sparatoria a Kansas City: la polizia afferma che la disputa ha portato alla sparatoria alla parata del Super Bowl,"15 febbraio 2024, 16:02 GMT Aggiornato 5 minuti fa Per riprodurre questo contenuto, abilita JavaScript o prova un browser diverso Didascalia video, Guarda: La polizia di Kansas City elogia il coraggio della città dopo la sparatoria La polizia di Kans...","15 febbraio 2024, 16:02 GMT Aggiornato 7 minuti fa Per riprodurre questo contenuto, abilita JavaScript o prova un browser diverso Didascalia video, Guarda: La polizia di Kansas City elogia il coraggio della città dopo la sparatoria La polizia di Kans..."
4118,5573,1.0,Kansas City mom and prominent Hispanic DJ dies in a...,Kansas City mom and prominent Hispanic DJ dies in a mass shooting after Chiefs' victory parade,"Kansas City mom and prominent Hispanic DJ dies in a mass shooting after Chiefs' victory parade Lisa Lopez-Galvan was a music lover and DJ in the Kansas City area who played at weddings, quinceañeras and an American Legion bar and grill. She mixed Te...","Kansas City mom and prominent Hispanic DJ dies in a mass shooting after Chiefs’ victory parade Lisa Lopez-Galvan was a music lover and DJ in the Kansas City area who played at weddings, quinceañeras and an American Legion bar and grill. She mixed Te..."
4127,4528,1.0,"Taylor Swift gives $100,000 to the family of the woman killed in the Chiefs parade shooting",Names and faces,"Taylor Swift donated $100,000 to the family of Lisa Lopez-Galvan, the woman killed in the shooting at the Kansas City Chiefs' Super Bowl victory parade. Two $50,000 donations were posted Friday under the singer's name on a GoFundMe page. Swift’s repr...","Taylor Swift donated $100,000 to the family of Lisa Lopez-Galvan, the woman killed in the shooting at the Kansas City Chiefs' Super Bowl victory parade. Two $50,000 donations were posted Friday under the singer's name on a GoFundMe page. Swift's repr..."
4140,8451,0.9671,16-year-old Taylor Swift fan killed while on the way to megastar’s concert in Australia,16-year-old Taylor Swift fan killed while on the way to megastar’s concert in Australia,"16-year-old Taylor Swift fan killed while on the way to megastar’s concert in Australia Published: Feb. 19, 2024 at 3:05 PM CST|Updated: moments ago (Gray News) - Tragedy struck when a 16-year-old Taylor Swift superfan was killed while on the way t...","16-year-old Taylor Swift fan killed while on the way to megastar’s concert in Australia Published: Feb. 19, 2024 at 4:05 PM EST|Updated: moments ago (Gray News) - Tragedy struck when a 16-year-old Taylor Swift superfan was killed while on the way t..."
4141,7654,1.0,The 5 things you should know this February 16,The 5 things you should know this February 16,Trump will face the first criminal trial against him. A Palestinian surgeon says Israeli snipers killed civilians as they tried to flee a besieged hospital in Gaza. Who was the Latina DJ who died in the Kansas City shooting? Here's what you need to ...,Trump will face the first criminal trial against him. A Palestinian surgeon says Israeli snipers killed civilians as they tried to flee a besieged hospital in Gaza. Who was the Latina DJ who died in the Kansas City shooting? Here’s what you need to k...
4147,6007,1.0,"Johnson County mom dies in KC Chiefs parade shooting, the second victim confirmed dead","Johnson County mom dies in KC Chiefs parade shooting, the second victim confirmed dead","Lisa Lopez-Galvan, a Johnson County mother of two and beloved disc jockey in Kansas City, was confirmed dead as the second person killed in the shooting at the end of the Kansas City Chiefs Super Bowl parade celebration Wednesday. Friends confirmed ...","Lisa Lopez-Galvan, a Johnson County mother of two and beloved disc jockey in Kansas City, was confirmed dead as the second person killed in the shooting at the end of the Kansas City Chiefs Super Bowl parade celebration Wednesday. Friends confirmed t..."
4155,7613,0.9631,Things to know about the shooting at the Kansas City Chiefs' Super Bowl celebration,Things to know about the shooting at the Kansas City Chiefs' Super Bowl celebration,"KANSAS CITY, Mo. (AP) — Members of the Kansas City community are expected to gather Saturday afternoon to “demand a future free from gun violence” a day after authorities announced that two juveniles had been detained on gun-related and resisting arr...","AP KANSAS CITY, Mo. (AP) — Members of the Kansas City community are expected to gather Saturday afternoon to “demand a future free from gun violence” a day after authorities announced that two juveniles had been detained on gun-related and resistin..."
4207,5465,1.0,Taylor Swift fait un don de 100 000 $ à la famille d'une femme tuée par balle lors du défilé de la victoire des Chiefs,Taylor Swift fait un don de 100 000 $ à la famille d’une femme tuée lors du défilé des chefs,"Une page GoFundMe créée pour la famille de Lisa Lopez-Galvan, la femme tuée dans une fusillade lors du défilé de la victoire des Chiefs de Kansas City, a attiré l'attention de Taylor Swift, qui a fait des dons sur la page totalisant 100 000 $ tôt ven...","Une page GoFundMe créée pour la famille de Lisa Lopez-Galvan, la femme tuée dans une fusillade lors du défilé de la victoire des Chiefs de Kansas City, a attiré l’attention de Taylor Swift, qui a fait des dons sur la page totalisant 100 000 $ tôt ven..."
4210,8476,0.9815,Fury at ‘caveman’ Travis Kelce for partying at sports bar just hours after 21 fans were shot – including NINE kids – and one killed in SB parade shooting: Mayor reveals child victims are aged six to 15,Travis Kelce slammed for carrying on the party hours after shooting,Travis Kelce callously carried on his Super Bowl victory party at a Kansas City restaurant last night while injured fans lay in the hospital and a family mourned the death of one shot dead at the parade. The tight end appeared in good spirits as he ...,Travis Kelce carried on his Super Bowl victory party at a Kansas City restaurant last night while injured fans lay in the hospital and a family mourned the death of one shot dead at the parade. The tight end appeared in good spirits as he clutched a ...
4227,5391,0.9887,Travis Kelce lands in Sydney ahead of Taylor Swift’s Eras Tour concerts,Travis Kelce lands in Sydney ahead of Taylor Swift's Eras Tour concerts,"Traylor is about to be reunited. Travis Kelce touched down in Australia Thursday morning at around 9 a.m. local time, which is 5 p.m. ET Wednesday, to meet up with Taylor Swift, according to online flight records tracking his private jet. The aircr...","Traylor is about to be reunited. Travis Kelce touched down in Australia Thursday morning at around 9 a.m. local time — which is 5 p.m. ET Wednesday — to meet up with Taylor Swift, according to online flight records tracking his private jet. The air..."
4240,8620,0.9879,TEJLOR SVIFT DONIRALA PAPRENU CIFRU: Nakon TRAGEDIJE na paradi obratila se porodici NASTRADALE žene!,TEJLOR SVIFT DONIRALA PAPRENU CIFRU: Nakon TRAGEDIJE na paradi obratila se porodici NASTRADALE žene!,TEJLOR SVIFT DONIRALA PAPRENU CIFRU: Nakon TRAGEDIJE na paradi obratila se porodici NASTRADALE žene! Republika/A.N. Zabava16.02.2024 17:30 Javnost besna na njenog dečka! Foto: Tanjug/AP Poznata pevačica Tejlor Svift izjavila je saučešće porodic...,TEJLOR SVIFT DONIRALA PAPRENU CIFRU: Nakon TRAGEDIJE na paradi obratila se porodici NASTRADALE žene! Republika/A.N. 16.02.2024 17:30 Javnost besna na njenog dečka! Foto: Tanjug/AP Poznata pevačica Tejlor Svift izjavila je saučešće porodici Liz...
4242,6157,1.0,Patrick Mahomes and Wife Brittany Visit Children Injured in Kansas City Shooting,Patrick Mahomes and Wife Brittany Visit Children Injured in Kansas City Shooting,"In a Friday press release, the Reyes family shared photos from the quarterback's visit with their girls. In the shots, Patrick and Brittany smile as they pose next to the injured girls. Each girl also holds a small Chiefs helmet in the pics, suggesti...","In a Friday press release, the Reyes family shared photos from the quarterback’s visit with their girls. In the shots, Patrick and Brittany smile as they pose next to the injured girls. Each girl also holds a small Chiefs helmet in the pics, suggesti..."
4272,7845,1.0,Mourners overflow Kansas City church at visitation for rally shooting victim,Mourners overflow Kansas City church at visitation for rally shooting victim,"KANSAS CITY, Mo. — Rosary and Visitation were held Friday night for Lisa Lopez-Galvan. The 43-year-old was the Chiefs fan killed outside Union Station at the end of last week’s Super Bowl rally. Crowds filed into Redemptorist Catholic Church until e...","KANSAS CITY, Mo. — Rosary and Visitation were held Friday night for Lisa Lopez-Galvan. The 43-year-old was the Chiefs fan killed outside Union Station at the end of last week’s Super Bowl rally. Crowds filed into Redemptorist Catholic Church until ev..."
4304,5805,1.0,"1 dead, at least 21 others injured by gunfire at Chiefs Super Bowl parade in Kansas City: 'Tragedy'","1 dead, at least 21 others injured by gunfire at Chiefs Super Bowl parade in Kansas City: 'Tragedy'","One person has died and at least 21 others were injured by gunfire when a shooting broke out in Kansas City, Missouri, following the parade and rally for the Chiefs' Super Bowl win, officials said Wednesday. The shooting took place west of Union Sta...","One person has died and at least 21 others were injured by gunfire when a shooting broke out in Kansas City, Missouri, following the parade and rally for the Chiefs’ Super Bowl win, officials said Wednesday. The shooting took place west of Union Sta..."
4330,5652,1.0,"One dead, children among 21 injured in shooting at Kansas Super Bowl parade","1 killed, multiple people injured in Kansas City shooting near Chiefs ...","KANSAS CITY: Eight children were among 22 people hit by gunfire in a shooting at the end of Wednesday’s parade to celebrate the Kansas City Chiefs’ Super Bowl win , authorities said, as terrified fans ran for cover and yet another high-profile public...","KANSAS CITY — Eight children were among 22 people hit by gunfire in a shooting at the end of Wednesday’s parade to celebrate the Kansas City Chiefs’ Super Bowl win, authorities said, as terrified fans ran for cover and yet another high-profile public..."
4330,8406,1.0,"One dead, children among 21 injured in shooting at Kansas Super Bowl parade","One dead, children among 21 injured in shooting at Kansas Super Bowl parade","KANSAS CITY: Eight children were among 22 people hit by gunfire in a shooting at the end of Wednesday’s parade to celebrate the Kansas City Chiefs’ Super Bowl win , authorities said, as terrified fans ran for cover and yet another high-profile public...","KANSAS CITY: Eight children were among 22 people hit by gunfire in a shooting at the end of Wednesday's parade to celebrate the Kansas City Chiefs' Super Bowl win , authorities said, as terrified fans ran for cover and yet another high-profile public..."
4363,8591,0.9775,Dua Remaja Didakwa dalam Penembakan Massal di Parade Super Bowl,Dua Remaja Didakwa dalam Penembakan Massal di Parade Super Bowl,"KANSAS CITY, Mo. — Dua orang juvana didakwa dengan kejahatan terkait penembakan massal di pawai Kansas City Chiefs’, kata pihak berwenang Jumat, saat kota tersebut mencoba untuk pulih dari kekerasan yang terjadi. Siaran pers dari Pengadilan Keluarga...","(SeaPRwire) – KANSAS CITY, Mo. — Dua orang juvana didakwa dengan kejahatan terkait penembakan massal di pawai Kansas City Chiefs’, kata pihak berwenang Jumat, saat kota tersebut mencoba untuk pulih dari kekerasan yang terjadi. Siaran pers dari Penga..."
4364,4451,0.9845,"Popular News, 23 Feb 2024 | 15 Minute News - Know the News","Popular News, 22 Feb 2024 | 15 Minute News - Know the News","Popular News Popular News for 23 Feb 2024 The Case Against an Annual Physical Wall Street Journal - 20 Feb 2024 04:00 For some of us, the yearly visits might not be doing much to boost long-term health. 'A lack of contrition that borders on path...","Popular News Popular News for 22 Feb 2024 The Case Against an Annual Physical Wall Street Journal - 20 Feb 2024 04:00 For some of us, the yearly visits might not be doing much to boost long-term health. 'A lack of contrition that borders on path..."
4369,7386,0.9791,"Taylor Swift dona $100,000 dólares a la familia de la mujer asesinada en el desfile de los Kansas City Chiefs","Taylor Swift dona $100,000 dólares a la familia de la mujer asesinada en el desfile de los Kansas City Chiefs","SpanishTaylor Swift dona $100,000 dólares a la familia de la mujer asesinada en el desfile de los Kansas City Chiefs “Les envío mi más sentido pésame y condolencias tras su devastadora pérdida. Con amor, Taylor Swift”, escribió en las donaciones que...","En EspañolTaylor Swift dona $100,000 dólares a la familia de la mujer asesinada en el desfile de los Kansas City Chiefs “Les envío mi más sentido pésame y condolencias tras su devastadora pérdida. Con amor, Taylor Swift”, escribió en las donaciones ..."
4386,5956,1.0,"Taylor Swift donates $100,000 to victim of Kansas City shooting | NFL News","Taylor Swift donates $100,000 to victim of Kansas City shooting | NFL News","Taylor Swift has donated $100,000 to the family of Lisa Lopez-Galvan, who was killed in the Kansas City shootings earlier this week. Two donations of $50,000 were made in the musician’s name and US publication Variety has confirmed with representati...","Taylor Swift has donated $100,000 to the family of Lisa Lopez-Galvan, who was killed in the Kansas City shootings earlier this week. Two donations of $50,000 were made in the musician's name and US publication Variety has confirmed with representati..."
4396,8568,0.9742,Here’s what happened at the Kansas City Chiefs parade shooting,What we know about the shooting at the Kansas City Chiefs parade,"One person was killed and at least 21 injured at a rally following a parade Wednesday celebrating the Kansas City Chiefs’ win at the Super Bowl. Shots were fired near Union Station in Kansas City, Mo., where Chiefs players had addressed the fan rally...","One person was killed and at least 21 injured at a rally following a parade Wednesday celebrating the Kansas City Chiefs’ win at the Super Bowl. Shots were fired near Union Station in Kansas City, Mo., where Chiefs players had addressed the fan rall..."
4408,4905,1.0,Tirs à Kansas City: deux adultes inculpés de meurtre,Tirs lors de la parade du Super Bowl à Kansas City: deux adultes inculpés de meurtre,"La procureure chargée d'enquêter sur les tirs qui ont fait un mort et 22 blessés le 14 février lors de la parade du Super Bowl à Kansas City, aux États-Unis, a annoncé mardi l'inculpation de deux adultes pour meurtre. «Deux hommes de Kansas City fon...","La procureure chargée d'enquêter sur les tirs qui ont fait un mort et 22 blessés le 14 février lors de la parade du Super Bowl à Kansas City, aux États-Unis, a annoncé mardi l'inculpation de deux adultes pour meurtre. ""Deux hommes de Kansas City fon..."
4408,7682,0.9529,Tirs à Kansas City: deux adultes inculpés de meurtre,Tirs lors de la parade du Super Bowl à Kansas City: deux adultes inculpés de meurtre,"La procureure chargée d'enquêter sur les tirs qui ont fait un mort et 22 blessés le 14 février lors de la parade du Super Bowl à Kansas City, aux États-Unis, a annoncé mardi l'inculpation de deux adultes pour meurtre. «Deux hommes de Kansas City fon...","La procureure chargée d’enquêter sur les tirs qui ont fait un mort et 22 blessés le 14 février lors de la parade du Super Bowl à Kansas City, aux États-Unis, a annoncé mardi l’inculpation de deux adultes pour meurtre. « Deux hommes de Kansas City fo..."
4411,4488,0.9733,超級盃酋長封王遊行爆槍手掃射 1死29傷3落網 | | 焦點,超級盃酋長封王遊行爆槍手掃射 1死29傷3落網,"密蘇里州堪薩斯城聯合車站(Union Station)附近外區域14日舉行職業美式足球聯盟(NFL)堪薩斯城酋長隊(Kansas City Chiefs)慶祝「 超級盃」(Super Bowl)封王遊行,孰料當天下午3時30分左右傳出槍響;上百萬人聚集的歡樂慶祝現場頓時陷入混亂,造成一人死亡、29人受傷,傷者包括八名幼童和19人槍傷,警方已逮捕三名嫌犯。 槍響前 酋長隊誓言明年拿第3座冠軍盃 堪薩斯城酋長隊14日舉行封王遊行,當天天氣異常暖和,吸引更多人共襄盛舉,市府官員估計遊行人數可能逾百...","密蘇里州 堪薩斯城聯合車站(Union Station)附近外區域14日舉行職業美式足球聯盟(NFL)堪薩斯城酋長隊(Kansas City Chiefs)慶祝「超級盃」(Super Bowl)封王遊行,孰料當天下午3時30分左右傳出槍響;上百萬人聚集的歡樂慶祝現場頓時陷入混亂,造成一人死亡、29人受傷,傷者包括八名幼童和19人槍傷,警方已逮捕三名嫌犯。 槍響前 酋長隊誓言明年拿第3座冠軍盃 堪薩斯城酋長隊14日舉行封王遊行,當天天氣異常暖和,吸引更多人共襄盛舉,市府官員估計遊行人數可能逾百..."
4418,8710,0.9883,Tveir ákærðir fyrir morð í sigurgöngu Kansas City Chiefs – Vísir,Tveir ákærðir fyrir morð í sigurgöngu Kansas City Chiefs,"Tveir ákærðir fyrir morð í sigurgöngu Kansas City Chiefs Tveir karlmenn eru ákærðir fyrir morð eftir að kona lét lífið og 22 særðust í skotárás í lestarstöð nærri sigurgöngu ameríska fótboltaliðsins Kansas City Chiefs síðasta miðvikudag, fjórum dögum...",Tveir ákærðir fyrir morð í sigurgöngu Kansas City Chiefs Sólrún Dögg Jósefsdóttir skrifar Tveir karlmenn eru ákærðir fyrir morð eftir að kona lét lífið og 22 særðust í skotárás í lestarstöð nærri sigurgöngu ameríska fótboltaliðsins Kansas City Chie...
4429,8005,0.9796,2 men are charged with murder in the deadly shooting at Kansas City’s Super Bowl celebration – Lowell Sun,2 men are charged with murder in the deadly shooting at Kansas City's Super Bowl celebration,"By NICK INGRAM and MARGERY A. BECK (Associated Press) KANSAS CITY, Mo. (AP) — Two men charged with murder in last week’s shooting after the Kansas City Chiefs’ Super Bowl parade were strangers who pulled out guns and began firing within seconds of s...","By Nick Ingram and Margery A. Beck, Associated Press KANSAS CITY, Mo. (AP) — Two men charged with murder in last week’s shooting after the Kansas City Chiefs’ Super Bowl parade were strangers who pulled out guns and began firing within seconds of st..."
4445,7442,1.0,Super Bowl geçit törenindeki saldırıda 2 çocuk suçlu bulundu,Super Bowl geçit törenindeki saldırıda 2 çocuk suçlu bulundu,"Kansas City'deki Super Bowl geçit töreninde gerçekleştirilen ve 1 kişinin ölümü ile 22 kişinin yaralanmasına neden olan silahlı saldırıda 2 çocuk suçlu bulundu. Mahkemeden yapılan açıklamada, her ikisi de 18 yaşın altındaki iki şüphelinin silahlı ol...","Kansas City’deki Super Bowl geçit töreninde gerçekleştirilen ve 1 kişinin ölümü ile 22 kişinin yaralanmasına neden olan silahlı saldırıda 2 çocuk suçlu bulundu. Mahkemeden yapılan açıklamada, her ikisi de 18 yaşın altındaki iki şüphelinin silahlı ol..."
4464,5252,0.9541,偕家人參加堪薩斯遊行 西裔知名DJ成槍下亡魂,偕家人參加堪薩斯遊行 西裔知名DJ成槍下亡魂 | 美國新聞,"堪薩斯城聯合車站前槍案,西裔社區知名DJ麗莎G遭流彈射中死亡。(取自Latin Groove News臉書) 職業美式足球聯盟(NFL)堪薩斯城酋長隊(Kansas City Chiefs)贏得「超級盃」(Super Bowl)後,14日舉行封王遊行,當天下午卻爆出槍手掃射羣衆,目前已知造成1人死亡、22人受傷,傷者包括九名兒童;警方和電臺KKFI-FM證實,死者爲當地西裔社區知名的音樂節目主持人麗莎‧羅培茲-加爾萬(Lisa Lopez-Galvan)。 美聯社報導,麗莎與丈夫、兒子參加堪...","職業美式足球聯盟(NFL)堪薩斯城酋長隊(Kansas City Chiefs)贏得「 超級盃」(Super Bowl)後,14日舉行封王遊行,當天下午卻爆出槍手掃射群眾,目前已知造成1人死亡、22人受傷,傷者包括九名兒童;警方和電台KKFI-FM證實,死者為當地西裔社區知名的音樂節目主持人麗莎‧羅培茲-加爾萬(Lisa Lopez-Galvan)。 美聯社報導,麗莎與丈夫、兒子參加堪薩斯城聯合車站(Union Station)外的遊行,卻不幸被流彈奪去性命。友人拉米雷斯(Martha Ram..."
4470,7198,0.9675,AP News in Brief at 9:04 p.m. EST,AP News Summary at 9:56 p.m. EST,"Ex-FBI informant charged with lying about Bidens had Russian intelligence contacts, prosecutors say LAS VEGAS (AP) — A former FBI informant charged with making up a multimillion-dollar bribery scheme involving President Joe Biden, his son Hunter and...","Ex-FBI informant charged with lying about Bidens had Russian intelligence contacts, prosecutors say LAS VEGAS (AP) — Prosecutors say a former FBI informant charged with making up a multimillion-dollar bribery scheme involving President Joe Biden, hi..."
4481,8483,0.9533,Prayer Request Rip Lisa Lopez-galvan,Prayer Request Rip Lisa Lopez-galvan,It was a needless tragedy. RIP.,Two children. This is a tragedy. RIP
4486,6403,0.9524,Investigators search for what motivated a shooting that left 1 dead and more than 20 injured at Chiefs Super Bowl celebration,Investigators search for what motivated a shooting that left 1 dead and more than 20 injured at Chiefs Super Bowl celebration - WSVN 7News,"Police are working to determine who opened fire and what motivated a shooting that killed one and wounded more than 20 others at the end of the Kansas City Chiefs’ Super Bowl victory rally, sending fans clad in red jerseys running, taking cover or te...","(CNN) — Police are working to determine who opened fire and what motivated a shooting that killed one and wounded more than 20 others at the end of the Kansas City Chiefs’ Super Bowl victory rally, sending fans clad in red jerseys running, taking cov..."
4509,7190,0.9662,Taylor Swift dona 100 mil dólares a familia de mexicana víctima de tiroteo en Kansas,Taylor Swift dona 100 MIL dólares a familia de mujer de origen mexicano que murió en tiroteo en el desfile de Chiefs,"Taylor Swift hizo este viernes una donación de 100 mil dólares a la familia de Lisa Lopez-Galván, la mexicana que murió en el tiroteo que se dio durante el desfile de Kansas City Chiefs, equipo campeón de la NFL y ganador del Super Bowl 2024. El mi...","Taylor Swift hizo este viernes una donación de 100 mil dólares a la familia de Lisa López-Galván, la mexicana que murió en el tiroteo que se dio durante el desfile de Kansas City Chiefs, equipo campeón de la NFL y ganador del Super Bowl 2024. El m..."
4512,5814,1.0,"Taylor Swift donates $100,000 to family of woman killed in Super Bowl parade shooting","Taylor Swift donates $100,000 to family of woman killed in Super Bowl parade shooting","Taylor Swift donates $100,000 to family of woman killed in Super Bowl parade shooting The US superstar shared her condolences with the family of Lisa Lopez-Galvan, 44, who was killed in a mass shooting during the football team’s victory parade at Un...","Taylor Swift donates $100,000 to family of woman killed in Super Bowl parade shooting The US superstar shared her condolences with the family of Lisa Lopez-Galvan, 44, who was killed in a mass shooting during the football team's victory parade at Un..."
4517,7206,0.9514,Two adults charged with murder in Chiefs parade shooting - ESPN,2 adults charged with murder in parade shooting,"ESPN News Services Feb 20, 2024, 03:17 PM ET KANSAS CITY, Mo. -- Missouri prosecutors said Tuesday that two adults have been charged with murder in last week's shooting that killed one person and injured 22 others after the Kansas City Chiefs' Supe...","ESPN News Services Feb 20, 2024, 03:17 PM ET KANSAS CITY, Mo. — Missouri prosecutors said Tuesday that two adults have been charged with murder in last week’s shooting that killed one person and injured 22 others after the Kansas City Chiefs‘ Super..."
4554,6803,1.0,2 juveniles charged in mass shooting at the Kansas City Chiefs Super Bowl parade,2 juveniles charged in mass shooting at the Kansas City Chiefs Super Bowl parade – Chicago Tribune,"By NICK INGRAM, SCOTT MCFETRIDGE and JIM SALTER - Associated Press KANSAS CITY, Mo. (AP) — Two juveniles were charged with crimes connected to the mass shooting at the Kansas City Chiefs’ Super Bowl rally, authorities said Friday, as the city tries...","By NICK INGRAM, SCOTT MCFETRIDGE and JIM SALTER (Associated Press) KANSAS CITY, Mo. (AP) — Two juveniles were charged with crimes connected to the mass shooting at the Kansas City Chiefs’ Super Bowl rally, authorities said Friday, as the city tries ..."
4557,4763,1.0,Fusillade à Kansas City : la police affirme qu’une dispute a conduit à une fusillade lors du défilé du Super Bowl,Fusillade à Kansas City : la police affirme qu’une dispute a conduit à une fusillade lors du défilé du Super Bowl,"15 février 2024, 16h02 GMT Mis à jour il y a 5 minutes Pour lire ce contenu, veuillez activer JavaScript ou essayer un autre navigateur Légende de la vidéo, Regarder : La police de Kansas City salue le courage de la ville après la fusillade La police...","15 février 2024, 16h02 GMT Mis à jour il y a 8 minutes Pour lire ce contenu, veuillez activer JavaScript ou essayer un autre navigateur Légende de la vidéo, Regarder : La police de Kansas City salue le courage de la ville après la fusillade La police..."
4557,8373,0.9501,Fusillade à Kansas City : la police affirme qu’une dispute a conduit à une fusillade lors du défilé du Super Bowl,"Tir à Kansas City : une dispute a conduit à des coups de feu après le défilé du Super Bowl, selon la police","15 février 2024, 16h02 GMT Mis à jour il y a 5 minutes Pour lire ce contenu, veuillez activer JavaScript ou essayer un autre navigateur Légende de la vidéo, Regarder : La police de Kansas City salue le courage de la ville après la fusillade La police...","15 février 2024, 16h02 GMT Mis à jour il y a 2 heures Pour lire ce contenu, veuillez activer JavaScript ou essayer un autre navigateur Légende de la vidéo, Regarder : La police de Kansas City salue le courage de la ville après la fusillade La police ..."
4559,8459,1.0,Patrick Mahomes visita a víctimas del tiroteo en Kansas City,Patrick Mahomes visita a víctimas del tiroteo en Kansas City,"El quarterback de los Kansas City Chiefs, Patrick Mahomes, y su esposa, Brittany Mahomes, visitaron el Children’s Mercy Hospital en Overland Park, Kansas, para visitar a algunos pequeños que fueron víctimas del tiroteo masivo en el desfile del Super ...","El quarterback de los Kansas City Chiefs, Patrick Mahomes, y su esposa, Brittany Mahomes, visitaron el Children's Mercy Hospital en Overland Park, Kansas, para visitar a algunos pequeños que fueron víctimas del tiroteo masivo en el desfile del Super ..."
4568,5735,0.9557,"Polizeibeamte sagen, die Schießerei in Kansas City sei vermutlich auf einen persönlichen Streit zurückzuführen","Polizeibeamte sagen, die Schießerei in Kansas City sei vermutlich auf einen persönlichen Streit zurückzuführen","Kansas City, Missouri — Zwei Jugendliche wurden im Zusammenhang mit der Schießerei am Mittwoch nach der Super-Bowl-Feier der Kansas City Chiefs festgenommen, bei der einer getötet und mehr als 20 verletzt wurden, teilte die Polizei mit. Mindestens...","Kansas City, Missouricnn— Zwei Jugendliche wurden im Zusammenhang mit der Schießerei am Mittwoch nach der Super-Bowl-Feier der Kansas City Chiefs festgenommen, bei der einer getötet und mehr als 20 verletzt wurden, teilte die Polizei mit. Mindesten..."
4568,7351,0.9572,"Polizeibeamte sagen, die Schießerei in Kansas City sei vermutlich auf einen persönlichen Streit zurückzuführen",Laut Polizei könnte die Schießerei in Kansas City auf einen persönlichen Streit zurückzuführen sein – zwei Jugendliche festgenommen,"Kansas City, Missouri — Zwei Jugendliche wurden im Zusammenhang mit der Schießerei am Mittwoch nach der Super-Bowl-Feier der Kansas City Chiefs festgenommen, bei der einer getötet und mehr als 20 verletzt wurden, teilte die Polizei mit. Mindestens...","Kansas City, Missouri (CNN) – Zwei Jugendliche wurden im Zusammenhang mit der Schießerei am Mittwoch nach der Super-Bowl-Feier der Kansas City Chiefs festgenommen, bei der einer getötet und mehr als 20 verletzt wurden, teilte die Polizei mit. Mindes..."
4574,7698,0.9506,"Shooting after Chiefs Super Bowl parade seemed to stem from dispute among several people, police say","Shooting after Chiefs Super Bowl parade seemed to stem from dispute among several people, police say","KANSAS CITY, Mo. (AP) — Authorities in Kansas City said Thursday that the mass shooting that unfolded amid throngs of people at the Chiefs’ appeared to stem from a dispute between several people. Police Chief Stacey Graves said that 22 people injure...","KANSAS CITY, Mo. (AP) — Authorities in Kansas City said Thursday that the mass shooting that unfolded amid throngs of people at the Chiefs’ appeared to stem from a dispute between several people. Police Chief Stacey Graves said that the 22 people in..."
4592,6386,1.0,Prayer Request Rip Lisa Lopez-galvan,Prayer Request Rip Lisa Lopez-galvan,Here is her go fund me,Is there a go fund me?
4648,5684,1.0,Taylor Swift donates 100K to Chiefs parade shooting victim’s family – NEWS10 ABC,Taylor Swift donates $100K to Chiefs parade shooting victim’s family – FOX 2,"Taylor Swift donates 100K to Chiefs parade shooting victim's family News Taylor Swift made two donations to the GoFundMe for Lisa Lopez-Galvan, the victim who died in the shooting at the end of the Chiefs parade and rally,.","Taylor Swift donates $100K to Chiefs parade shooting victim's family News Taylor Swift made two donations to the GoFundMe for Lisa Lopez-Galvan, the victim who died in the shooting at the end of the Chiefs parade and rally,."
4656,7046,0.9699,"Kansas City parade shooting victim's family speaks out: ""She was really happy to be there""","Kansas City parade shooting victim's family speaks out: ""She was really happy to be there""","Kansas City parade shooting victim's family speaks out: ""She was really happy to be there"" Two teenagers are expected to face charges today in connection with a mass shooting at the Kansas City Chiefs' Super Bowl parade. Police say the shooting bega...","Kansas City parade shooting victim's family speaks out: ""She was really happy to be there"",Two teenagers are expected to face charges today in connection with a mass shooting at the Kansas City Chiefs' Super Bowl parade. Police say the shooting began..."
4683,8449,1.0,Witness encourages others to seek help after shooting at Chiefs rally,"Free therapy available after shooting at Chiefs rally, witness encourages others to seek help","KANSAS CITY, Mo. — Laura Cooper thought she had the perfect spot near the stage for Wednesday’s Chiefs Super Bowl rally. Turns out that spot put her life in in jeopardy. “I was only, I don’t know, maybe five feet away, and I heard pop, pop pop,” Coop...","KANSAS CITY, Mo. — Laura Cooper thought she had the perfect spot near the stage for Wednesday's Chiefs Super Bowl rally. Turns out that spot put her life in in jeopardy. “I was only, I don’t know, maybe five feet away, and I heard pop, pop pop,” Co..."
4686,7793,1.0,"Shooting after Chiefs Super Bowl parade seemed to stem from dispute, police say","Shooting after Chiefs Super Bowl parade seemed to stem from dispute among several people, police say","KANSAS CITY, Mo. - The shooting that left one person dead and nearly two dozen injured after the Kansas City Chiefs Super Bowl parade appeared to stem from a dispute between several people, police said Thursday. Police Chief Stacey Graves said the ...","KANSAS CITY, Mo. — The shooting that left one person dead and nearly two dozen injured after the Kansas City Chiefs Super Bowl parade appeared to stem from a dispute between several people, police said Thursday. Police Chief Stacey Graves said the v..."
4693,5019,0.9759,2 juveniles charged in shooting at Chiefs’ parade,2 juveniles charged in mass shooting at Chiefs' parade - ESPN,"Feb 16, 2024, 01:25 PM ET KANSAS CITY, Mo. — Two juveniles have been charged with crimes connected to the shooting at the Kansas City Chiefs‘ Super Bowl rally, authorities said Friday. A news release from the Jackson County Family Court said the ju...","Feb 16, 2024, 01:25 PM ET KANSAS CITY, Mo. -- Two juveniles have been charged with crimes connected to the shooting at the Kansas City Chiefs' Super Bowl rally, authorities said Friday. A news release from the Jackson County Family Court said the j..."
4698,6667,0.9759,Schüsse bei Super-Bowl-Parade: Radio-Moderatorin (44) stirbt - Augenzeugen schildern tragischen Moment,Schüsse bei Super-Bowl-Parade: Radio-Moderatorin (44) stirbt - Augenzeugen schildern tragischen Moment,"Schüsse bei Super-Bowl-Parade: Polizei nimmt minderjährige Verdächtige fest 15.02.2024, 18:16 Uhr Während der Super-Bowl-Parade der Kansas City Chiefs fallen Schüsse. Ein Mensch stirbt, mehr als 20 werden verletzt. Wieder wird Kritik an den Waffenr...","Schüsse bei Super-Bowl-Parade: Polizei nimmt minderjährige Verdächtige fest 15.02.2024, 18:19 Uhr Während der Super-Bowl-Parade der Kansas City Chiefs fallen Schüsse. Ein Mensch stirbt, mehr als 20 werden verletzt. Wieder wird Kritik an den Waffenr..."
4709,5159,0.9848,Editorial: Half the KC Chiefs rally shooting victims were kids. Could the Missouri GOP care less? | Op Eds,Half the KC Chiefs rally shooting victims were kids. Could the Missouri GOP care less? | Opinion,"Even after at least nine children were treated for gunshot wounds at a Kansas City hospital, Missouri Republicans still won’t address the state’s loose gun laws. And that stubborn resistance to reform is irresponsible if not outright dangerous. One...","Even after at least nine children were treated for gunshot wounds at a Kansas City hospital, Missouri Republicans still won’t address the state’s loose gun laws. And that stubborn resistance to reform is irresponsible if not outright dangerous. Fro..."
4722,6595,0.9801,Chiefs de Kansas City : deux accusés de meurtre pour la fusillade du défilé du Super Bowl,Deux autres accusés pour une fusillade lors du défilé du Super Bowl,"Par Bernd Debusmann Jr. BBC News, Washington 20 février 2024, 20h50 GMT Mis à jour il y a 29 minutes Source des images, Getty Images Légende, Une personne a été tuée et 22 autres blessées lors de la fusillade du 14 février à Kansas City. Deux hommes ...","Par Bernd Debusmann Jr. BBC News, Washington 20 février 2024, 20h50 GMT Mis à jour il y a 19 minutes Source des images, Getty Images Légende, Une personne a été tuée et 22 autres blessées lors de la fusillade du 14 février à Kansas City. Deux hommes ..."
4723,6332,0.9782,"Patrick, Brittany Mahomes visit children wounded after Chiefs Victory Rally shooting in hospital","Patrick, Brittany Mahomes visit children wounded after Chiefs Victory Rally shooting in hospital","KANSAS CITY, Missouri ( KMBC) — The family of the woman shot and killed after a fight broke out at the Kansas City Chiefs Victory Rally and Parade are thanking the community for an outpouring of support not only for Elizabeth “Lisa” Lopez-Galvan, but...","KANSAS CITY, Missouri ( KMBC) -- The family of the woman shot and killed after a fight broke out at the Kansas City Chiefs Victory Rally and Parade are thanking the community for an outpouring of support not only for Elizabeth ""Lisa"" Lopez-Galvan, bu..."
4729,5538,1.0,"Bystanders tackled suspected gunman in Kansas City shooting, video shows","Bystanders tackled suspected gunman in Kansas City shooting, video shows","Police confirm three people arrested after one killed and at least 21 injured in attack during Chiefs’ Super Bowl victory parade Video footage has emerged that shows bystanders tackling a suspected gunman in the Super Bowl victory parade shooting, i...","Police confirm three people arrested after one killed and at least 21 injured in attack during Chiefs’ Super Bowl victory parade Video footage has emerged that shows bystanders tackling a suspected gunman in the Super Bowl victory parade shooting, in..."
4733,7548,1.0,Kansas Mother Dies in Chiefs Super Bowl Parade Shooting,Kansas Mother Dies in Chiefs Super Bowl Parade Shooting,"Kansas Mother Dies in Chiefs Super Bowl Parade Shooting There’s now a name, family and story to one of the fatalities in the Kansas City Chiefs Super Bowl parade shooting — a mother of 2 has been identified as a victim. Lisa Lopez-Galvan, a Chiefs f...","Kansas Mother Dies in Chiefs Super Bowl Parade Shooting There's now a name, family and story to one of the fatalities in the Kansas City Chiefs Super Bowl parade shooting -- a mother of 2 has been identified as a victim. Lisa Lopez-Galvan, a Chiefs ..."
4772,5143,0.9575,"Taylor Swift Gave a Not-So-Subtle Nod To Boyfriend Travis Kelce While in Melbourne, Australia","Taylor Swift gives a very subtle nod to her boyfriend Travis Kelce in Melbourne, Australia","Taylor Swift may be half a world away from boyfriend Travis Kelce, but that doesn't mean she isn't finding ways to keep him close. After finishing up her ""Eras Tour"" stop in Melbourne, Australia, the ""Shake It Off"" singer was photographed wearing a ...","Taylor Swift may be half the world away from her boyfriend Travis Kelce, but that doesn't mean she's not finding ways to keep him close. After finishing her “Eras Tour” stop in Melbourne, Australia, the “Shake It Off” singer was photographed wearing..."
4772,7950,1.0,"Taylor Swift Gave a Not-So-Subtle Nod To Boyfriend Travis Kelce While in Melbourne, Australia","Taylor Swift Gave a Not-So-Subtle Nod To Boyfriend Travis Kelce While in Melbourne, Australia","Taylor Swift may be half a world away from boyfriend Travis Kelce, but that doesn't mean she isn't finding ways to keep him close. After finishing up her ""Eras Tour"" stop in Melbourne, Australia, the ""Shake It Off"" singer was photographed wearing a ...","Taylor Swift may be half a world away from boyfriend Travis Kelce, but that doesn’t mean she isn’t finding ways to keep him close. After finishing up her “Eras Tour” stop in Melbourne, Australia, the “Shake It Off” singer was photographed wearing a ..."
4813,6686,0.9569,Super Bowl Parade Rocked by Tragedy,Super Bowl Parade Rocked by Tragedy,"Quarterback Patrick Mahomes led the Kansas City Chiefs to a back-to-back Super Bowl win on February 11. The overtime win against the San Francisco 49ers was the third championship win for the team in just five years. Sadly, when the team brought the ...","(UnitedVoice.com) – Quarterback Patrick Mahomes led the Kansas City Chiefs to a back-to-back Super Bowl win on February 11. The overtime win against the San Francisco 49ers was the third championship win for the team in just five years. Sadly, when t..."
4827,8204,1.0,Woman killed during a celebration of Chiefs’ Super Bowl win to be remembered at funeral,Woman killed during a celebration of Chiefs’ Super Bowl win to be remembered at funeral,"KANSAS CITY, Mo. (AP) — A Kansas City area DJ who was killed during a celebration of the Chiefs’ Super Bowl victory was set to be remembered Saturday during funeral services attended by friends and family. Lisa Lopez-Galvan was one of around two doz...","KANSAS CITY, Mo. (AP) — A Kansas City area DJ who was killed during a celebration of the Chiefs' Super Bowl victory was set to be remembered Saturday during funeral services attended by friends and family. Lisa Lopez-Galvan was one of around two doz..."
4832,7609,1.0,Tiroteio deixa 1 morto e 8 crianças feridas em desfile do Super Bowl nos EUA; Travis Kelce desabafa,Tiroteio deixa 1 morto e 8 crianças feridas em desfile do Super Bowl nos EUA; Travis Kelce desabafa – São Bento em Foco – Noticias de São Bento – Paraíba – Brasil,"Ao menos 22 pessoas foram baleadas, nesta quarta-feira (14), durante um ataque a tiros no final do desfile do Kansas City Chiefs, em Kansas, nos Estados Unidos. A equipe celebrava a vitória no Super Bowl. Segundo a Associated Press, 8 crianças fica...","Ao menos 22 pessoas foram baleadas, nesta quarta-feira (14), durante um ataque a tiros no final do desfile do Kansas City Chiefs, em Kansas, nos Estados Unidos. A equipe celebrava a vitória no Super Bowl. Segundo a Associated Press, 8 crianças ficara..."
4868,6888,1.0,,美國堪薩斯超級碗勝利巡遊槍擊1死22傷 2男子被控謀殺,"美國密蘇里州(Missouri)堪薩斯市(Kansas)2月14日發生槍擊,1人死亡,22人受傷,2名男子20日被控謀殺。 密蘇里州檢察官表示,米勒(Dominic Miller)和梅斯(Lyndell Mays)被控犯有包括二級謀殺罪在內的罪名。 警方指,當天數人爭執導致槍擊事件發生,被告14日攜槍參加超級碗勝利巡遊,與人發生言語爭執後開槍,梅斯當時「幾乎立即率先拔出手槍」,米勒則開槍擊斃一名女子。 堪薩斯14日舉行勝利巡遊期間發生槍擊,聯合車站附近22人中槍,其中1人死亡,大批圍觀人士紛紛逃...","美國密蘇里州(Missouri)堪薩斯市(Kansas)2月14日發生槍擊,1人死亡,22人受傷,2名男子20日被控謀殺。 密蘇里州檢察官表示,米勒(Dominic Miller)和梅斯(Lyndell Mays)被控犯有包括二級謀殺罪在內的罪名。 警方指,當天數人爭執導致槍擊事件發生,被告14日攜槍參加超級碗勝利巡遊,與人發生言語爭執後開槍,梅斯當時「幾乎立即率先拔出手槍」,米勒則開槍擊斃一名女子。 堪薩斯14日舉行勝利巡遊期間發生槍擊,聯合車站附近22人中槍,其中1人死亡,大批圍觀人士..."
4890,8585,0.9889,"Ella era Lisa López Galván, mexicana que murió en balacera en Kansas City | Shorts | Ciro","Ella era Lisa López-Galván, mexicana que murió en balacera durante festejos de los “Chiefs” | Ciro","#Shorts La mujer fallecida en el #tiroteo durante los festejos de los “Chiefs” de #KansasCity fue identificada como Lisa López-Galván, hija de migrantes mexicanos, quien trabajaba como DJ y locutora en una estación de radio local. Tenía 43 años. DEP Visita nuestro sitio Web: Mantente siempre informado con las noticias sobre los acontecimientos más importantes a nivel nacional e internacional. Síguenos en nuestras redes: Instagram: @imagentvnoticias Tiktok: @imagennoticias Twitter: @ImagenNoticias_ Facebook:","#CiroEnImagen La mujer fallecida en el #tiroteo durante los festejos de los “Chiefs” de #KansasCity fue identificada como Lisa López-Galván, hija de migrantes mexicanos, quien trabajaba como DJ y locutora en una estación de radio local. Tenía 43 años. DEP Visita nuestro sitio Web: Mantente siempre informado con las noticias sobre los acontecimientos más importantes a nivel nacional e internacional. Síguenos en nuestras redes: Instagram: @imagentvnoticias Tiktok: @imagennoticias Twitter: @ImagenNoticias_ Facebook:"
4893,6236,0.9734,"Taylor Swift Donates $100,000 To Family Of Kansas City Chiefs Parade Shooting Victim","Taylor Swift Donates $100,000 to Family of Kansas City Chiefs Parade Shooting Victim","Taylor Swift has donated $100,000 to the family of the woman who was fatally shot at the Kansas City Chiefs’ Super Bowl parade on Wednesday, a representative for the pop singer told Variety. [time-brightcove not-tgx=”true”] Friday morning, two $50,00...","Taylor Swift has donated $100,000 to the family of the woman who was fatally shot at the Kansas City Chiefs’ Super Bowl parade on Wednesday, a representative for the pop singer told Variety. [time-brightcove not-tgx=”true”] Friday morning, two $50,0..."
4910,6513,1.0,Two teenagers charged in mass shooting at the Kansas City Chiefs Super Bowl parade,Two teenagers charged in mass shooting at the Kansas City Chiefs Super Bowl parade,"Two teenagers were charged with crimes connected to the mass shooting at the Kansas City Chiefs' Super Bowl rally, authorities said Friday, as the city tries to recover in the aftermath of the violence. A news release from the Jackson County Family ...","Two teenagers were charged with crimes connected to the mass shooting at the Kansas City Chiefs’ Super Bowl rally, authorities said Friday, as the city tries to recover in the aftermath of the violence. A news release from the Jackson County Family ..."
4918,6713,0.9882,Taylor Swift Gives $100K to Family of Super Bowl Parade Shooting Victim,Taylor Swift Gives $100K to Family of Super Bowl Parade Shooting Victim,"Taylor Swift on Friday donated $100,000 to a fundraiser for the grieving family of Lisa Lopez-Galvan, the Kansas City radio DJ killed in a shooting at a parade to celebrate the Chiefs’ Super Bowl win this week. A GoFundMe page for the relatives of Lo...","Taylor Swift on Friday donated $100,000 to a fundraiser for the grieving family of Lisa Lopez-Galvan, the Kansas City radio DJ killed in a shooting at a parade to celebrate the Chiefs’ Super Bowl win this week. A GoFundMe page for the relatives of L..."
4921,8748,0.955,超級碗集會DJ遇難 泰勒絲向其家人捐10萬美元,超級碗集會DJ遇難 泰勒絲向其家人捐10萬美元,"【大紀元2024年02月17日訊】(大紀元記者李言綜合報導)在本週早些時候的 超級碗集會發生致命槍擊案後,美國流行天后 泰勒絲(Taylor Swift)向遇難者麗莎‧洛佩茲-加爾文(Lisa Lopez-Galvan)的家人捐贈了10萬美元(7.9萬英鎊)。 週三(2月14日),球迷們在堪薩斯市中心地標聯合車站(Union Station)外舉行集會,慶祝他們喜愛的堪薩斯城酋長隊(Kansas City Chiefs)贏得本屆 超級碗冠軍。沒想到發生了槍擊案,洛佩茲-加爾文成為唯一的遇難者。...","超級碗集會DJ遇難 泰勒絲向其家人捐10萬美元 【大紀元2024年02月17日訊】(大紀元記者李言綜合報導)在本週早些時候的超級碗集會發生致命槍擊案後,美國流行天后泰勒絲(Taylor Swift)向遇難者麗莎‧洛佩茲-加爾文(Lisa Lopez-Galvan)的家人捐贈了10萬美元(7.9萬英鎊)。 週三(2月14日),球迷們在堪薩斯市中心地標聯合車站(Union Station)外舉行集會,慶祝他們喜愛的堪薩斯城酋長隊(Kansas City Chiefs)贏得本屆超級碗冠軍。沒想到發..."
4928,6653,0.9865,Beloved Kansas city DJ confirmed as the dead victim in parade shooting,"Beloved Kansas City disc jockey and mother-of-two, 44, is confirmed as the dead victim of Kansas City Super Bowl parade that also saw 21 injured – including NINE kids","A Kansas City DJ and mother-of-two has been named as victim killed in the Kansas City Super Bowl parade shooting, which also saw 21 others injured. Three gunmen opened fire inside Union Station shortly after 3:30 pm on Wednesday, seconds after the te...","A Kansas City DJ and mother-of-two has been named as victim killed in the Kansas City Super Bowl parade shooting, which also saw 21 others injured. Three gunmen opened fire inside Union Station shortly after 3:30 pm on Wednesday, seconds after the t..."
4930,7700,0.9575,Taylor Swift donates $100K to fundraiser for family of woman killed in Kansas City Super Bowl parade shooting,Taylor Swift donates $100K to fundraiser for family of woman killed in Kansas City Super Bowl parade shooting,"Taylor Swift is donating $100,000 to a fundraising effort for the family of a woman killed during a mass shooting at the Kansas City Chiefs’ Super Bowl victory parade. The “Delicate” singer, who’s in a highly publicized relationship with Chiefs tigh...","Taylor Swift is donating $100,000 to a fundraising effort for the family of a woman killed during a mass shooting at the Kansas City Chiefs' Super Bowl victory parade. The ""Delicate"" singer, who's in a highly publicized relationship with Chiefs tight..."
4939,7122,0.9508,Acusan de ASESINATO a dos-hombres por TIROTEO en desfile de los Chiefs,Acusan de ASESINATO a dos hombres por TIROTEO en desfile de los Chiefs,"Dos hombres fueron acusados de asesinato por el tiroteo que se registró durante el desfile por la victoria en el Super Bowl LVIII de los Kansas City Chiefs que se saldó con un muerto y 22 heridos, informaron este martes las autoridades. Los otros d...","Foto| AFP Dos hombres fueron acusados de asesinato por el tiroteo que se registró durante el desfile por la victoria en el Super Bowl LVIII de los Kansas City Chiefs que se saldó con un muerto y 22 heridos, informaron este martes las autoridades. L..."
4947,7054,1.0,"Taylor Swift gives $100,000 to Kansas City shooting victim’s fundraiser","Taylor Swift gives $100,000 to Kansas City shooting victim’s fundraiser","Lisa Lopez-Galvan, 43, was the only person killed Wednesday during the shooting that began as the result of a dispute. Her son was also among the 22 victims shot, but he survived. She is survived by her two children and her husband of 22 years. ""Sen...","Lisa Lopez-Galvan, 43, was the only person killed Wednesday during the shooting that began as the result of a dispute. Her son was also among the 22 victims shot, but he survived. She is survived by her two children and her husband of 22 years. “Sen..."
4959,6549,1.0,"Taylor Swift Gives $100,000 to the Family of Woman Killed in KC Chiefs Parade Shooting","Taylor Swift Gives $100,000 to the Family of Woman Killed in KC Chiefs Parade Shooting","■Taylor Swift donates $100,000 to Kansas City shooting victim’s family. ■Donation confirmed by Swift’s representative to Variety. ■The victim was a local radio host and mother of two. KANSAS CITY, Mo. — Taylor Swift donated $100,000 to the family of ...","■Taylor Swift donates $100,000 to Kansas City shooting victim’s family. ■Donation confirmed by Swift’s representative to Variety. ■The victim was a local radio host and mother of two. KANSAS CITY, Mo. — Taylor Swift donated $100,000 to the family ..."
4969,8034,0.9752,"Popular News, 20 Feb 2024 | 15 Minute News - Know the News","Popular News, 18 Feb 2024 | 15 Minute News - Know the News",Popular News Global Popular News for 20 Feb 2024 Taylor Swift leaves Las Vegas shielded by umbrellas after celebrating Travis Kelce's epic Super Bowl triumph until 5am in Sin City - with Blake Lively joining singer on her private jet Daily Mail - ...,Popular News Global Popular News for 18 Feb 2024 Taylor Swift leaves Las Vegas shielded by umbrellas after celebrating Travis Kelce's epic Super Bowl triumph until 5am in Sin City - with Blake Lively joining singer on her private jet Daily Mail - ...
4969,8589,0.9741,"Popular News, 20 Feb 2024 | 15 Minute News - Know the News","Popular News, 19 Feb 2024 | 15 Minute News - Know the News",Popular News Global Popular News for 20 Feb 2024 Taylor Swift leaves Las Vegas shielded by umbrellas after celebrating Travis Kelce's epic Super Bowl triumph until 5am in Sin City - with Blake Lively joining singer on her private jet Daily Mail - ...,Popular News Global Popular News for 19 Feb 2024 Taylor Swift leaves Las Vegas shielded by umbrellas after celebrating Travis Kelce's epic Super Bowl triumph until 5am in Sin City - with Blake Lively joining singer on her private jet Daily Mail - ...
5005,8742,1.0,"Kansas City Super Bowl parade shooting result of ""dispute"" as details emerge",Kansas City Super Bowl parade shooting result of 'dispute',"Up to a million jubilant fans had gathered in unseasonably warm weather for the parade of NFL champions when shots rang out just before 2:00 PM Wednesday. ""There was no nexus to terrorism or homegrown violent extremism. This appeared to be a dispute...","Up to a million jubilant fans had gathered in unseasonably warm weather for the parade of NFL champions when shots rang out just before 2:00 pm Wednesday. ""There was no nexus to terrorism or homegrown violent extremism. This appeared to be a dispute..."
5010,7789,0.9676,"‘Not a monster’: Family of Lyndell Mays, charged in Chiefs rally shooting, speaks out","Family of Lyndell Mays, charged in Chiefs rally shooting, speaks out",The first thing family members of Lyndell Mays want the community to know is that they are sorry people were hurt in the mass shooting at the Kansas City Chiefs Super Bowl victory rally on Valentine’s Day. The second thing is that they believe he act...,The first thing family members of Lyndell Mays want the community to know is that they are sorry people were hurt in the mass shooting at the Kansas City Chiefs Super Bowl victory rally on Valentine’s Day.The second thing is that they believe he acte...
5014,5236,0.9784,Prosecutors charge 2 men with murder in Kansas City Super Bowl parade shooting,Prosecutors charge 2 men with murder in Kansas City Super Bowl parade shooting,Missouri prosecutors said Tuesday that two men have been charged with murder in last week's shooting that killed one person and injured 22 others after the Kansas City Super Bowl parade. Police have said dispute among several people led to gunfire Mi...,Missouri prosecutors said Tuesday that two men have been charged with murder in last week's shooting that killed one person and injured 22 others after the Kansas City Super Bowl parade. Police have said dispute among several people led to gunfire ...
5052,8042,0.9806,"Charges, court docs shed new light on Chiefs parade shooting videos","Charges, court docs shed new light on Chiefs parade shooting videos","KANSAS CITY, Mo. — New charges Tuesday and information about what happened before and after the Chiefs’ Super Bowl rally shooting are giving the Kansas City metro a better indication of what the chaotic video around that incident really shows. Prosec...","KANSAS CITY, Mo. — New charges Tuesday and information about what happened before and after the Chiefs’ Super Bowl rally shooting are giving the Kansas City metro a better indication of what the chaotic video around that incident really shows. Prose..."
5062,5115,1.0,"Taylor Swift donates $100,000 to Kansas shooting victim after Travis Kelce backlash","Taylor Swift donates $100,000 to Kansas shooting victim after Travis Kelce backlash","Taylor Swift donates huge sum to family of Kansas City shooting (Picture: AP) In the wake of the horrific mass shooting at the Kansas City parade, Taylor Swift has donated $100,000 dollars to a fundraiser for the family of one victim. While Taylor ...","Taylor Swift donates huge sum to family of Kansas City shooting (Picture: AP) In the wake of the horrific mass shooting at the Kansas City parade, Taylor Swift has donated $100,000 dollars to a fundraiser for the family of one victim. While Taylor c..."
5068,7101,1.0,Chronologie de la fusillade du défilé des Chiefs de Kansas City et ce que nous savons jusqu'à présent,Chronologie de la fusillade du défilé des Chiefs de Kansas City et ce que nous savons jusqu’à présent,Une personne a été tuée et plus de 20 autres blessées lorsque des coups de feu ont été tirés après un rassemblement mercredi célébrant la victoire des Chiefs de Kansas City au Super Bowl. Bien que les détails de ce qui s'est exactement passé avant q...,Une personne a été tuée et plus de 20 autres blessées lorsque des coups de feu ont été tirés après un rassemblement mercredi célébrant la victoire des Chiefs de Kansas City au Super Bowl. Bien que les détails de ce qui s’est exactement passé avant q...
5110,7360,0.9654,Grandson mourns the loss of woman killed during Kansas City Chiefs parade,Grandson mourns the loss of woman killed during Kansas City Chiefs parade,"Grandson mourns the loss of woman killed during Kansas City Chiefs parade Published: Feb. 19, 2024 at 2:54 PM CST|Updated: 20 minutes ago WICHITA, Kan. ( KWCH/Gray News) - The grandson of a woman who died in a shooting during the Kansas City Chiefs...","Grandson mourns the loss of woman killed during Kansas City Chiefs parade Published: Feb. 19, 2024 at 2:54 PM CST|Updated: 22 minutes ago WICHITA, Kan. ( KWCH/Gray News) - The grandson of a woman who died in a shooting during the Kansas City Chiefs..."
5119,8164,1.0,2 adults are charged with murder in the deadly shooting at Kansas City’s Super Bowl celebration,2 adults are charged with murder in the deadly shooting at Kansas City’s Super Bowl celebration,"Associated Press | ap@dfmdev.com PUBLISHED: February 20, 2024 at 3:09 p.m. | UPDATED: February 20, 2024 at 3:28 p.m. By NICK INGRAM and MARGERY A. BECK (Associated Press) KANSAS CITY, Mo. (AP) — Missouri prosecutors said Tuesday that two men have...","By Associated Press | ap@dfmdev.com PUBLISHED: February 20, 2024 at 3:09 p.m. | UPDATED: February 20, 2024 at 3:28 p.m. By NICK INGRAM and MARGERY A. BECK (Associated Press) KANSAS CITY, Mo. (AP) — Missouri prosecutors said Tuesday that two men h..."
5130,8639,0.956,Two men charged with murder over shooting at Kansas City Chiefs' Super Bowl...,Two men charged with murder over shooting at Kansas City Chiefs' Super Bowl celebrations,"Two men charged with murder over shooting at Kansas City Chiefs' Super Bowl celebrations 20 February 2024, 21:08 | Updated: 20 February 2024, 21:37 Two men have been charged with murder in connection with a fatal shooting following the Kansas City ...","Two men charged with murder over shooting at Kansas City Chiefs' Super Bowl celebrations 20 February 2024, 21:08 | Updated: 20 February 2024, 21:27 Two men have been charged with murder in connection with a fatal shooting following the Kansas City ..."
5168,8698,0.9505,THIS IS THE CHRONICLES OF EFREM: The Daily Buzz For Feb 19☕📰☕,THIS IS THE CHRONICLES OF EFREM: The Daily Buzz For Feb 19☕📰☕,"#MAGFAB: Beyoncé for Essence - March/April 2024! On Wednesday (Feb. 14), ESSENCE shared the cover of their upcoming March/April 2024 issue with Beyoncé. As explained in the description, the publication’s feature will touch on the legacy of Black hai...","The Daily Buzz For Feb 19☕📰☕ #MAGFAB: Beyoncé for Essence - March/April 2024 On Wednesday (Feb. 14), ESSENCE shared the cover of their upcoming March/April 2024 issue with Beyoncé. As explained in the description, the publication’s feature will to..."
5219,5608,1.0,Kansas City Shooting Seen From New Angle in Surveillance Footage,Kansas City Shooting Seen From New Angle in Surveillance Footage,"A surveillance camera pointing at the historic railway station at the edge of Kansas City shows a new angle on the mass shooting that left one dead and 21 injured on Wednesday at the end of Kansas City Chiefs’ Super Bowl celebration. The footage, sh...","A surveillance camera pointing at the historic railway station at the edge of Kansas City shows a new angle on the mass shooting that left one dead and 21 injured on Wednesday at the end of Kansas City Chiefs' Super Bowl celebration. The footage, sh..."
5235,5833,1.0,Kansas City Chiefs parade shooting charges filed against 2 youths,Kansas City Chiefs parade shooting charges filed against 2 juveniles,"Two juveniles were charged in connection with a shooting that left one person dead and 22 wounded at a parade celebrating the Kansas City Chiefs Super Bowl victory, police said Friday. The two face charges of “gun-related and resisting arrest charge...","Two juveniles were charged in connection with a shooting that left one person dead and 22 wounded at a parade celebrating the Kansas City Chiefs Super Bowl victory, police said Friday. The two face charges of ""gun-related and resisting arrest charge..."
5239,5860,0.9699,"Taylor Swift Donates $100K to the GoFundMe for Lisa Lopez-Galvan, who was killed tragically after the Chiefs Celebration Parade","Taylor Swift Donates $100K to the GoFundMe for Lisa Lopez-Galvan, who was killed tragically after the Chiefs Celebration Parade","For people asking why 2 x $50k and if it was a mistake... $50k is a cap.. she ran into it before back in 2015 (it was $15,000) so gofundme raised it to $50k - here it's mentioned in an article: ""Inspired by Swift’s generosity, GoFundMe has now decided to increase its donation limit from $15,000 to $50,000.""","$50k is a cap.. she ran into it before back in 2015 (it was $15,000) so gofundme raised it to $50k - here it's mentioned in an article: ""Inspired by Swift’s generosity, GoFundMe has now decided to increase its donation limit from $15,000 to $50,000."""
5242,6371,0.9896,Super Bowl: Δύο κατηγορούμενοι για τους πυροβολισμούς με μια γυναίκα νεκρή και 22 τραυματίες,Super Bowl: Δύο κατηγορούμενοι για τους πυροβολισμούς - Επικαιρότητα,"Super Bowl: Δύο κατηγορούμενοι για τους πυροβολισμούς με μια γυναίκα νεκρή και 22 τραυματίες Σύμφωνα με το BBC, οι πυροβολισμοί προήλθαν από τη διαμάχη των δύο ανδρών. Δύο άνδρες είναι κατηγορούμενοι για τους πυροβολισμούς που κόστισαν τη ζωή σε μί...","Super Bowl: Δύο κατηγορούμενοι για τους πυροβολισμούς με μια γυναίκα νεκρή και 22 τραυματίες Σύμφωνα με το BBC, οι πυροβολισμοί προήλθαν από τη διαμάχη των δύο ανδρών Δύο άνδρες είναι κατηγορούμενοι για τους πυροβολισμούς που κόστισαν τη ζωή σε μία..."
5246,6408,0.9594,Taylor Swift dona 100 mdd a familia de mexicana asesinada en Kansas City,LA CANTANTE TAYLOR SWIFT DONA 100 MIL DÓLARES A FAMILIA DE MEXICANA ASESINADA EN KANSAS CITY — Macronews,"Taylor Swift mostró su solidaridad al donar la inmensa cantidad de 100 millones de dólares a la familia de la mexicana Lisa López-Galván, quien perdió la vida en el tiroteo que interrumpió el desfile de victoria de los Chiefs en Kansas City. El repr...","Taylor Swift mostró su solidaridad al donar la inmensa cantidad de 100 mil dólares a la familia de la mexicana Lisa López-Galván, quien perdió la vida en el tiroteo que interrumpió el desfile de victoria de los Chiefs en Kansas City. El representant..."
5247,6617,1.0,"1 dead, 21 hurt in shooting near end of Chiefs' Super Bowl parade","NFL News: 1 dead, 21 hurt in shooting near end of Chiefs' SB parade","One person was killed and at least 21 others were injured Wednesday when gunshots were fired at the conclusion of the Kansas City Chiefs' Super Bowl parade and celebration. Stacey Graves, police chief of the Kansas City (Mo.) Police Department, said...","One person was killed and at least 21 others were injured Wednesday when gunshots were fired at the conclusion of the Kansas City Chiefs’ Super Bowl parade and celebration. Stacey Graves, police chief of the Kansas City (Mo.) Police Department, said..."
5268,8416,1.0,"Kansas City radio DJ, mom of 2 killed in shooting after Chiefs' Super Bowl celebration","Kansas City radio DJ, mom of 2 killed in shooting after Chiefs' Super Bowl celebration",Paul Mauro on Super Bowl parade shooting: You always plan for the worst Former NYPD officer Paul Mauro reacts to reports shots were fired near the Kansas City Chiefs' Super Bowl parade on 'The Story with Martha MacCallum.' A beloved radio disc jock...,Paul Mauro on Super Bowl parade shooting: You always plan for the worst Former NYPD officer Paul Mauro reacts to reports shots were fired near the Kansas City Chiefs’ Super Bowl parade on ‘The Story with Martha MacCallum.’ A beloved radio disc jock...
5278,7434,0.9617,Shingles Natural Remedies: Radio DJ Lisa Lopez-Galvan Killed in Shooting at Kansas City Parade,Digital Mail: Radio DJ Lisa Lopez-Galvan Killed in Shooting at Kansas City Parade,"The Kansas City community is mourning a devastating loss. In the wake of the mass shooting that occurred on Feb. 14 during the Kansas City Chiefs Super Bowl Parade, the identity of the person... February 15, 2024 at 07:23AM Denbo Pennsylvania Hort...","The Kansas City community is mourning a devastating loss. In the wake of the mass shooting that occurred on Feb. 14 during the Kansas City Chiefs Super Bowl Parade, the identity of the person... February 15, 2024 at 07:23AM Niantic Connecticut Bar..."
5278,8723,0.9555,Shingles Natural Remedies: Radio DJ Lisa Lopez-Galvan Killed in Shooting at Kansas City Parade,Mail Forwarding: Radio DJ Lisa Lopez-Galvan Killed in Shooting at Kansas City Parade,"The Kansas City community is mourning a devastating loss. In the wake of the mass shooting that occurred on Feb. 14 during the Kansas City Chiefs Super Bowl Parade, the identity of the person... February 15, 2024 at 07:23AM Denbo Pennsylvania Hort...","The Kansas City community is mourning a devastating loss. In the wake of the mass shooting that occurred on Feb. 14 during the Kansas City Chiefs Super Bowl Parade, the identity of the person... February 15, 2024 at 07:23AM Moulton Texas Wappapell..."
5286,5943,1.0,Patrick And Brittany Mahomes Donate $50k To Chiefs' Fund For Shooting Victims,Patrick And Brittany Mahomes Donate $50k To Chiefs' Fund For Shooting Victims,"The Mahomes family is doing whatever it can to help following the Kansas City shooting ... with Patrick, Brittanyand their foundation donating $50,000 to the Chiefs’ fundraiser for victims and others impacted by the tragedy. The Super Bowl champions...","The Mahomes family is doing whatever it can to help following the Kansas City shooting ... with Patrick, Brittanyand their foundation donating $50,000 to the Chiefs’ fundraiser for victims and others impacted by the tragedy. The Super Bowl champions ..."
5292,6669,0.9704,POLICIJA OTKRILA RAZLOG SMRTONOSNE PUCNJAVE NA PARADI POBJEDNIKA SUPER BOWLA,Svađa izazvala pucnjavu i ubojstvo na slavljeničkoj paradi Kansas City Chiefsa,"Tri maloljetne osobe privedene su tokom istrage, rekla je šefica policije Stacey Graves na konferenciji za novinare, dan nakon što je izbila pucnjava u blizini historijske željezničke stanice u centru grada. Dva su maloljetnika zadržana, a treći, za...","Tri maloljetne osobe privedene su tijekom istrage, rekla je šefica policije Stacey Graves na konferenciji za novinare, dan nakon što je izbila pucnjava u blizini povijesnog željezničkog kolodvora u središtu grada. Dva su maloljetnika zadržana, a tre..."
5298,6838,0.9582,‘I did my part’: Kansas man recalls tackling suspect in mass shooting at Chiefs rally,‘I did my part’: Kansas man recalls tackling suspect in mass shooting at Chiefs rally,"KANSAS CITY, Mo. — Trey Filter had a restless night of sleep Wednesday. The 40-year-old Maize, Kansas, man was still trying to process his role in helping catch one of the suspects in the mass shooting that left 22 wounded and one woman dead at the ...",Trey Filter had a restless night of sleep Wednesday. The 40-year-old Maize man was still trying to process his role in helping catch one of the suspects in the mass shooting that left 22 wounded and one woman dead at the end of the Kansas City Chief...
5307,7995,0.9686,Sheriff calls Chiefs rally mass shooting act of ‘domestic terrorism’,Sheriff calls Chiefs rally mass shooting act of ‘domestic terrorism’,"KANSAS CITY — What started as a day of exuberance and celebration with hundreds of thousands of families excited to cheer on their back-to-back Super Bowl champion Chiefs, ended in horror and disbelief Wednesday, Feb. 14, as a mass shooting erupted a...","KANSAS CITY — What started as a day of exuberance and celebration with hundreds of thousands of families excited to cheer on their back-to-back Super Bowl champion Chiefs, ended in horror and disbelief Feb. 14 as a mass shooting erupted at the tail e..."
5310,6204,0.9653,1死22伤，包括9名儿童！超级碗冠军游行爆大规模枪击！,1死22伤！超级碗冠军游行爆大规模枪击-城市频道-万维读者网（电脑版）,"猜你爱看 2月14日周三,堪萨斯城内举办了Chiefs酋长队超级碗冠军游行,当地时间下午2点,在庆祝活动即将结束时,联合车站西侧爆发枪声,多人受伤。 截至2月15日早晨, 警方确认1人死亡,受伤人数上涨至22人。 警方坚信这次枪击源于一场个人纠纷,和恐怖主义或本地极端主义无关,被拘留的3人都卷入了这场纠纷。 最新更新: 枪击案调查仍在继续,3人被捕,7人被审问 1人死亡,受伤人数上涨至22人,其中包括9名儿童 仍2人伤势危急生命,7人受重伤,11人轻伤 死者身份被确认为一名电台主...","2月14日周三,堪萨斯城内举办了Chiefs酋长队超级碗冠军游行,当地时间下午2点,在庆祝活动即将结束时,联合车站西侧爆发枪声,多人受伤。 截至2月15日早晨,警方确认1人死亡,受伤人数上涨至22人。 警方坚信这次枪击源于一场个人纠纷,和恐怖主义或本地极端主义无关,被拘留的3人都卷入了这场纠纷。 最新更新: 枪击案调查仍在继续,3人被捕,7人被审问 1人死亡,受伤人数上涨至22人,其中包括9名儿童 仍2人伤势危急生命,7人受重伤,11人轻伤 死者身份被确认为一名电台主持人Lisa ..."
5317,8031,0.9916,Acusan a dos hombres ​​de asesinato por tiroteo en desfile de los Chiefs de Kansas City,Acusan a dos hombres ​​de asesinato por tiroteo en desfile de los Chiefs de Kansas City,Sobreviviente de Kansas City recrea cómo se protegió del ataque 2:44 Dos hombres fueron acusados ​​de asesinato y otros delitos graves por su papel en el tiroteo masivo ocurrido después de un desfile por el campeonato de los Chiefs de Kansas City l...,Sobreviviente de Kansas City recrea cómo se protegió del ataque 2:44 Dos hombres fueron acusados ​​de asesinato y otros delitos graves por su papel en el tiroteo masivo ocurrido después de un desfile por el campeonato de los Chiefs de Kansas City la...
5319,8243,1.0,"Lisa López, hija de mexicanos, murió en el tiroteo del desfile por triunfo de los Chiefs","Lisa López, hija de mexicanos, murió en el tiroteo del desfile por triunfo de los Chiefs","Lisa López-Galván, hija de mexicanos, murió por el tiroteo en el desfile por el triunfo de los Chiefs en el Super Bowl, ocurrido en Kansas City, Estados Unidos, el 14 de febrero. En la conferencia matutina del presidente López Obrador, la titular...","Lisa López-Galván, hija de mexicanos, murió por el tiroteo en el desfile por el triunfo de los Chiefs en el Super Bowl, ocurrido en Kansas City, Estados Unidos, el 14 de febrero. En la conferencia matutina del presidente López Obrador, la titular de..."
5365,7107,1.0,"Taylor Swift gives $100,000 to the family of the woman killed in the Chiefs parade shooting","Taylor Swift Gives $100,000 To The Family Of The Woman Killed In The Chiefs Parade Shooting","KANSAS CITY, Mo. (AP) — Taylor Swift donated $100,000 to the family of Lisa Lopez-Galvan, the woman killed in the shooting at the Kansas City Chiefs' Super Bowl victory parade. Two $50,000 donations were posted Friday under the singer's name on a GoF...","KANSAS CITY, Mo. (AP) — Taylor Swift donated $100,000 to the family of Lisa Lopez-Galvan, the woman killed in the shooting at the Kansas City Chiefs’ Super Bowl victory parade. Two $50,000 donations were posted Friday under the singer’s name on a GoF..."
5369,8619,0.9793,Presentan cargos contra los 2 menores detenidos tras el tiroteo en el desfile de Kansas City,Presentan cargos contra dos menores detenidos por el tiroteo durante el desfile de los Chiefs,"KANSAS CITY, Mo. -- Presentan cargos contra los dos menores en conexión con el tiroteo durante el desfile para celebrar el campeonato en el Super Bowl de los Chiefs de Kansas City, indicaron el viernes las autoridades. En un comunicado, el Tribunal ...","Kansas City. Presentan cargos contra los dos menores en conexión con el tiroteo durante el desfile para celebrar el campeonato en el Super Bowl de los Chiefs de Kansas City, indicaron el viernes las autoridades. En un comunicado, el Tribunal Familia..."
5399,7337,0.9889,"Shooting at Kansas City Chiefs Super Bowl parade is ‘depressingly American,' March for Our Lives says",No one charged yet in Kansas City Chiefs parade shooting,"Kansas City police say no one yet charged in Chiefs parade shooting Kansas City police chief Stacey Graves said Thursday that the Chiefs parade shooting in which a woman was killed began as a ""dispute"" between several individuals. (Credit: WDAF) Th...","Kansas City police say no one yet charged in Chiefs parade shooting Kansas City police chief Stacey Graves said Thursday that the Chiefs parade shooting in which a woman was killed began as a ""dispute"" between several individuals. (Credit: WDAF) No..."
5426,8391,0.9738,"Kansas City parade shooting victim remembered as ""the life of the party""","Kansas City parade shooting victim remembered as ""the life of the party"" (Video)","Kansas City parade shooting victim remembered as ""the life of the party"" Family members of Lisa Lopez-Galvan, who was killed in the Kansas City Chiefs Super Bowl parade shooting, told CBS News her death ""feels like a bad dream."" CBS News corresponde...","Kansas City parade shooting victim remembered as “the life of the party” (Video) Family members of Lisa Lopez-Galvan, who was killed in the Kansas City Chiefs Super Bowl parade shooting, told CBS News her death ""feels like a bad dream."" CBS News cor..."
5427,5635,1.0,Kansas Super Bowl Parade Shooter To Cops,"""Was Just Being Stupid"": Kansas Super Bowl Parade Shooter To Cops","The shooting took place during the victory parade that drew up to a million fans. New Delhi: One of the two accused in the Kansas City Chief’s Super Bowl victory parade shootout incident has said that he was “just being stupid”. Dominic Miller, 18,...","The shooting took place during the victory parade that drew up to a million fans. New Delhi: One of the two accused in the Kansas City Chief's Super Bowl victory parade shootout incident has said that he was ""just being stupid"". Dominic Miller, 18,..."
5508,5993,1.0,Taylor Swift dona 100 mil dólares a familia de víctima en tiroteo desfile Kansas City,Taylor Swift dona 100 mil dólares a familia de la mexicana que murió en tiroteo de Kansas,"La celebración en la ciudad de Kansas tras ganar los Chiefs el Super Bowl terminó de manera trágica con un tiroteo en el desfile que dejó una mujer fallecida y más de 20 heridos, solo unos momentos después que los jugadores festejaron en el desfile...","La celebración en la ciudad de Kansas tras ganar los Chiefs el Super Bowl terminó de manera trágica con un tiroteo en el desfile que dejó una mujer fallecida y más de 20 heridos, solo unos momentos después que los jugadores festejaron en el desfile c..."
5530,7177,0.9588,Taylor Swift doa US$ 100 mil para família de mulher morta durante ataque a tiros,Taylor Swift doa US$ 100 mil para família de mulher morta durante ataque a tiros,"Grande iniciativa Taylor Swift doa US$ 100 mil para família de mulher morta durante ataque a tiros A cantora Taylor Swift doou US$ 100 mil (cerca de R$ 497 mil) para uma campanha criada pela família de Lisa Lopez-Galvan, morta em um ataque a tiros ...","Taylor Swift doa US$ 100 mil para família de mulher morta durante ataque a tiros A cantora Taylor Swift doou US$ 100 mil (cerca de R$ 497 mil) para uma campanha criada pela família de Lisa Lopez-Galvan, morta em um ataque a tiros no desfile da vitór..."
5568,8385,1.0,Kansas City Chiefs’ Super Bowl celebration: What to know,Things to know about the shooting at the Kansas City Chiefs' Super Bowl celebration,"KANSAS CITY, Mo. — Gunfire erupted at the Kansas City Chiefs’ Super Bowl celebration Wednesday, leaving one woman dead and more than 20 people injured, including children. Shots rang out at the end of the celebration outside the city’s historic Unio...","KANSAS CITY, Mo. — Gunfire erupted at the Kansas City Chiefs' Super Bowl celebration Wednesday, leaving one woman dead and more than 20 people injured, including children. Shots rang out at the end of the celebration outside the city's historic Unio..."
5582,7896,0.9875,Chiefs Fan Who Tackled Suspected Gunman Hailed as a Hero: He 'Risked His Life',Chiefs Fan Who Tackled Suspected Gunman Hailed as a Hero: He 'Risked His Life',A football fan who observers are calling a Good Samaritan is being credited with saving lives after he tackled a suspected gunman Wednesday before police arrived at the tail end of the Kansas City Chiefs’ Super Bowl parade that turned deadly. A viral...,A football fan who observers are calling a Good Samaritan is being credited with saving lives after he tackled a suspected gunman Wednesday before police arrived at the tail end of the Kansas City Chiefs’ Super Bowl parade that turned deadly. A vira...
5688,8363,1.0,"Taylor Swift donates 100,000 dollars to family of woman killed at Chiefs’ parade","Taylor Swift donates 100,000 dollars to family of woman...","Taylor Swift donates 100,000 dollars to family of woman killed at Chiefs’ parade Taylor Swift has donated 100,000 dollars (£79,400) to a fundraiser for the family of a woman who died in the mass shooting at the Kansas City Chiefs’ Super Bowl celebra...","Taylor Swift donates 100,000 dollars to family of woman killed at Chiefs ́ parade Taylor Swift has donated 100,000 dollars (£79,400) to a fundraiser for the family of a woman who died in the mass shooting at the Kansas City Chiefs’ Super Bowl celebra..."
5709,8410,0.9576,"2 Adults Arrested, Charged With Murder In Kansas City Chiefs Super Bowl","2 Adults Arrested, Charged With Murder In Kansas City Chiefs Super Bowl Parade Shooting","Two adult males have been arrested and charged with murder in last week’s Kansas City parade shooting where one person was killed and 22 others were injured, Missouri prosecutors said on Tuesday. Each of the adults, who will not be named per Daily W...","Two adult males have been arrested and charged with murder in last week’sKansas City parade shooting where one person was killed and 22 others were injured, Missouri prosecutors said on Tuesday. Each of the adults, who will not be named per Daily Wi..."
5761,5850,0.9762,Za smrtonosnu pucnjavu na paradi Super Bowla optužena dva maloljetnika,Dva maloljetnika optužena za pucnjavu u Kansas Ctiyju: Žele ih procesuirati kao odrasle,"Dvojica maloljetnika optužena su na sudu u Kansas Cityju zbog smrtonosne pucnjave u kojem je poginula jedna, a ozlijeđeno je 22 ljudi Među ozlijeđenima u pucnjavi na proslavi Super Bowla u tom gradu je devetero djece. Jean Peters Baker, tužitelj okr...","Dvojica maloljetnika optužena su na sudu u Kansas Cityju zbog smrtonosne pucnjave u kojem je poginula jedna, a ozlijeđeno je 22 ljudi. Među ozlijeđenima u pucnjavi na proslavi Super Bowla u tom gradu je devetero djece. Jean Peters Baker, tužitelj ok..."
5806,8311,1.0,At least 8 children among 22 hit by gunfire at end of Chiefs' Super Bowl parade; 1 person killed,8 children among 22 shot at Chiefs’ Super Bowl parade; 1 person killed,"Eight children were among 22 people hit by gunfire in a shooting at the end of Wednesday's parade to celebrate the Kansas City Chiefs' Super Bowl win, authorities said, sending terrified fans running for cover as yet another high-profile public event...","Eight children were among 22 people hit by gunfire in a shooting at the end of Wednesday’s parade to celebrate the Kansas City Chiefs’ Super Bowl win, authorities said, sending terrified fans running for cover as yet another high-profile public event..."
5821,8556,0.9509,"Super Bowl parade victim was Kansas City radio DJ, her son was also shot","Super Bowl parade victim was Kansas City radio DJ, her son was also shot","Super Bowl parade victim was Kansas City radio DJ, her son was also shot February 15, 2024 at 02:07 pm WASHINGTON (Reuters) - Lisa Lopez-Galvan, the woman killed in Wednesday's mass shooting at a rally to celebrate the Kansas City Chiefs Super Bowl...","Super Bowl parade victim was Kansas City radio DJ, her son was also shot February 15, 2024 at 02:07 pm EST WASHINGTON (Reuters) - Lisa Lopez-Galvan, the woman killed in Wednesday's mass shooting at a rally to celebrate the Kansas City Chiefs Super ..."
5899,8712,0.9853,30死伤！ 百万人游行突爆恐怖枪击！ 子弹横飞民众惊慌逃命，上秒庆典下秒地狱（组图）,30死伤! 百万人游行突爆恐怖枪击! 子弹横飞 民众惊慌逃命 上秒庆典 下秒地狱,"“趴下!所有人立马趴下!” 就在北美华人忙着迎财神的初五,美国超级碗冠军大游行也在如火如荼的进行着,上百万美国人上街欢庆胜利,满大街上全是人山人海。 就在本周三下午3点30分左右,震天枪响炸开来, 这场游行突发恐怖枪击,现场顿时陷入混乱,人们仓皇逃命, 至少30人死伤!警方迅速封锁现场,地上一片狼藉! 短短几秒钟之内,一场欢欣鼓舞的游行,就成了全场恐怖蔓延。 这场大游行是为了庆祝堪萨斯市酋长队在超级碗比赛中夺冠,却没有想到, 堪萨斯市联合车站发生枪击,民众立即作鸟兽状逃跑。 上一秒还热...","本文转载自加拿大加新网(公众号ID:cacnewsca) 就在北美华人忙着迎财神的初五,美国超级碗冠军大游行也在如火如荼的进行着,上百万美国人上街欢庆胜利,满大街上全是人山人海。 就在本周三下午3点30分左右,震天枪响炸开来,这场游行突发恐怖枪击,现场顿时陷入混乱,人们仓皇逃命,至少30人死伤!警方迅速封锁现场,地上一片狼藉! 短短几秒钟之内,一场欢欣鼓舞的游行,就成了全场恐怖蔓延。 这场大游行是为了庆祝堪萨斯市酋长队在超级碗比赛中夺冠,却没有想到,堪萨斯市联合车站发生枪击,民众立即作鸟..."
5901,6901,1.0,"Shooting after Chiefs Super Bowl parade seemed to stem from dispute, police say","Chiefs parade shooting: Dispute appeared to lead to shooting, police say","KANSAS CITY, Mo. – Authorities in Kansas City said Thursday that the mass shooting that unfolded amid throngs of people at the Chiefs’ Super Bowl celebration appeared to stem from a dispute between several people. Police Chief Stacey Graves said th...","KANSAS CITY, Mo. — Authorities in Kansas City said Thursday that the mass shooting that unfolded amid throngs of people at the Chiefs’ Super Bowl celebration, appeared to stem from a dispute between several people. Police Chief Stacey Graves said th..."
5903,6052,1.0,Will Travis Kelce join Taylor Swift on Eras Tour? His dad Ed shares exciting update,Will Travis Kelce join Taylor Swift on Eras Tour? His dad Ed shares exciting update,Ever since Travis Kelce culminated his headline-making football season with a momentous Super Bowl victory – the Chiefs' second consecutive win and his third ring – fans have been itching to know if he'll use his free time to tag along on girlfriend ...,Ever since Travis Kelce culminated his headline-making football season with a momentous Super Bowl victory – the Chiefs’ second consecutive win and his third ring – fans have been itching to know if he’ll use his free time to tag along on girlfriend ...
5940,7277,1.0,Kansas City shooting: Two juveniles charged in connection to parade attack that killed one and injured 21 — THE MILLENNIAL PRESS,Kansas City shooting: Two juveniles charged in connection to parade attack that killed one and injured 21,"The juveniles, who have not been identified, were handed gun-related and resisting arrest charges on Thursday by the Office of the Juvenile Officer, according to the Circuit Court of Jackson County’s family division. The suspects are being held at a ...","The juveniles, who have not been identified, were handed gun-related and resisting arrest charges on Thursday by the Office of the Juvenile Officer, according to the Circuit Court of Jackson County's family division. The suspects are being held at a ..."
5941,6747,0.99,超級盃冠軍遊行傳槍響！釀1死逾20傷 多名兒童受害,超級盃冠軍遊行傳槍響！釀1死逾20傷 多名兒童受害│#│槍擊│堪薩斯酋長│TVBS新聞網,"美國超級盃冠軍遊行發生槍擊悲劇,14日在密蘇里州 堪薩斯市,萬人空巷的歡慶盛會突然變調,至少造成1人死亡、超過20人受傷;警方目前逮捕三名疑犯,沒有對外說明槍擊發生原因,呼籲民眾盡量提供當時畫面做為調查線索。而這起槍擊也讓美國槍枝管制問題再度浮上檯面,密蘇里州今年已經將活動維安預算提高到1百萬美金,約合台幣3140萬元,但面對槍枝氾濫,就算現場部署大批警力,還是防不勝防。 一連串巨響,在遊行人群中迴盪,有些人發現不對勁,開始往空曠處逃跑。警方趕到現場,對傷者進行緊急救護,不斷對民眾呼喊,要大家...","超級盃冠軍遊行發生槍擊悲劇,14日在密蘇里州堪薩斯市,萬人空巷的歡慶盛會突然變調,至少造成1人死亡、超過20人受傷;警方目前逮捕三名疑犯,沒有對外說明槍擊發生原因,呼籲民眾盡量提供當時畫面做為調查線索。而這起槍擊也讓美國槍枝管制問題再度浮上檯面,密蘇里州今年已經將活動維安預算提高到1百萬美金,約合台幣3140萬元,但面對槍枝氾濫,就算現場部署大批警力,還是防不勝防。 一連串巨響,在遊行人群中迴盪,有些人發現不對勁,開始往空曠處逃跑。警方趕到現場,對傷者進行緊急救護,不斷對民眾呼喊,要大家趕快離..."
5968,7524,1.0,"Taylor Swift Donates $100,000 to Family of Woman Killed at Chiefs Victory Parade","Taylor Swift Donates $100,000 to Family of Woman Killed at Chiefs V...","Taylor Swift made a major donation to the family of the woman who was killed during a shooting at the Kansas City Chiefs’ Super Bowl victory parade. 22 people, including nine children, were injured during the parade and Lisa Lopez-Galvan was killed....","Taylor Swift made a major donation to the family of the woman who was killed during a shooting at the Kansas City Chiefs’ Super Bowl victory parade. 22 people, including nine children, were injured during the parade and Lisa Lopez-Galvan was killed. ..."
5970,7905,1.0,Kansas City shooting victim Lisa Lopez-Galvan remembered as advocate for,Kansas City shooting victim Lisa Lopez-Galvan remembered as advocate for Tejano music community,"A popular DJ for a Tejano music show known for championing the form of music to others was the lone victim in the shooting after a dispute broke out as the celebration for the Kansas City Chiefs was winding down. Lisa Lopez-Galvan, 43, was shot and k...","A popular DJ for a Tejano music show known for championing the form of music to others was the lone victim in the shooting after a dispute broke out as the celebration for the Kansas City Chiefs was winding down. Lisa Lopez-Galvan, 43, was shot and ..."
5982,7525,0.9553,Kansas City tries to recover after mass shooting at Super Bowl celebration,Kansas City tries to recover after mass shooting at Super Bowl celebration,"HEATHER HOLLINGSWORTH, SCOTT McFETRIDGE and JOSH FUNK, Associated Press Feb 16, 2024 / 11:17 AM EST Feb 16, 2024 / 11:21 AM EST KANSAS CITY, Mo. (AP) — As Kansas City tries to recover after the mass shooting that turned a Super Bowl celebration in...","HEATHER HOLLINGSWORTH, SCOTT McFETRIDGE and JOSH FUNK, Associated Press Feb 16, 2024 / 11:17 AM EST Feb 16, 2024 / 11:20 AM EST KANSAS CITY, Mo. (AP) — As Kansas City tries to recover after the mass shooting that turned a Super Bowl celebration in..."
5987,7768,1.0,BREAKING: Two Men Charged With Second-Degree Murder In Connection With,BREAKING: Two Men Charged With Second-Degree Murder In Connection With Chiefs Parade Shooting,"Prosecutors in Jackson County, Missouri charged two men with second-degree murder in connection with a fatal shooting during the Kansas City Chiefs Super Bowl victory parade, according to multiple reports. According to Fox News, “Dominic M. Miller, ...","Prosecutors in Jackson County, Missouri charged two men with second-degree murder in connection with a fatal shooting during the Kansas City Chiefs Super Bowl victory parade, according to multiple reports. According to Fox News, ""Dominic M. Miller, ..."
5997,8512,1.0,超級碗勝利巡遊槍擊案 2槍手被控二級謀殺,,"美國密蘇里州堪薩斯城酋長隊上周三(14日)舉行美式足球超級碗勝利巡遊,活動後爆發嚴重槍擊,造成1人死亡,22人受傷。涉案兩名槍手周二(20日)被控二級謀殺等罪名,均須繳交100萬美元(約780萬港元)保釋金。 涉案槍手分別為18歲的米勒(Dominic M. Miller)和22歲的梅斯(Lyndell Mays),兩人各被控1項二級謀殺、2項武裝犯罪及1項非法使用武器罪。檢察官懷疑,梅斯與陌生人發生口頭爭執後首先開槍,米勒跟隨開槍,不排除未來會有更多人面臨指控。 檢察官表示,另有兩名青少年...","美國密蘇里州堪薩斯城酋長隊上周三(14日)舉行美式足球超級碗勝利巡遊,活動後爆發嚴重槍擊,造成1人死亡,22人受傷。涉案兩名槍手周二(20日)被控二級謀殺等罪名,均須繳交100萬美元(約780萬港元)保釋金。 涉案槍手分別為18歲的米勒(Dominic M. Miller)和22歲的梅斯(Lyndell Mays),兩人各被控1項二級謀殺、2項武裝犯罪及1項非法使用武器罪。檢察官懷疑,梅斯與陌生人發生口頭爭執後首先開槍,米勒跟隨開槍,不排除未來會有更多人面臨指控。 檢察官表示,另有兩名青少年疑犯..."
6013,8304,0.9613,Taylor Swift dona 100 mil dólares a la familia de la víctima del tiroteo en Kansas City,Taylor Swift dona 100 mil dólares a la familia de la víctima del tiroteo en Kansas City,"Internacional Taylor Swift dona 100 mil dólares a la familia de la víctima del tiroteo en Kansas City ""Le envío mi más sentido pésame y condolencias tras su devastadora pérdida"", dijo la cantante al dar el donativo a la familia de Lisa López Galván...","Taylor Swift dona 100 mil dólares a la familia de la víctima del tiroteo en Kansas City *""Le envío mi más sentido pésame y condolencias tras su devastadora pérdida"", dijo la cantante al dar el donativo a la familia de Lisa López Galván Espectáculos..."
6044,6978,1.0,"Kansas City police link Super Bowl rally shooting to dispute, not terror","Kansas City police link Super Bowl rally shooting to dispute, not terror","KANSAS CITY: An altercation involving several people sparked a shooting spree in Kansas City that killed one person and wounded 22 after a celebration for the city's Super Bowl-winning NFL team, authorities said on Thursday (Feb 15), adding they saw ...","KANSAS CITY: An altercation involving several people sparked a shooting spree in Kansas City that killed one person and wounded 22 after a celebration for the city's Super Bowl-winning NFL team, authorities said on Thursday (Feb 15), adding they saw..."
6083,7289,0.99,Travis Kelce ‘heartbroken’ after Kansas City Chiefs parade shooting,Travis Kelce ‘heartbroken’ after Kansas City Chiefs parade shooting,Travis Kelce is ‘heartbroken’ by a mass shooting that took place at the Kansas City Chiefs Super Bowl win parade (Picture: AP) Travis Kelce is ‘heartbroken’ after a woman was killed and many more injured in a mass shooting at a parade celebrating the...,Travis Kelce is ‘heartbroken’ by a mass shooting that took place at the Kansas City Chiefs Super Bowl win parade (Picture: AP) Travis Kelce is ‘heartbroken’ after a woman was killed and many more injured in a mass shooting at a parade celebrating th...
6149,8682,0.9657,Photos of Kansas City Parade Shooter Leaks to Public,Photos of Kansas City Parade Shooter Leaks to Public,BREAKING STORY Photos of the Kansas City shooter have been leaked to the news. Shots rang out in Kansas City during a victory parade for the Chiefs after their back-to-back Super Bowl win. RTM previously reported the tragic event resulted in 23 in...,BREAKING STORY Photos of the Kansas City shooter have been leaked to the news. Shots rang out in Kansas City during a victory parade for the Chiefs after their back-to-back Super Bowl win. RTM previously the tragic event resulted in 23 individuals...
6226,6574,1.0,Estados Unidos: habrá más masacres,Estados Unidos: habrá más masacres,"Estados Unidos es el único país del mundo donde hay más armas que ciudadanos. El reciente tiroteo en Kansas City es consecuencia de eso, pero eso no importa a los estadounidenses Por Alberto Nájar / X: @anajarnajar En la celebración participaba más...","Estados Unidos es el único país del mundo donde hay más armas que ciudadanos. El reciente tiroteo en Kansas City es consecuencia de eso, pero eso no importa a los estadounidenses Por Alberto Nájar X: @anajarnajar En la celebración participaba más d..."
6253,6855,0.987,Vigil held to remember woman killed in Chiefs Super Bowl rally shooting,Vigil held to remember woman killed in Chiefs Super Bowl rally shooting,"KANSAS CITY, Mo. — A vigil was held at Skywalk Memorial Park on Thursday evening to remember Lisa Lopez-Galvan, who lost her life in the shooting at the Chiefs Super Bowl rally. Community leaders and friends of Lopez-Galvan gathered to remember thei...","KANSAS CITY, Mo. — A vigil was held at Skywalk Memorial Park on Thursday evening to remember Lisa Lopez-Galvan, who lost her life in the shooting at the Chiefs Super Bowl rally. Community leaders and friends of Lopez-Galvan gathered to remember their..."
6261,7554,0.9961,"ÚNICA VÍCT1M4 M0RT4L DE T1R0TE0 EN KANSAS CITY ES MEXICANA, LISA LÓPEZ GALVÁN","ÚNICA VÍCT1M4 M0RT4L DE T1R0TE0 EN KANSAS CITY ES MEXICANA, LISA LÓPEZ GALVÁN","La única víct1m4 m0rt4l del tiroteo en Kansas City tras el desfile de celebración por el triunfo de los Chiefs en el Super Bowl es mexicana... Se trata de una locutora y madre de familia de nombre Lisa López Galván, a quien honramos en Sin Censura y nos solidarizamos con sus seres queridos... Descanse en paz. #sincensuratv #kansascity #tiroteo ¡Tienda en linea de Sin Censura! Gracias por su apoyo. Conviértete en miembro de este canal para disfrutar de ventajas: ¡YA CONTAMOS CON #PAYPAL PARA LAS DONACIONES! PayPal: ¡SÍGUE NUESTRA PROGRAMACIÓN EN NUESTROS CANALES DE #YOUTUBE! Youtube: ¡SÍGUENOS EN NUESTRAS REDES SOCIALES! Facebook: Twitter: Instagram:","La única víct1m4 m0rt4l del tiroteo en Kansas City tras el desfile de celebración por el triunfo de los Chiefs en el Super Bowl es mexicana... Se trata de una locutora y madre de familia de nombre Lisa López Galván, a quien honramos en Sin Censura y nos solidarizamos con sus seres queridos... Descanse en paz. #sincensuratv #kansascity #tiroteo ¡Tienda en linea de Sin Censura! Gracias por su apoyo. Conviértete en miembro de este canal para disfrutar de ventajas: ¡YA CONTAMOS CON #PAYPAL PARA LAS DONACIONES! PayPal: ¡SÍGUE NUESTRA PROGRAMACIÓN EN NUESTROS CANALES DE #YOUTUBE! Youtube: ¡SÍGUENOS EN NUESTRAS REDES SOCIALES! Facebook: Twitter: Instagram: Twitch:"
6261,7883,0.9773,"ÚNICA VÍCT1M4 M0RT4L DE T1R0TE0 EN KANSAS CITY ES MEXICANA, LISA LÓPEZ GALVÁN","ÚNICA VÍCT1M4 M0RT4L DE T1R0TE0 EN KANSAS CITY ES MEXICANA, LISA LÓPEZ GALVÁN","La única víct1m4 m0rt4l del tiroteo en Kansas City tras el desfile de celebración por el triunfo de los Chiefs en el Super Bowl es mexicana... Se trata de una locutora y madre de familia de nombre Lisa López Galván, a quien honramos en Sin Censura y nos solidarizamos con sus seres queridos... Descanse en paz. #sincensuratv #kansascity #tiroteo ¡Tienda en linea de Sin Censura! Gracias por su apoyo. Conviértete en miembro de este canal para disfrutar de ventajas: ¡YA CONTAMOS CON #PAYPAL PARA LAS DONACIONES! PayPal: ¡SÍGUE NUESTRA PROGRAMACIÓN EN NUESTROS CANALES DE #YOUTUBE! Youtube: ¡SÍGUENOS EN NUESTRAS REDES SOCIALES! Facebook: Twitter: Instagram:","La única víct1m4 m0rt4l del tiroteo en Kansas City tras el desfile de celebración por el triunfo de los Chiefs en el Super Bowl es mexicana... Se trata de una locutora y madre de familia de nombre Lisa López Galván, a quien honramos en Sin Censura y nos solidarizamos con sus seres queridos... Descanse en paz ¡Tienda en linea de Sin Censura! Gracias por su apoyo. Conviértete en miembro de este canal para disfrutar de ventajas: ¡YA CONTAMOS CON #PAYPAL PARA LAS DONACIONES! PayPal: ¡SÍGUE NUESTRA PROGRAMACIÓN EN NUESTROS CANALES DE #YOUTUBE! Youtube: ¡SÍGUENOS EN NUESTRAS REDES SOCIALES! Facebook: Twitter: Instagram:"
6264,8634,0.9846,"Metade dos feridos no tiroteio em festa do Super Bowl têm menos de 16 anos, diz polícia – Jornal Floripa – Geral","Metade dos feridos no tiroteio em festa do Super Bowl têm menos de 16 anos, diz polícia","Metade das mais de 20 pessoas feridas no tiroteio no final da comemoração do desfile do título Kansas City Chiefs do Super Bowl — a “final” do campeonato de futebol americano dos Estados Unidos, tem menos de 16 anos, disse a chefe de polícia de Kans...","Metade das mais de 20 pessoas feridas no tiroteio no final da comemoração do desfile do título Kansas City Chiefs do Super Bowl — a “final” do campeonato de futebol americano dos Estados Unidos, tem menos de 16 anos, disse a chefe de polícia de Kansa..."
6295,6916,1.0,2 Adults Charged With Murder in Kansas City Shooting,2 Adults Charged With Murder in Kansas City Shooting,Authorities in Kansas City say two adults have been charged with second-degree felony murder in connection with the mass shooting during the Chiefs' Super Bowl victory celebration—including the man who allegedly fired the shot that killed Lisa Lopez-...,Authorities in Kansas City say two adults have been charged with second-degree felony murder in connection with the mass shooting during the Chiefs' Super Bowl victory celebration—including the man who allegedly fired the shot that killed Lisa Lopez...
6297,7521,0.9819,Kansas Police Say Mother Of Two Dies In Shootings At Super Bowl Celebration,Worthynews:kansas Police Say Mother Of Two Dies In Shootings At Super Bowl Celebration,"By Stefan J. Bos, Chief International Correspondent Worthy News KANSAS CITY ( Worthy News) – Police say a mother of two has died after a historic railway station on the edge of downtown Kansas City became the latest backdrop for a mass shooting as g...","By Stefan J. Bos, Chief International Correspondent Worthy News KANSAS CITY (Worthy News) – Police say a mother of two has died after a historic railway station on the edge of downtown Kansas City became the latest backdrop for a mass shooting as gun..."
6301,6877,0.9559,Singer Taylor Swift donates $100k to family of woman who was fatally shot during Kansas City Chiefs Super Bowl parade,Singer Taylor Swift donates $100k to family of woman who was fatally shot during Kansas City Chiefs Super Bowl parade,"American singer, Taylor Swift has donated $100,000 to the family of a mom who was killed in a Kansas City Chiefs parade this week. Mom-of-two and radio DJ Lisa Lopez-Galvan was shot during a parade for the Super Bowl on Wednesday, February 14, celeb...","American singer, Taylor Swift has donated $100,000 to the family of a mom who was killed in a Kansas City Chiefs parade this week.Mom-of-two and radio DJ Lisa Lopez-Galvan was shot during a parade for the Super Bowl on Wednesday, February 14, celebra..."
6360,8349,1.0,,Radio host confirmed killed in Kansas City shooting,"Authorities in Kansas City confirmed that DJ Lisa Lopez-Galvan, a host at local radio station KKFI and mother of two children, was killed in Wednesday's shooting after the celebration of the Kansas City Chiefs' Super Bowl win.","Authorities in Kansas City confirmed that DJ Lisa Lopez-Galvan, a host at local radio station KKFI and mother of two children, was killed in Wednesday’s shooting after the celebration of the Kansas City Chiefs’ Super Bowl win. |"
6361,8191,1.0,Mother dies in Super Bowl parade shooting,Mother dies in Super Bowl parade shooting,"A mother of two from Johnson County, Kansas, was killed in a shooting at the end of the Kansas City Chiefs’ Super Bowl parade on Wednesday. • Read also: At least 1 dead, 21 injured by gunshot during Chiefs parade Authorities have so far only confir...","A mother of two from Johnson County, Kansas, was killed in a shooting at the end of the Kansas City Chiefs' Super Bowl parade on Wednesday. • Read also: At least 1 dead, 21 injured by gunshot during Chiefs parade Authorities have so far only confir..."
6392,7125,0.9724,1 killed at Chiefs parade capturing; Russia is creating a space-based nuclear system,1 killed at Chiefs parade shooting; Russia is developing a space-based nuclear device,"Good morning. You’re studying the Up First publication. Subscribe right here to get it delivered to your inbox, and listen to the Up First podcast for all of the information that you must begin your day. Today’s high tales A lady was killed, and no...","Good morning. You’re studying the Up First publication. Subscribe right here to get it delivered to your inbox, and listen to the Up First podcast for all of the information it’s good to begin your day. Today’s high tales A lady was killed, and at ..."
6433,6807,1.0,Kansas City Shooting Highlights Missouri’s Pro-Gun Laws in “Pro-Life” State,"""It is Absolutely the Guns"": Brittney Packnett Cunningham on U.S. Gun Violence & Kansas City Mass Shooting","In the first 46 days of 2024, there have been 49 mass shootings in the United States — nearly one per day. In total, almost 5,000 people have died from gun violence this year, including Elizabeth ""Lisa"" Lopez-Galvan, a radio host and mother of two wh...","In the first 46 days of 2024, there have been 49 mass shootings in the United States — nearly one per day. In total, almost 5,000 people have died from gun violence this year, including Elizabeth “Lisa” Lopez-Galvan, a radio host and mother of two wh..."
6458,7078,0.9761,GoFundMe Started On Behalf Of Kansas City Chiefs Parade Shooting Suspect Removed Following Murder Ch,Gofundme Started On Behalf Of Kansas City Chiefs Parade Shooting Suspect Removed Following Murder Charge,Lyndell Mays GoFundMe Started On Behalf Of Kansas City Chiefs Parade Shooting Suspect Removed Following Murder Charge One of the individuals allegedly responsible for the fatal Kansas City shooting will seemingly not be allowed to use GoFundMe to a...,GoFundMe Started On Behalf Of Kansas City Chiefs Parade Shooting Suspect Removed Following Murder Charge One of the individuals allegedly responsible for the fatal Kansas City shooting will seemingly not be allowed to use GoFundMe to assist with his...
6510,7115,0.9899,Accusations de meurtre déposées lors d’un rassemblement de coups de feu des Chiefs,2 hommes sont accusés de meurtre lors de la fusillade mortelle lors de la célébration du Super Bowl à Kansas City,"KANSAS CITY, Missouri — Deux hommes accusés de meurtre lors de la fusillade de la semaine dernière après le défilé du Super Bowl des Chiefs de Kansas City étaient des inconnus qui ont sorti des armes et ont commencé à tirer quelques secondes après le...","- KANSAS CITY, Missouri. – Deux hommes accusés de meurtre lors de la fusillade de la semaine dernière après le défilé du Super Bowl des Chiefs de Kansas City étaient des inconnus qui ont sorti des armes et ont commencé à tirer quelques secondes après..."
6593,7810,0.987,Shooting at SB parade in KC,Shooting at SB parade in KC,Originally Posted by pavyracer This is the first guy Lyndell Mays: This is the other guy Dominic M. Miller. Can barely see at the bottom of pile wearing black hoodie. It was known since Wednesday they were black. I'm just quoting your post that two j...,Originally Posted by lakerboy Both blacks. This is the first guy Lyndell Mays: This is the other guy Dominic M. Miller. Can barely see at the bottom of pile wearing black hoodie. It was known since Wednesday they were black.
6624,8020,0.9503,Mexicana murió tras tiroteo en Kansas City; hay un niño mexicano entre heridos,Aún no se sabe si hay más mexicanos entre 21 heridos por tiroteo en Kansas City: SRE,"Aún no se ha determinado si entre los heridos por el tiroteoKansas City,Estados Unidos, hay más mexicanos, detalló la canciller Alicia Bárcena. “Hay 21 heridos, no sabemos aún si también hay otros mexicanos, no nos han dado los nombres de quiénes es...","Aún no se ha determinado si entre los heridos por el tiroteo en Kansas City, en Estados Unidos, hay más mexicanos, detalló la canciller Alicia Bárcena. “Hay 21 heridos, no sabemos aún si también hay otros mexicanos, no nos han dado los nombres de..."
6663,8694,1.0,"Dispute may have led to mass shooting after Chiefs' Super Bowl parade in Kansas, police say",Kansas City shooting: Police investigate dispute as possible motive for shooting at Super Bowl parade,"KANSAS CITY: The mass shooting that unfolded amid throngs of people at the Kansas City Chiefs’ Super Bowl celebration, killing one person and wounding almost two dozen others, appeared to stem from a dispute between several people, authorities said T...","Kansas City: The mass shooting that unfolded amid throngs of people at the Kansas City Chiefs’ Super Bowl celebration, killing one person and wounding almost two dozen others, appeared to stem from a dispute between several people, authorities said. ..."
6746,7006,0.9799,Taylor Swift dona 100 mil dólares a familia de mexicana muerta en tiroteo de Kansas City,"Taylor Swift dona 100 mil dólares a familia de Lisa López-Galván, mexicana asesinada en Kansas City","Taylor Swift donó un total de 100 mil dólares a la familia de Lisa López-Galván, aficionada mexicana que mataron en el desfile de los Kansas City Chiefs. Lo hizo a través de una campaña de GoFundMe donde el objetivo era recaudar 75 mil dólares para c...","Sopitas.- Taylor Swift donó un total de 100 mil dólares a la familia de Lisa López-Galván, aficionada mexicana que mataron en el desfile de los Kansas City Chiefs. Lo hizo a través de una campaña de GoFundMe donde el objetivo era recaudar 75 mil dól..."
6755,8600,1.0,Two men charged with murder for deadly Kansas Super Bowl shooting,Two men charged with murder for deadly Kansas Super Bowl shooting | News,Dominic Miller and Lyndell Mays face charges of second-degree murder in the shooting that left one person dead and more than 20 injured. Two men in the United States have been charged with murder for a gunfight on the fringe of a Super Bowl victory r...,Dominic Miller and Lyndell Mays face charges of second-degree murder in the shooting that left one person dead and more than 20 injured. Two men in the United States have been charged with murder for a gunfight on the fringe of a Super Bowl victory ...
6762,8255,0.9728,Live: Kansas City mayor to provide update on parade shooting,Kansas City mayor to provide update on parade shooting,(NewsNation) — Kansas City Mayor Quinton Lucas will hold a news conference Thursday morning to provide an update on the investigation into Wednesday’s shooting that left a person dead and nearly two dozen hurt at the Chiefs Super Bowl parade. At lea...,( NewsNation) — Kansas City Mayor Quinton Lucas will hold a news conference Thursday morning to provide an update on the investigation into Wednesday’s shooting that left a person dead and nearly two dozen hurt at the Chiefs Super Bowl parade. At le...
6824,8617,1.0,2 Adult Men Charged in the Kansas City Chief's Parade Shooting,2 Adult Men Charged in the Kansas City Chief’s Parade Shooting,"A shooting at the Kansas City Chiefs game last week left 22 wounded and one woman, Lisa Lopez-Galvan, dead. The two minors arrested in the immediate aftermath of the shooting are held on gun charges, but the killers are two adults. Both Lyndell Mays...","A shooting at the Kansas City Chiefs game last week left 22 wounded and one woman, Lisa Lopez-Galvan, dead. The two minors arrested in the immediate aftermath of the shooting are held on gun charges, but the killers are two adults. Both Lyndell Mays ..."
6898,7734,1.0,Deadly Chiefs Super Bowl parade shooting: What we know,Deadly Chiefs Super Bowl parade shooting: What we know,"Lisa Lopez-Galvan, a mother of two, has been identified as the person killed in the shooting after the Kansas City Chiefs' Super Bowl parade on Wednesday. Kansas City radio station KKFI, where Lopez-Galvan worked as a DJ, announced her death on Faceb...","Lisa Lopez-Galvan, a mother of two, has been identified as the person killed in the shooting after the Kansas City Chiefs’ Super Bowl parade on Wednesday. Kansas City radio station KKFI, where Lopez-Galvan worked as a DJ, announced her death on Faceb..."
6906,8395,1.0,At least 8 children among 22 hit by gunfire at end of Chiefs' Super Bowl parade; 1 person killed,22 people hit by gunfire at end of Chiefs’ Super Bowl parade,"KANSAS CITY, Mo. — Eight children were among 22 people hit by gunfire in a shooting at the end of Wednesday's parade to celebrate the Kansas City Chiefs' Super Bowl win, authorities said, sending terrified fans running for cover as yet another high-p...","KANSAS CITY, Mo. — Eight children were among 22 people hit by gunfire in a shooting at the end of Wednesday’s parade to celebrate the Kansas City Chiefs’ Super Bowl win, authorities said, sending terrified fans running for cover as yet another high-p..."
6924,8166,1.0,Taylor Swift Donates $100k to Lisa Lopez-Galvan’s family,Taylor Swift Donates $100k to Lisa Lopez-Galvan’s family,it's not us who make it political,Why do you have to make this political?
6930,7191,1.0,Man Recalls Tackling Suspected Kansas City Shooter (Exclusive),Man Who Tackled Suspected Kansas City Shooter Recalls 'Very Crazy Five Minutes' of His Life (Exclusive),"A man who tackled the suspected shooter in Wednesday’s mass shooting in Kansas City is speaking out. Trey Filter and his wife, Casey, who helped secure the gun after the alleged gunman was taken to the ground, described to ET the chaos that ensued mo...","A man who tackled the suspected shooter in Wednesday's mass shooting in Kansas City is speaking out. Trey Filter and his wife, Casey, who helped secure the gun after the alleged gunman was taken to the ground, described to ET the chaos that ensued mo..."
7065,7782,1.0,‘Are my friends dead or not?’ Witnesses describe scenes of panic at deadly Kansas city shooting,‘Are my friends dead or not?’ Witnesses describe scenes of panic at deadly Kansas City shooting,‘Are my friends dead or not?’ Witnesses describe scenes of panic at deadly Kansas city shooting Fans said they were almost trampled...,‘Are my friends dead or not?’ Witnesses describe scenes of panic at deadly Kansas City shooting Fans said they were almost trampled...
7106,7293,0.962,Flags to fly at half-staff to honor victims of Kansas City Chiefs Super Bowl rally shooting,Flags to fly at half-staff to honor victims of Kansas City Chiefs Parade shooting,"TOPEKA, Kan. ( KSNT) – Kansas Governor Laura Kelly is directing flags to be flown at half-staff this weekend out of respect for those who were injured or killed in the Kansas City Chiefs Parade shooting. Kelly’s order came in a press release on Tues...",TOPEKA ( KSNT) – Kansas Governor Laura Kelly is directing flags to be flown at half-staff this weekend out of respect for those who were injured or killed in the Kansas City Chiefs Parade shooting. Kelly’s order came in a press release from the Offi...
7204,8240,1.0,Taylor Swift Donates $100k to Lisa Lopez-Galvan’s family,"Taylor Swift Donates $100K to the GoFundMe for Lisa Lopez-Galvan, who was killed tragically after the Chiefs Celebration Parade",![gif](giphy|l1KXpTk4wEr4wlpVS|downsized),![gif](giphy|rh5OXIeA8kOMAyW8Uf|downsized)
7235,8359,0.9829,Taylor Swift Mendermakan $100.000 untuk Keluarga Korban Tembakan Parade Kemenangan Super Bowl Kansas City Chiefs – SOUTHEAST ASIA TRIBUNE,Taylor Swift Mendermakan $100.000 untuk Keluarga Korban Tembakan Parade Kemenangan Super Bowl Kansas City Chiefs – Indonesia News Zone,"Taylor Swift telah mendonasikan $100.000 untuk keluarga wanita yang tewas ditembak di parade kemenangan Kansas City Chiefs pada Rabu, perwakilan penyanyi pop itu memberitahu . Jumat pagi, dua donasi sebesar $50.000 atas nama penyanyi itu muncul di h...","(SeaPRwire) – Taylor Swift telah mendonasikan $100.000 untuk keluarga wanita yang tewas ditembak di parade kemenangan Kansas City Chiefs pada Rabu, perwakilan penyanyi pop itu memberitahu . Jumat pagi, dua donasi sebesar $50.000 atas nama penyanyi i..."
7403,8060,0.9568,What's the latest in the investigation of the shooting at the Kansas City Chiefs' Super Bowl parade?,Things to know about the shooting at the Kansas City Chiefs' Super Bowl celebration,"By The Associated Press on February 20, 2024. Law enforcement personnel investigate following a shooting at the Kansas City Chiefs NFL football Super Bowl celebration in Kansas City, Mo., Wednesday, Feb. 14, 2024. Multiple people were injured, a fir...","By The Associated Press on February 15, 2024. Law enforcement personnel investigate following a shooting at the Kansas City Chiefs NFL football Super Bowl celebration in Kansas City, Mo., Wednesday, Feb. 14, 2024. Multiple people were injured, a fir..."
7420,8411,0.9547,"Taylor Swift Gives $100,000 To The Family Of The Woman Killed In The Chiefs Parade Shooting","Taylor Swift donates $100,000 US to family of woman killed in Kansas City parade shooting","Taylor Swift donated $100,000 to the family of Lisa Lopez-Galvan, the woman killed in the shooting at the Kansas City Chiefs’ Super Bowl victory parade.","Taylor Swift donated $100,000 US to the family of Lisa Lopez-Galvan, the woman killed in the shooting at Kansas City's Super Bowl victory parade."
7662,8673,0.972,Travis Kelce lunches at his favorite Kansas City restaurant ahead of potential reunion with Taylor Swift in Australia after teasing he would 'venture to an island real soon' and pre-recording next week's podcast,EXCLUSIVE: Travis Kelce eats lunch at his favorite Kansas City restaurant before possible reunion with Taylor | Daily Mail,"Travis Kelce hinted he could join his girlfriend Taylor Swift in Australia He has been seen driving his Rolls Royce around Kansas City and stopping at his favorite restaurant Kelce donated $100,000 to victims of the recent mass shooting through his c...","Travis Kelce hinted he might join girlfriend Taylor Swift in Australia He was seen driving his Rolls Royce around Kansas City and stopping at his favorite restaurant Kelce donated $100,000 to victims of the recent mass shooting through his charity, w..."
7692,7890,1.0,Acusan de asesinato a dos hombres por tiroteo en celebración Super Bowl en Kansas City,Dos hombres fueron acusados de asesinato tras el tiroteo mortal en la celebración del Super Bowl de Kansas City,"Dos hombres fueron acusados de asesinato en el tiroteo de la semana pasada que mató a una persona e hirió a otras 22 después del desfile del Super Bowl de los Kansas City Chiefs, dijeron fiscales de Missouri el martes. Dominic Miller y Lyndell Mays ...","Dos hombres fueron acusados de asesinato en el tiroteo de la semana pasada que mató a una persona e hirió a otras 22 después del desfile del Super Bowl de los Kansas City Chiefs, dijeron fiscales de Missouri el martes. Dominic Miller y Lyndell Mays..."
7787,8467,0.9564,"EXCLUSIVELyndell Mays is pictured for first time since being charged with murder over Kansas City Chiefs Super Bowl parade shooting, as it’s revealed mother set up GOFUNDME for him",Family of Kansas City parade murder suspect set up GOFUNDME for him,"The mother of a man charged with murder over the Kansas City Super Bowl parade shooting set has up a GoFundMe for him – as his sister insists he’s not a monster. Teneal Burnside set up the cash appeal for her alleged killer son Lyndell Mays, 23, com...","The mother of a man charged with murder over the City Super Bowl parade shooting set has up a GoFundMe for him - as his sister insists he's not a monster. Teneal Burnside set up the cash appeal for her alleged killer son Lyndell Mays, 23, complete wi..."
7957,8453,0.9867,Τέιλορ Σουίφτ: 100.000 δολάρια για θύμα του Super Bowl,Τέιλορ Σουίφτ: 100.000 δολάρια για θύμα Super Bowl,"100.000 δολάρια δώρισε η Τέιλορ Σουίφτ στην οικογένεια της Λίζα Λόπεζ-Γκάλβαν, της μητέρας δύο παιδιών που σκοτώθηκε κατά τη διάρκεια των μαζικών πυροβολισμών της Τετάρτης 14 Φεβρουαρίου, στην παρέλαση των Kansas City Chiefs για τη νίκη στο Super ...","100.000 δολάρια δώρισε η Τέιλορ Σουίφτ στην οικογένεια της Λίζα Λόπεζ-Γκάλβαν, της μητέρας δύο παιδιών που σκοτώθηκε κατά τη διάρκεια των μαζικών πυροβολισμών της Τετάρτης 14 Φεβρουαρίου, στην παρέλαση των Kansas City Chiefs για τη νίκη στο Super Bow..."
8009,8151,0.9884,Chiefs' Super Bowl parade shooting not terrorist attack: police,Chiefs’ Super Bowl parade shooting not terrorist attack: police,"The Wednesday shooting at the Kansas City Chiefs Super Bowl parade that left one dead and at least 21 injured began as a personal dispute, according to a statement from Kansas City Police Chief Stacey Graves. Graves spoke Wednesday afternoon about th...","The Wednesday shooting at the Kansas City Chiefs Super Bowl parade that left one dead and at least 21 injured began as a personal dispute, according to a statement from Kansas City Police Chief Stacey Graves. Graves spoke Wednesday afternoon about t..."
8041,8749,0.993,Zidentyfikowano ofiarę strzelaniny podczas Super Bowl. To znana radiowa dziennikarka radiowa Lisa Lopez-Galvan - WIDEO,Zidentyfikowano ofiarę strzelaniny podczas Super Bowl. To znana radiowa dziennikarka radiowa Lisa Lopez-Galvan - WIDEO,Inne dyscypliny Zidentyfikowano ofiarę strzelaniny podczas Super Bowl. To znana... Zidentyfikowano ofiarę strzelaniny podczas Super Bowl. To znana radiowa dziennikarka radiowa Lisa Lopez-Galvan - WIDEO Damian Świderski W trakcie zwycięskiej parady k...,Polska i Świat Zidentyfikowano ofiarę strzelaniny podczas Super Bowl. To znana... Zidentyfikowano ofiarę strzelaniny podczas Super Bowl. To znana radiowa dziennikarka radiowa Lisa Lopez-Galvan - WIDEO Damian Świderski W trakcie zwycięskiej parady ki...
8056,8326,1.0,Chiefs parade victim Lisa Lopez-Galvan will be laid to rest in a Harrison Butker jersey,Chiefs parade victim Lisa Lopez-Galvan will be laid to rest in a Harrison Butker jersey,"Lisa Lopez-Galvan, the woman who was killed when gunfire broke out at the Chiefs' Super Bowl parade in Kansas City, will be laid to rest wearing the jersey of her favorite player, kicker Harrison Butker. Lopez-Galvan was wearing a white Butker jerse...","Lisa Lopez-Galvan, the woman who was killed when gunfire broke out at the Chiefs’ Super Bowl parade in Kansas City, will be laid to rest wearing the jersey of her favorite player, kicker Harrison Butker. Lopez-Galvan was wearing a white Butker jerse..."
8141,8733,1.0,"Una mexicana, la fallecida en tiroteo durante desfile por triunfo de los Jefes de Kasas City","Una mexicana, la fallecida en tiroteo durante desfile por triunfo de los Jefes de Kasas City","Lisa López Galván, quien radicaba en la ciudad de Kansas, tenía 44 años y era una conocida DJ en la emisora radial KKFI 90.1 donde promovía la música “Tex-Mex” Autoridades de Kansas City confirmaron la muerte de una persona por una balacera provocad...","Lisa López Galván, quien radicaba en la ciudad de Kansas, tenía 44 años y era una conocida DJ en la emisora radial KKFI 90. 1 donde promovía la música “Tex-Mex” Autoridades de Kansas City confirmaron la muerte de una persona por una balacera provocad..."
8380,8460,1.0,Lisa Lopez Galvan | All news about the person,,Lisa Lopez Galvan,R.i.p. lisa lopez-galvan.
